Timestamp,MQ2,MQ3,MQ135,Temperature,Humidity
2026-03-29 18:17:09,51,1937,0,28.90,74.80
2026-03-29 18:17:14,25,1934,15,28.90,74.50
2026-03-29 18:17:19,56,1918,144,28.90,74.50
2026-03-29 18:17:24,77,1921,42,28.90,74.70
2026-03-29 18:17:29,65,1909,53,28.90,74.60
2026-03-29 18:17:34,59,1890,57,28.90,74.60
2026-03-29 18:17:39,76,1879,65,28.80,74.70
2026-03-29 18:17:44,65,1882,62,28.90,74.90
2026-03-29 18:17:49,65,1872,50,28.90,74.70
2026-03-29 18:17:54,69,1881,42,28.90,74.90
2026-03-29 18:17:59,62,1851,48,28.90,74.90
2026-03-29 18:18:06,69,1854,59,28.90,74.90
2026-03-29 18:18:12,65,1857,41,28.90,74.70
2026-03-29 18:18:17,74,1843,62,28.90,74.80
2026-03-29 18:18:22,64,1840,62,28.90,74.80
2026-03-29 18:18:27,64,1821,51,28.90,74.90
2026-03-29 18:18:32,57,1818,61,28.90,74.90
2026-03-29 18:18:37,70,1827,64,28.90,75.20
2026-03-29 18:18:42,71,1815,37,28.90,74.80
2026-03-29 18:18:47,77,1798,46,28.90,74.60
2026-03-29 18:18:52,73,1783,46,28.90,74.70
2026-03-29 18:18:57,64,1787,55,28.90,74.70
2026-03-29 18:19:02,48,1802,50,28.90,74.70
2026-03-29 18:19:07,64,1783,48,28.90,74.70
2026-03-29 18:19:12,63,1771,57,28.90,74.60
2026-03-29 18:19:17,62,1775,47,28.90,74.60
2026-03-29 18:19:22,65,1759,54,28.90,74.60
2026-03-29 18:19:27,51,1763,51,28.90,74.80
2026-03-29 18:19:37,55,1734,48,28.90,74.70
2026-03-29 18:19:42,67,1745,57,28.90,74.80
2026-03-29 18:19:47,57,1741,47,28.90,75.00
2026-03-29 18:19:52,57,1733,58,28.80,75.00
2026-03-29 18:19:57,57,1737,48,28.90,74.80
2026-03-29 18:20:02,51,1727,48,28.80,74.80
2026-03-29 18:20:07,52,1700,59,28.80,74.80
2026-03-29 18:20:12,58,1701,57,28.80,74.80
2026-03-29 18:20:17,68,1687,45,28.80,74.70
2026-03-29 18:20:22,70,1689,60,28.80,74.60
2026-03-29 18:20:27,51,1691,52,28.90,74.60
2026-03-29 18:20:32,48,1703,49,28.80,74.70
2026-03-29 18:20:37,67,1680,53,28.80,74.60
2026-03-29 18:20:42,69,1680,60,28.80,74.70
2026-03-29 18:20:47,69,1678,49,28.80,74.60
2026-03-29 18:20:52,66,1680,48,28.80,74.60
2026-03-29 18:20:57,67,1680,48,28.80,74.60
2026-03-29 18:21:02,23,1669,63,28.70,74.70
2026-03-29 18:21:07,64,1651,45,28.80,74.70
2026-03-29 18:21:12,68,1659,54,28.70,74.80
2026-03-29 18:21:17,64,1655,16,28.80,74.90
2026-03-29 18:21:22,47,1639,44,28.70,74.90
2026-03-29 18:21:27,65,1641,54,28.70,75.00
2026-03-29 18:21:32,78,1661,51,28.70,74.80
2026-03-29 18:25:23,67,1392,7,28.60,76.20
2026-03-29 18:25:28,80,1388,1,28.60,76.00
2026-03-29 18:25:33,66,1378,15,28.60,76.00
2026-03-29 18:25:38,52,1375,2,28.60,75.90
2026-03-29 18:25:43,58,1372,19,28.60,75.90
2026-03-29 18:25:48,75,1363,15,28.60,75.80
2026-03-29 18:25:53,69,1343,0,28.60,75.70
2026-03-29 18:25:58,64,1375,3,28.60,75.90
2026-03-29 18:26:03,58,1373,12,28.60,75.90
2026-03-29 18:26:08,81,1365,16,28.60,75.80
2026-03-29 18:26:13,57,1357,13,28.60,75.90
2026-03-29 18:26:18,60,1329,4,28.60,76.00
2026-03-29 18:26:23,77,1347,8,28.60,76.40
2026-03-29 18:26:28,79,1359,16,28.60,76.50
2026-03-29 18:26:33,63,1344,13,28.60,76.50
2026-03-29 18:26:38,69,1365,1,28.60,77.30
2026-03-29 18:26:43,67,1359,13,28.70,77.50
2026-03-29 18:26:48,76,1373,0,28.70,76.60
2026-03-29 18:26:53,80,1360,13,28.70,76.00
2026-03-29 18:26:58,71,1359,1,28.70,75.50
2026-03-29 18:27:03,67,1362,12,28.70,75.10
2026-03-29 18:27:08,64,1354,5,28.70,75.20
2026-03-29 18:27:13,76,1350,3,28.70,74.90
2026-03-29 18:27:18,57,1331,1,28.80,74.80
2026-03-29 18:27:23,75,1349,0,28.80,74.70
2026-03-29 18:27:28,53,1360,16,28.80,74.80
2026-03-29 18:27:33,70,1370,5,28.70,74.70
2026-03-29 18:27:39,81,1343,1,28.80,74.60
2026-03-29 18:27:44,66,1343,0,28.80,74.80
2026-03-29 18:27:49,77,1340,16,28.80,74.70
2026-03-29 18:27:54,72,1335,14,28.80,74.60
2026-03-29 18:27:59,77,1310,15,28.80,74.60
2026-03-29 18:28:04,74,1312,3,28.70,74.70
2026-03-29 18:28:09,76,1360,21,28.70,74.60
2026-03-29 18:28:14,77,1351,7,28.70,74.70
2026-03-29 18:28:19,49,1350,11,28.70,74.70
2026-03-29 18:28:24,80,1323,6,28.70,74.70
2026-03-29 18:28:29,71,1351,9,28.80,74.70
2026-03-29 18:28:34,64,1315,11,28.80,74.60
2026-03-29 18:28:39,66,1325,16,28.70,74.70
2026-03-29 18:28:44,64,1344,7,28.70,74.70
2026-03-29 18:28:49,65,1343,3,28.70,74.80
2026-03-29 18:28:54,70,1344,0,28.70,74.80
2026-03-29 18:28:59,65,1332,0,28.70,74.70
2026-03-29 18:29:04,64,1323,16,28.70,74.80
2026-03-29 18:29:09,75,1333,16,28.70,74.90
2026-03-29 18:29:14,49,1318,1,28.70,74.90
2026-03-29 18:29:19,54,1313,16,28.70,74.90
2026-03-29 18:29:24,52,1311,0,28.70,74.90
2026-03-29 18:29:29,65,1329,0,28.70,74.90
2026-03-29 18:29:34,61,1307,14,28.70,74.90
2026-03-29 18:29:39,77,1306,14,28.70,74.90
2026-03-29 18:29:44,47,1309,0,28.70,75.00
2026-03-29 18:29:49,60,1311,12,28.70,75.00
2026-03-29 18:29:54,48,1293,13,28.70,74.90
2026-03-29 18:29:59,73,1294,34,28.70,75.00
2026-03-29 18:30:04,60,1285,0,28.70,75.10
2026-03-29 18:30:09,64,1279,10,28.70,75.00
2026-03-29 18:30:14,74,1300,0,28.70,75.00
2026-03-29 18:30:19,71,1282,14,28.70,75.20
2026-03-29 18:30:24,65,1291,15,28.70,75.00
2026-03-29 18:30:29,68,1298,10,28.70,75.00
2026-03-29 18:30:34,65,1295,0,28.60,75.00
2026-03-29 18:30:39,65,1287,11,28.70,75.10
2026-03-29 18:30:44,67,1287,9,28.70,75.10
2026-03-29 18:30:49,67,1296,16,28.70,75.10
2026-03-29 18:30:54,86,1281,5,28.70,75.20
2026-03-29 18:30:59,59,1269,0,28.70,75.20
2026-03-29 18:31:04,64,1295,13,28.60,75.20
2026-03-29 18:31:09,76,1290,0,28.60,75.30
2026-03-29 18:31:14,69,1296,0,28.60,75.10
2026-03-29 18:31:19,76,1303,4,28.60,75.40
2026-03-29 18:31:24,64,1280,13,28.60,75.20
2026-03-29 18:31:29,51,1264,5,28.60,75.40
2026-03-29 18:31:34,63,1264,18,28.60,75.20
2026-03-29 18:31:39,69,1280,0,28.60,75.20
2026-03-29 18:31:44,61,1282,16,28.60,75.30
2026-03-29 18:31:49,77,1299,1,28.60,75.20
2026-03-29 18:31:54,75,1283,0,28.60,75.40
2026-03-29 18:31:59,64,1296,1,28.60,75.40
2026-03-29 18:32:04,64,1264,0,28.60,75.30
2026-03-29 18:32:09,64,1275,1,28.60,75.40
2026-03-29 18:32:14,123,1264,15,28.60,75.50
2026-03-29 18:32:19,66,1259,16,28.60,75.30
2026-03-29 18:32:24,78,1289,15,28.60,75.30
2026-03-29 18:32:31,77,1264,7,28.60,75.50
2026-03-29 18:32:36,60,1247,23,28.60,75.40
2026-03-29 18:32:41,73,1264,1,28.60,75.30
2026-03-29 18:32:46,112,1264,5,28.60,75.30
2026-03-29 18:32:51,67,1264,3,28.60,75.40
2026-03-29 18:32:56,65,1262,0,28.60,75.50
2026-03-29 18:33:01,67,1241,0,28.60,75.50
2026-03-29 18:33:06,52,1251,16,28.60,75.40
2026-03-29 18:33:11,59,1234,16,28.60,75.30
2026-03-29 18:33:16,64,1244,0,28.60,75.60
2026-03-29 18:33:21,48,1265,7,28.60,75.50
2026-03-29 18:33:26,66,1244,0,28.60,75.40
2026-03-29 18:33:31,78,1237,0,28.60,75.50
2026-03-29 18:33:41,53,1232,18,28.60,75.50
2026-03-29 18:33:46,53,1235,3,28.60,75.60
2026-03-29 18:33:51,60,1233,11,28.50,75.50
2026-03-29 18:33:56,59,1229,0,28.60,75.50
2026-03-29 18:34:01,61,1221,11,28.60,75.50
2026-03-29 18:34:06,60,1235,2,28.60,75.60
2026-03-29 18:34:11,69,1245,0,28.60,75.60
2026-03-29 18:34:16,64,1189,0,28.60,75.50
2026-03-29 18:34:21,65,1212,5,28.60,75.60
2026-03-29 18:34:26,61,1232,0,28.60,75.50
2026-03-29 18:34:31,67,1225,0,28.60,75.60
2026-03-29 18:34:36,71,1233,9,28.60,75.80
2026-03-29 18:34:41,70,1249,16,28.60,75.70
2026-03-29 18:34:46,53,1232,12,28.60,75.60
2026-03-29 18:34:51,70,1230,3,28.60,75.60
2026-03-29 18:34:56,78,1219,7,28.60,75.60
2026-03-29 18:35:01,64,1215,0,28.60,75.60
2026-03-29 18:35:06,64,1211,1,28.50,75.50
2026-03-29 18:35:11,59,1235,10,28.60,75.50
2026-03-29 18:35:16,69,1195,16,28.60,75.60
2026-03-29 18:35:21,59,1187,7,28.60,75.80
2026-03-29 18:35:26,57,1223,10,28.50,75.70
2026-03-29 18:35:31,70,1207,12,28.60,75.70
2026-03-29 18:35:36,64,1200,0,28.60,75.60
2026-03-29 18:35:43,57,1200,15,28.50,75.60
2026-03-29 18:35:48,54,1193,2,28.50,75.60
2026-03-29 18:35:53,65,1186,6,28.60,75.60
2026-03-29 18:35:58,65,1213,0,28.50,75.40
2026-03-29 18:36:03,62,1195,10,28.50,75.50
2026-03-29 18:36:08,59,1206,0,28.50,75.60
2026-03-29 18:36:13,65,1205,7,28.50,75.60
2026-03-29 18:36:18,22,1196,0,28.50,75.60
2026-03-29 18:36:23,72,1210,4,28.50,75.40
2026-03-29 18:36:28,64,1207,6,28.50,75.70
2026-03-29 18:36:33,56,1184,0,28.50,75.70
2026-03-29 18:36:38,58,1189,6,28.50,75.60
2026-03-29 18:36:43,65,1192,0,28.50,76.50
2026-03-29 18:36:48,66,1171,14,28.50,77.10
2026-03-29 18:36:53,64,1205,6,28.60,76.40
2026-03-29 18:36:58,76,1196,4,28.60,76.20
2026-03-29 18:37:03,80,1210,7,28.60,76.00
2026-03-29 18:37:08,74,1199,3,28.60,76.80
2026-03-29 18:37:13,65,1191,0,28.60,76.70
2026-03-29 18:37:18,70,1184,11,28.60,77.00
2026-03-29 18:37:23,70,1183,14,28.60,76.80
2026-03-29 18:37:28,48,1203,16,28.60,76.80
2026-03-29 18:37:33,65,1188,0,28.60,76.70
2026-03-29 18:37:38,63,1184,10,28.70,76.10
2026-03-29 18:37:43,55,1181,10,28.70,76.10
2026-03-29 18:37:48,58,1185,11,28.70,75.80
2026-03-29 18:37:53,65,1186,1,28.70,75.60
2026-03-29 18:37:58,90,1187,0,28.70,75.60
2026-03-29 18:38:03,59,1191,0,28.70,75.60
2026-03-29 18:38:08,62,1168,2,28.70,75.60
2026-03-29 18:38:13,55,1187,0,28.70,75.40
2026-03-29 18:38:18,54,1190,1,28.80,75.40
2026-03-29 18:38:23,58,1168,19,28.80,75.20
2026-03-29 18:38:28,80,1165,3,28.70,75.20
2026-03-29 18:38:33,53,1175,3,28.70,75.20
2026-03-29 18:38:38,64,1179,5,28.80,75.00
2026-03-29 18:38:43,64,1168,0,28.70,75.00
2026-03-29 18:38:48,55,1159,16,28.70,75.00
2026-03-29 18:38:53,75,1168,0,28.70,75.00
2026-03-29 18:38:58,60,1153,12,28.80,75.10
2026-03-29 18:39:03,52,1169,7,28.70,74.90
2026-03-29 18:39:08,49,1152,0,28.70,74.90
2026-03-29 18:39:13,65,1168,14,28.70,74.90
2026-03-29 18:39:18,69,1158,0,28.70,74.80
2026-03-29 18:39:23,50,1155,16,28.70,74.80
2026-03-29 18:39:28,65,1158,10,28.70,74.90
2026-03-29 18:39:33,64,1157,5,28.80,74.80
2026-03-29 18:39:38,64,1162,15,28.70,74.70
2026-03-29 18:39:43,81,1160,0,28.70,74.80
2026-03-29 18:39:48,48,1157,10,28.70,74.80
2026-03-29 18:39:53,66,1151,5,28.70,74.90
2026-03-29 18:39:58,68,1159,0,28.70,74.80
2026-03-29 18:40:04,47,1152,9,28.70,74.90
2026-03-29 18:40:09,77,1147,5,28.70,75.00
2026-03-29 18:40:14,51,1151,3,28.70,74.90
2026-03-29 18:40:19,64,1154,8,28.70,74.90
2026-03-29 18:40:24,51,1159,0,28.70,74.70
2026-03-29 18:40:29,60,1141,5,28.70,74.90
2026-03-29 18:40:34,70,1147,0,28.60,74.90
2026-03-29 18:40:39,64,1152,10,28.70,74.80
2026-03-29 18:40:49,74,1139,7,28.70,74.90
2026-03-29 18:40:54,61,1153,13,28.70,75.00
2026-03-29 18:40:59,51,1151,5,28.70,74.90
2026-03-29 18:41:04,73,1158,0,28.70,75.00
2026-03-29 18:41:09,59,1136,16,28.70,74.90
2026-03-29 18:41:14,60,1137,9,28.60,74.90
2026-03-29 18:41:19,79,1132,0,28.60,75.00
2026-03-29 18:41:24,65,1123,16,28.60,75.00
2026-03-29 18:41:29,65,1127,0,28.60,74.90
2026-03-29 18:41:34,64,1136,0,28.60,75.00
2026-03-29 18:41:39,70,1135,0,28.60,74.90
2026-03-29 18:41:44,77,1134,4,28.60,75.00
2026-03-29 18:41:49,52,1134,0,28.60,75.00
2026-03-29 18:41:54,53,1122,6,28.60,75.00
2026-03-29 18:41:59,66,1109,0,28.60,74.90
2026-03-29 18:42:04,58,1141,5,28.60,75.00
2026-03-29 18:42:09,66,1127,10,28.60,75.00
2026-03-29 18:42:14,76,1138,0,28.60,75.00
2026-03-29 18:42:19,55,1122,10,28.60,75.00
2026-03-29 18:42:24,64,1124,16,28.60,74.90
2026-03-29 18:42:29,57,1132,13,28.60,74.90
2026-03-29 18:42:34,64,1122,5,28.60,75.00
2026-03-29 18:42:39,54,1121,6,28.50,75.00
2026-03-29 18:42:44,71,1103,6,28.60,75.00
2026-03-29 18:42:49,53,1120,0,28.60,75.00
2026-03-29 18:42:54,65,1120,16,28.60,75.00
2026-03-29 18:42:59,54,1093,14,28.60,74.90
2026-03-29 18:43:04,63,1073,18,28.60,75.00
2026-03-29 18:43:09,67,1065,34,28.60,75.00
2026-03-29 18:43:14,80,1051,29,28.60,75.00
2026-03-29 18:43:19,74,1042,18,28.50,75.00
2026-03-29 18:43:24,64,1057,38,28.60,74.90
2026-03-29 18:43:29,80,1054,15,28.50,74.90
2026-03-29 18:43:34,74,1033,17,28.50,75.10
2026-03-29 18:43:39,71,1051,15,28.50,75.10
2026-03-29 18:43:44,66,1083,16,28.50,75.20
2026-03-29 18:43:49,57,1098,16,28.50,76.30
2026-03-29 18:43:54,75,1072,21,28.60,78.10
2026-03-29 18:43:59,63,1101,34,28.60,77.30
2026-03-29 18:44:04,59,1089,27,28.60,76.60
2026-03-29 18:44:09,67,1085,11,28.60,76.20
2026-03-29 18:44:14,64,1107,16,28.60,75.80
2026-03-29 18:44:19,135,1112,23,28.70,75.40
2026-03-29 18:44:24,67,1099,26,28.70,75.20
2026-03-29 18:44:29,64,1114,16,28.70,75.00
2026-03-29 18:44:34,80,1122,7,28.70,74.90
2026-03-29 18:44:39,55,1105,0,28.70,75.00
2026-03-29 18:44:44,64,1051,21,28.70,74.90
2026-03-29 18:44:54,80,1107,15,28.70,74.70
2026-03-29 18:44:59,76,1136,6,28.70,74.60
2026-03-29 18:45:04,60,1088,21,28.70,74.60
2026-03-29 18:45:09,65,1094,25,28.70,74.60
2026-03-29 18:45:14,60,1100,74,28.70,74.60
2026-03-29 18:45:19,48,1126,7,28.70,74.50
2026-03-29 18:45:24,55,1097,1,28.60,74.60
2026-03-29 18:45:29,57,1098,22,28.70,74.50
2026-03-29 18:45:34,54,1095,17,28.70,74.60
2026-03-29 18:45:39,69,1104,16,28.60,74.50
2026-03-29 18:45:44,79,1095,18,28.60,74.50
2026-03-29 18:45:49,78,1128,0,28.60,74.50
2026-03-29 18:45:54,65,1082,9,28.60,74.40
2026-03-29 18:45:59,90,1095,6,28.60,74.50
2026-03-29 18:46:04,61,1072,12,28.60,74.60
2026-03-29 18:46:09,69,1090,34,28.60,74.50
2026-03-29 18:46:14,75,1075,0,28.60,74.50
2026-03-29 18:46:19,71,1088,0,28.60,74.50
2026-03-29 18:46:24,72,1078,0,28.60,74.50
2026-03-29 18:46:29,89,1105,13,28.60,74.50
2026-03-29 18:46:34,80,1075,16,28.60,74.50
2026-03-29 18:46:39,71,1079,0,28.50,74.60
2026-03-29 18:46:44,80,1102,0,28.60,74.60
2026-03-29 18:46:49,67,1106,25,28.60,74.60
2026-03-29 18:46:54,65,1091,0,28.60,74.60
2026-03-29 18:46:59,65,1098,2,28.60,74.60
2026-03-29 18:47:04,83,1093,3,28.50,74.60
2026-03-29 18:47:09,61,1099,1,28.60,74.60
2026-03-29 18:47:14,48,1072,63,28.50,74.60
2026-03-29 18:47:19,64,1088,0,28.60,74.60
2026-03-29 18:47:24,53,1107,26,28.50,74.60
2026-03-29 18:47:29,59,1098,9,28.50,74.50
2026-03-29 18:47:34,103,1073,19,28.50,74.60
2026-03-29 18:47:39,65,1089,0,28.50,74.60
2026-03-29 18:47:44,71,1077,27,28.50,74.70
2026-03-29 18:47:49,49,1088,22,28.50,74.60
2026-03-29 18:47:54,112,1083,18,28.50,74.60
2026-03-29 18:47:59,46,1085,26,28.50,74.60
2026-03-29 18:48:04,60,1097,1,28.50,74.60
2026-03-29 18:48:09,64,1101,20,28.50,74.60
2026-03-29 18:48:14,66,1101,15,28.50,74.70
2026-03-29 18:48:19,77,1081,0,28.50,74.70
2026-03-29 18:48:24,55,1075,35,28.50,74.70
2026-03-29 18:48:29,69,1054,24,28.50,74.70
2026-03-29 18:48:34,53,1059,62,28.50,74.60
2026-03-29 18:48:39,69,1089,15,28.40,74.70
2026-03-29 18:48:44,59,1085,28,28.50,74.70
2026-03-29 18:48:49,80,1077,9,28.50,74.70
2026-03-29 18:48:54,63,1053,0,28.50,74.70
2026-03-29 18:48:59,68,1082,14,28.40,74.70
2026-03-29 18:49:04,63,1078,21,28.50,74.70
2026-03-29 18:49:09,64,1071,32,28.50,74.70
2026-03-29 18:49:14,48,1083,15,28.50,74.70
2026-03-29 18:49:19,80,1100,11,28.40,74.70
2026-03-29 18:49:24,64,1070,31,28.40,74.70
2026-03-29 18:49:29,55,1071,16,28.40,74.80
2026-03-29 18:49:34,76,1049,11,28.40,74.70
2026-03-29 18:49:39,77,1071,16,28.40,74.70
2026-03-29 18:49:44,70,1072,3,28.40,74.80
2026-03-29 18:49:49,77,1081,7,28.40,74.60
2026-03-29 18:49:54,51,1067,16,28.40,74.80
2026-03-29 18:49:59,69,1062,10,28.40,74.80
2026-03-29 18:50:04,69,1046,18,28.40,74.80
2026-03-29 18:50:09,73,1043,14,28.40,74.80
2026-03-29 18:50:14,71,1082,16,28.40,74.80
2026-03-29 18:50:19,69,1079,23,28.40,74.70
2026-03-29 18:50:24,65,1078,3,28.40,74.80
2026-03-29 18:50:29,9,1061,19,28.40,74.70
2026-03-29 18:50:34,61,1058,10,28.40,74.70
2026-03-29 18:50:39,70,1059,7,28.40,74.80
2026-03-29 18:50:44,66,1042,10,28.40,74.70
2026-03-29 18:50:49,65,1031,0,28.40,74.70
2026-03-29 18:50:54,66,1087,16,28.40,74.80
2026-03-29 18:50:59,80,1066,16,28.40,74.60
2026-03-29 18:51:04,77,1043,14,28.30,74.80
2026-03-29 18:51:09,61,1082,29,28.40,74.70
2026-03-29 18:51:14,68,1056,15,28.40,74.90
2026-03-29 18:51:19,70,1051,13,28.30,74.80
2026-03-29 18:51:24,80,1045,4,28.40,74.80
2026-03-29 18:51:29,71,1055,16,28.30,74.70
2026-03-29 18:51:34,64,1049,19,28.40,74.80
2026-03-29 18:51:39,55,1041,60,28.30,74.80
2026-03-29 18:51:44,51,1041,0,28.30,74.80
2026-03-29 18:51:49,64,1011,17,28.40,74.70
2026-03-29 18:51:54,67,1054,22,28.30,74.80
2026-03-29 18:51:59,62,1072,49,28.30,74.70
2026-03-29 18:52:04,62,1071,13,28.30,74.80
2026-03-29 18:52:09,75,1055,0,28.40,74.80
2026-03-29 18:52:14,58,1047,26,28.30,74.70
2026-03-29 18:52:19,76,1069,12,28.30,74.80
2026-03-29 18:52:24,65,1052,14,28.30,74.80
2026-03-29 18:52:29,59,1047,21,28.30,74.70
2026-03-29 18:52:34,54,1011,0,28.30,74.90
2026-03-29 18:52:40,64,1040,10,28.30,74.90
2026-03-29 18:52:44,64,1002,16,28.30,74.80
2026-03-29 18:52:49,70,1056,31,28.30,74.80
2026-03-29 18:52:54,77,1010,26,28.30,74.70
2026-03-29 18:52:59,70,1043,18,28.30,74.80
2026-03-29 18:53:04,54,1056,30,28.30,74.80
2026-03-29 18:53:09,64,1023,29,28.30,74.70
2026-03-29 18:53:15,63,1019,0,28.30,74.80
2026-03-29 18:53:19,70,1008,35,28.20,74.80
2026-03-29 18:53:24,66,1010,17,28.30,74.90
2026-03-29 18:53:29,66,1040,9,28.30,74.70
2026-03-29 18:53:34,71,1040,20,28.30,74.70
2026-03-29 18:53:39,74,1040,14,28.30,74.80
2026-03-29 18:53:45,61,1061,14,28.20,74.70
2026-03-29 18:53:49,68,1051,1,28.30,74.90
2026-03-29 18:53:54,66,1018,0,28.30,74.80
2026-03-29 18:54:00,64,997,19,28.30,74.80
2026-03-29 18:54:04,67,1023,18,28.30,74.70
2026-03-29 18:54:09,64,1014,15,28.30,74.70
2026-03-29 19:50:09,44,695,13,28.00,73.80
2026-03-29 19:50:09,70,699,0,28.00,73.80
2026-03-29 19:50:10,70,699,0,28.00,73.80
2026-03-29 19:50:10,70,699,0,28.00,73.80
2026-03-29 19:50:10,70,699,0,28.00,73.80
2026-03-29 19:50:10,70,699,0,28.00,73.80
2026-03-29 19:50:10,70,699,0,28.00,73.80
2026-03-29 19:50:10,70,699,0,28.00,73.80
2026-03-29 19:50:10,70,699,0,28.00,73.80
2026-03-29 19:50:11,70,699,0,28.00,73.80
2026-03-29 19:50:11,70,699,0,28.00,73.80
2026-03-29 19:50:11,70,699,0,28.00,73.80
2026-03-29 19:50:11,70,699,0,28.00,73.80
2026-03-29 19:50:11,70,699,0,28.00,73.80
2026-03-29 19:50:11,70,699,0,28.00,73.80
2026-03-29 19:50:11,70,699,0,28.00,73.80
2026-03-29 19:50:11,70,699,0,28.00,73.80
2026-03-29 19:50:11,70,699,0,28.00,73.80
2026-03-29 19:50:11,70,699,0,28.00,73.80
2026-03-29 19:50:11,70,699,0,28.00,73.80
2026-03-29 19:50:12,70,699,0,28.00,73.80
2026-03-29 19:50:12,70,699,0,28.00,73.80
2026-03-29 19:50:12,70,699,0,28.00,73.80
2026-03-29 19:50:12,70,699,0,28.00,73.80
2026-03-29 19:50:12,70,699,0,28.00,73.80
2026-03-29 19:50:12,70,699,0,28.00,73.80
2026-03-29 19:50:12,70,699,0,28.00,73.80
2026-03-29 19:50:12,70,699,0,28.00,73.80
2026-03-29 19:50:12,70,699,0,28.00,73.80
2026-03-29 19:50:12,70,699,0,28.00,73.80
2026-03-29 19:50:12,70,699,0,28.00,73.80
2026-03-29 19:50:12,70,699,0,28.00,73.80
2026-03-29 19:50:12,70,699,0,28.00,73.80
2026-03-29 19:50:12,70,699,0,28.00,73.80
2026-03-29 19:50:12,70,699,0,28.00,73.80
2026-03-29 19:50:12,70,699,0,28.00,73.80
2026-03-29 19:50:12,70,699,0,28.00,73.80
2026-03-29 19:50:12,70,699,0,28.00,73.80
2026-03-29 19:50:12,70,699,0,28.00,73.80
2026-03-29 19:50:12,70,699,0,28.00,73.80
2026-03-29 19:50:12,70,699,0,28.00,73.80
2026-03-29 19:50:12,70,699,0,28.00,73.80
2026-03-29 19:50:12,70,699,0,28.00,73.80
2026-03-29 19:50:13,70,699,0,28.00,73.80
2026-03-29 19:50:13,70,699,0,28.00,73.80
2026-03-29 19:50:13,70,699,0,28.00,73.80
2026-03-29 19:50:13,70,699,0,28.00,73.80
2026-03-29 19:50:41,61,717,12,28.00,73.60
2026-03-29 19:50:46,48,690,0,28.10,73.80
2026-03-29 19:50:51,48,710,25,28.00,73.80
2026-03-29 19:50:56,49,749,0,28.00,73.80
2026-03-29 19:51:01,64,711,16,28.00,73.80
2026-03-29 19:51:06,46,720,14,28.00,73.70
2026-03-29 19:51:11,52,739,13,28.00,73.70
2026-03-29 19:51:16,48,748,21,28.00,73.80
2026-03-29 19:51:21,71,701,0,28.00,73.80
2026-03-29 19:51:26,48,718,0,28.00,73.80
2026-03-29 19:51:31,48,720,4,28.00,73.70
2026-03-29 19:51:36,56,712,16,28.00,73.80
2026-03-29 19:51:41,74,717,7,28.00,73.70
2026-03-29 19:51:46,50,720,21,28.00,73.80
2026-03-29 19:51:51,48,699,13,28.00,73.70
2026-03-29 19:51:56,48,723,7,28.10,73.80
2026-03-29 19:52:01,64,703,10,28.00,73.80
2026-03-29 19:52:06,46,706,0,28.00,73.70
2026-03-29 19:52:11,54,707,20,28.00,73.70
2026-03-29 19:52:16,47,705,24,28.00,73.70
2026-03-29 19:52:21,64,715,18,28.00,73.80
2026-03-29 19:52:26,63,704,6,28.00,73.80
2026-03-29 19:52:31,74,729,0,28.00,73.80
2026-03-29 19:52:36,78,709,7,28.10,73.80
2026-03-29 19:52:41,70,706,16,28.10,73.80
2026-03-29 19:52:46,69,699,5,28.00,73.80
2026-03-29 19:52:51,65,710,13,28.00,73.80
2026-03-29 19:52:57,65,720,29,28.00,73.80
2026-03-29 19:53:02,53,721,25,28.00,73.70
2026-03-29 19:53:07,69,726,15,28.00,73.70
2026-03-29 19:53:12,48,705,27,28.00,73.80
2026-03-29 19:53:17,49,706,26,28.00,73.70
2026-03-29 19:53:22,68,688,2,28.00,73.70
2026-03-29 19:53:27,65,720,0,28.00,73.70
2026-03-29 19:53:32,55,694,0,28.00,73.70
2026-03-29 19:53:37,74,688,33,28.00,73.70
2026-03-29 19:53:42,52,715,13,28.00,73.60
2026-03-29 19:53:47,120,716,14,28.00,73.70
2026-03-29 19:53:52,47,722,0,28.00,73.80
2026-03-29 19:53:57,61,705,27,28.00,73.80
2026-03-29 19:54:02,57,708,10,28.00,73.70
2026-03-29 19:54:07,68,741,18,28.10,73.60
2026-03-29 19:54:12,64,723,22,28.00,73.70
2026-03-29 19:54:17,65,702,19,28.00,73.70
2026-03-29 19:54:22,54,720,26,28.00,73.70
2026-03-29 19:54:27,54,719,24,28.00,73.70
2026-03-29 19:54:32,73,726,0,28.00,73.70
2026-03-29 19:54:37,46,709,65,28.00,73.70
2026-03-29 19:54:42,64,720,39,28.00,73.80
2026-03-29 19:54:47,78,733,13,28.00,73.70
2026-03-29 19:54:52,60,730,13,28.00,73.70
2026-03-29 19:54:57,63,722,0,28.00,73.80
2026-03-29 19:55:02,49,733,0,28.00,73.70
2026-03-29 19:55:07,51,715,1,28.00,73.80
2026-03-29 19:55:12,48,713,16,28.00,73.70
2026-03-29 19:55:17,65,705,12,28.00,73.80
2026-03-29 19:55:22,61,700,11,28.00,73.80
2026-03-29 19:55:27,49,731,13,28.00,73.80
2026-03-29 19:55:32,61,705,0,28.00,73.80
2026-03-29 19:55:37,61,703,0,28.00,73.70
2026-03-29 19:55:42,65,693,23,28.00,73.70
2026-03-29 19:55:47,52,693,14,28.00,73.80
2026-03-29 19:55:52,46,697,13,28.00,73.70
2026-03-29 19:55:57,78,719,2,28.00,73.70
2026-03-29 19:56:02,45,715,25,28.00,73.70
2026-03-29 19:56:07,37,688,35,28.00,73.70
2026-03-29 19:56:12,54,722,0,28.00,73.60
2026-03-29 19:56:17,64,707,12,28.00,73.60
2026-03-29 19:56:22,47,702,16,28.10,73.60
2026-03-29 19:56:27,97,715,0,28.00,73.60
2026-03-29 19:56:32,50,718,7,28.00,73.70
2026-03-29 19:56:37,31,723,11,28.00,73.60
2026-03-29 19:56:47,54,709,3,28.00,73.60
2026-03-29 19:56:52,58,690,19,28.00,73.60
2026-03-29 19:56:57,53,691,9,28.00,73.60
2026-03-29 19:57:02,48,729,16,28.00,73.60
2026-03-29 19:57:07,57,727,20,28.00,73.70
2026-03-29 19:57:12,55,698,0,28.00,73.60
2026-03-29 19:57:17,51,682,13,28.00,73.60
2026-03-29 19:57:22,55,643,16,28.00,73.60
2026-03-29 19:57:27,48,685,17,28.00,73.70
2026-03-29 19:57:32,49,721,33,28.00,73.60
2026-03-29 19:57:37,54,721,0,28.00,73.60
2026-03-29 19:57:42,60,713,16,28.00,73.60
2026-03-29 19:57:47,64,702,16,28.00,73.70
2026-03-29 19:57:52,64,693,18,28.00,73.70
2026-03-29 19:57:57,72,715,16,28.00,73.70
2026-03-29 19:58:02,48,720,27,28.00,73.70
2026-03-29 19:58:07,71,704,0,28.00,73.70
2026-03-29 19:58:12,49,704,26,28.00,73.60
2026-03-29 19:58:17,48,710,1,28.00,73.60
2026-03-29 19:58:22,48,710,16,28.00,73.70
2026-03-29 19:58:27,59,702,30,28.00,73.70
2026-03-29 19:58:32,48,707,27,28.00,73.60
2026-03-29 19:58:37,66,677,0,28.00,73.70
2026-03-29 19:58:42,75,715,26,28.00,73.70
2026-03-29 19:58:47,64,715,0,28.00,73.70
2026-03-29 19:58:52,61,689,1,28.00,73.60
2026-03-29 19:58:57,75,720,4,28.00,73.60
2026-03-29 19:59:02,40,702,0,28.00,73.70
2026-03-29 19:59:07,65,717,6,28.00,73.60
2026-03-29 19:59:12,64,690,8,28.00,73.50
2026-03-29 19:59:17,48,687,18,28.00,73.50
2026-03-29 19:59:22,66,701,16,28.00,73.70
2026-03-29 19:59:27,51,727,0,28.00,73.60
2026-03-29 19:59:32,37,694,15,28.00,73.40
2026-03-29 19:59:37,55,741,16,28.00,73.60
2026-03-29 19:59:42,50,673,18,28.00,73.50
2026-03-29 19:59:47,54,713,7,28.00,73.40
2026-03-29 19:59:52,59,693,6,28.00,73.40
2026-03-29 19:59:57,51,678,20,28.00,73.50
2026-03-29 20:00:02,55,709,10,28.00,73.60
2026-03-29 20:00:07,64,720,5,28.00,73.50
2026-03-29 20:00:12,51,749,8,28.00,73.40
2026-03-29 20:00:17,48,681,0,28.00,73.50
2026-03-29 20:00:22,74,717,16,28.00,73.40
2026-03-29 20:00:27,80,692,5,28.00,73.60
2026-03-29 20:00:32,67,702,16,28.00,73.50
2026-03-29 20:00:37,43,688,6,28.00,73.50
2026-03-29 20:00:42,35,713,26,28.00,73.50
2026-03-29 20:00:47,67,699,0,28.00,73.50
2026-03-29 20:00:52,59,690,0,28.00,73.50
2026-03-29 20:00:57,70,720,23,28.10,73.50
2026-03-29 20:01:02,77,719,18,28.00,73.60
2026-03-29 20:52:56,43,613,18,28.10,73.60
2026-03-29 20:52:56,45,567,0,28.00,73.60
2026-03-29 20:52:56,39,597,10,28.00,73.60
2026-03-29 20:52:57,48,607,0,28.00,73.50
2026-03-29 20:53:28,61,571,16,28.00,73.60
2026-03-29 20:53:33,48,571,2,28.00,73.50
2026-03-29 20:53:38,48,590,17,28.00,73.80
2026-03-29 20:53:43,41,616,9,28.00,73.50
2026-03-29 20:53:48,52,586,1,28.00,73.60
2026-03-29 20:53:53,49,580,8,28.00,73.50
2026-03-29 20:53:58,47,583,9,28.00,73.60
2026-03-29 20:54:03,59,618,6,28.10,73.60
2026-03-29 20:54:08,43,598,20,28.00,73.60
2026-03-29 20:54:13,48,610,13,28.00,73.60
2026-03-29 20:54:18,49,575,0,28.00,73.60
2026-03-29 20:54:23,55,602,8,28.00,73.40
2026-03-29 20:54:28,48,594,5,28.00,73.60
2026-03-29 20:54:33,59,594,0,28.00,73.50
2026-03-29 20:54:38,64,597,5,28.00,73.60
2026-03-29 20:54:43,63,617,0,28.00,73.60
2026-03-29 20:54:48,54,589,12,28.00,73.60
2026-03-29 20:54:53,65,576,3,28.00,73.50
2026-03-29 20:54:58,46,579,25,28.00,73.40
2026-03-29 20:55:03,53,573,0,28.00,73.50
2026-03-29 20:55:08,59,590,5,28.00,73.50
2026-03-29 20:55:13,46,599,0,28.00,73.60
2026-03-29 20:55:23,44,567,17,28.00,73.60
2026-03-29 20:55:28,58,611,16,28.00,73.60
2026-03-29 20:55:33,54,589,17,28.00,73.60
2026-03-29 20:55:38,15,592,16,28.00,73.60
2026-03-29 20:55:43,35,591,14,28.00,73.60
2026-03-29 20:55:48,48,580,16,28.00,73.60
2026-03-29 20:55:53,48,588,0,28.00,73.40
2026-03-29 20:55:58,58,592,13,28.00,73.50
2026-03-29 20:56:03,65,579,22,28.00,73.50
2026-03-29 20:56:08,51,592,32,28.00,73.40
2026-03-29 20:56:13,42,565,2,28.00,73.60
2026-03-29 20:56:18,62,587,16,28.00,73.60
2026-03-29 20:56:23,56,567,0,28.00,73.70
2026-03-29 20:56:28,52,597,10,28.00,73.50
2026-03-29 20:56:33,33,588,0,28.00,73.50
2026-03-29 20:56:38,64,608,16,28.00,73.60
2026-03-29 20:56:43,50,579,6,28.00,73.50
2026-03-29 20:56:48,48,592,16,28.00,73.50
2026-03-29 20:56:53,49,603,9,28.00,73.50
2026-03-29 20:56:58,64,590,9,28.00,73.50
2026-03-29 20:57:03,48,587,7,28.00,73.60
2026-03-29 20:57:08,68,591,14,28.00,73.40
2026-03-29 20:57:13,56,571,2,28.00,73.50
2026-03-29 20:57:18,47,567,27,28.00,73.60
2026-03-29 20:57:23,48,606,25,28.00,73.50
2026-03-29 20:57:28,53,576,9,28.00,73.60
2026-03-29 20:57:33,36,560,1,28.00,73.40
2026-03-29 20:57:38,58,592,18,28.00,73.50
2026-03-29 20:57:43,66,560,19,28.00,73.50
2026-03-29 20:57:48,36,581,15,28.00,73.50
2026-03-29 20:57:53,129,576,27,28.00,73.60
2026-03-29 20:57:58,45,586,27,28.00,73.50
2026-03-29 20:58:03,38,583,1,28.00,73.60
2026-03-29 20:58:08,42,592,0,28.00,73.60
2026-03-29 20:58:13,75,574,5,28.00,73.60
2026-03-29 20:58:18,58,588,17,28.00,73.60
2026-03-29 20:58:23,49,578,6,28.00,73.60
2026-03-29 20:58:28,38,576,21,28.00,73.60
2026-03-29 20:58:33,64,578,0,28.00,73.50
2026-03-29 20:58:38,47,590,0,28.00,73.60
2026-03-29 20:58:43,27,572,6,28.00,73.50
2026-03-29 20:58:48,51,581,19,28.00,73.60
2026-03-29 20:58:53,60,594,23,28.00,73.60
2026-03-29 20:58:58,49,592,16,28.00,73.60
2026-03-29 20:59:03,61,591,15,28.00,73.60
2026-03-29 20:59:08,37,585,18,28.00,73.60
2026-03-29 20:59:13,47,576,33,28.00,73.50
2026-03-29 20:59:19,48,576,19,28.00,73.60
2026-03-29 20:59:23,55,586,16,28.00,73.70
2026-03-29 20:59:28,54,591,5,28.00,73.60
2026-03-29 20:59:33,57,578,30,28.00,73.50
2026-03-29 20:59:38,37,576,0,28.00,73.60
2026-03-29 20:59:43,61,589,16,28.00,73.60
2026-03-29 20:59:48,41,588,0,28.00,73.70
2026-03-29 20:59:53,51,573,8,28.00,73.50
2026-03-29 20:59:58,64,579,0,28.00,73.60
2026-03-29 21:00:03,49,605,11,28.00,73.60
2026-03-29 21:00:08,61,582,14,28.00,73.70
2026-03-29 21:00:13,54,581,15,28.00,73.60
2026-03-29 21:00:18,59,582,18,28.00,73.60
2026-03-29 21:00:23,51,605,7,28.00,73.60
2026-03-29 21:00:28,64,577,1,28.00,73.70
2026-03-29 21:00:33,48,574,18,28.00,73.80
2026-03-29 21:00:38,58,597,0,28.00,73.70
2026-03-29 21:00:43,62,587,5,27.90,73.60
2026-03-29 21:00:48,48,592,0,28.00,73.60
2026-03-29 21:00:53,62,593,15,28.00,73.60
2026-03-29 21:00:58,48,594,5,28.00,73.70
2026-03-29 21:01:03,51,586,0,28.00,73.80
2026-03-29 21:01:08,58,560,16,28.00,73.60
2026-03-29 21:01:13,49,571,32,28.00,73.60
2026-03-29 21:01:18,47,588,28,28.00,73.70
2026-03-29 21:01:23,45,574,7,28.00,73.60
2026-03-29 21:01:28,49,575,0,28.00,73.80
2026-03-29 21:01:33,55,582,0,28.00,73.70
2026-03-29 21:01:38,48,561,0,28.00,73.70
2026-03-29 21:01:43,49,566,4,28.00,73.60
2026-03-29 21:01:48,44,579,16,28.00,73.70
2026-03-29 21:01:53,63,599,2,28.00,73.60
2026-03-29 21:01:58,69,581,0,28.00,73.60
2026-03-29 21:02:03,53,578,27,28.00,73.60
2026-03-29 21:02:08,63,576,0,28.00,73.60
2026-03-29 21:02:13,51,565,0,28.00,73.50
2026-03-29 21:02:18,48,573,10,28.00,73.60
2026-03-29 21:02:23,52,582,0,28.00,73.60
2026-03-29 21:02:28,63,591,1,28.00,73.50
2026-03-29 21:02:33,53,560,0,28.00,73.60
2026-03-29 21:02:38,54,605,0,28.00,73.60
2026-03-29 21:02:43,54,590,9,28.00,73.40
2026-03-29 21:02:48,65,560,0,28.00,73.50
2026-03-29 21:02:53,45,608,13,28.00,73.70
2026-03-29 21:02:58,44,589,18,28.00,73.70
2026-03-29 21:03:03,49,574,9,28.00,73.50
2026-03-29 21:03:08,48,558,15,28.00,73.60
2026-03-29 21:03:13,62,592,0,28.00,73.60
2026-03-29 21:03:18,41,560,22,28.00,73.50
2026-03-29 21:51:52,46,536,30,28.00,73.60
2026-03-29 21:51:53,48,545,0,28.00,73.60
2026-03-29 21:51:53,65,542,4,28.00,73.60
2026-03-29 21:51:53,47,511,16,28.00,73.50
2026-03-29 21:51:53,47,511,16,28.00,73.50
2026-03-29 21:51:53,47,511,16,28.00,73.50
2026-03-29 21:51:53,47,511,16,28.00,73.50
2026-03-29 21:51:53,47,511,16,28.00,73.50
2026-03-29 21:51:53,47,511,16,28.00,73.50
2026-03-29 21:51:53,47,511,16,28.00,73.50
2026-03-29 21:51:53,47,511,16,28.00,73.50
2026-03-29 21:51:53,47,511,16,28.00,73.50
2026-03-29 21:51:53,47,511,16,28.00,73.50
2026-03-29 21:51:54,47,511,16,28.00,73.50
2026-03-29 21:51:54,47,511,16,28.00,73.50
2026-03-29 21:51:54,47,511,16,28.00,73.50
2026-03-29 21:51:54,47,511,16,28.00,73.50
2026-03-29 21:51:54,47,511,16,28.00,73.50
2026-03-29 21:51:54,47,511,16,28.00,73.50
2026-03-29 21:51:54,47,511,16,28.00,73.50
2026-03-29 21:51:54,47,511,16,28.00,73.50
2026-03-29 21:51:54,47,511,16,28.00,73.50
2026-03-29 21:51:54,47,511,16,28.00,73.50
2026-03-29 21:51:55,47,511,16,28.00,73.50
2026-03-29 21:51:55,47,511,16,28.00,73.50
2026-03-29 21:51:55,47,511,16,28.00,73.50
2026-03-29 21:51:55,47,511,16,28.00,73.50
2026-03-29 21:51:55,47,511,16,28.00,73.50
2026-03-29 21:51:55,47,511,16,28.00,73.50
2026-03-29 21:51:55,47,511,16,28.00,73.50
2026-03-29 21:51:55,47,511,16,28.00,73.50
2026-03-29 21:51:55,47,511,16,28.00,73.50
2026-03-29 21:51:55,47,511,16,28.00,73.50
2026-03-29 21:51:55,47,511,16,28.00,73.50
2026-03-29 21:51:55,47,511,16,28.00,73.50
2026-03-29 21:51:55,47,511,16,28.00,73.50
2026-03-29 21:51:56,47,511,16,28.00,73.50
2026-03-29 21:51:56,47,511,16,28.00,73.50
2026-03-29 21:51:56,47,511,16,28.00,73.50
2026-03-29 21:51:56,47,511,16,28.00,73.50
2026-03-29 21:51:56,47,511,16,28.00,73.50
2026-03-29 21:51:56,47,511,16,28.00,73.50
2026-03-29 21:51:56,47,511,16,28.00,73.50
2026-03-29 21:51:56,47,511,16,28.00,73.50
2026-03-29 21:51:56,47,511,16,28.00,73.50
2026-03-29 21:51:56,47,511,16,28.00,73.50
2026-03-29 21:51:56,47,511,16,28.00,73.50
2026-03-29 21:51:56,47,511,16,28.00,73.50
2026-03-29 21:51:56,47,511,16,28.00,73.50
2026-03-29 21:51:56,47,511,16,28.00,73.50
2026-03-29 21:51:56,47,511,16,28.00,73.50
2026-03-29 21:51:56,47,511,16,28.00,73.50
2026-03-29 21:51:56,47,511,16,28.00,73.50
2026-03-29 21:51:56,47,511,16,28.00,73.50
2026-03-29 21:51:56,47,511,16,28.00,73.50
2026-03-29 21:51:56,47,511,16,28.00,73.50
2026-03-29 21:51:56,47,511,16,28.00,73.50
2026-03-29 21:51:56,47,511,16,28.00,73.50
2026-03-29 21:51:56,47,511,16,28.00,73.50
2026-03-29 21:51:56,47,511,16,28.00,73.50
2026-03-29 21:51:56,47,511,16,28.00,73.50
2026-03-29 21:51:56,47,511,16,28.00,73.50
2026-03-29 21:51:56,47,511,16,28.00,73.50
2026-03-29 21:51:56,47,511,16,28.00,73.50
2026-03-29 21:51:56,47,511,16,28.00,73.50
2026-03-29 21:51:56,47,511,16,28.00,73.50
2026-03-29 21:51:56,47,511,16,28.00,73.50
2026-03-29 21:51:56,47,511,16,28.00,73.50
2026-03-29 21:51:56,47,511,16,28.00,73.50
2026-03-29 21:51:56,47,511,16,28.00,73.50
2026-03-29 21:51:56,47,511,16,28.00,73.50
2026-03-29 21:52:25,45,567,39,28.00,73.60
2026-03-29 21:52:30,61,544,17,28.00,73.60
2026-03-29 21:52:35,61,530,16,28.00,73.50
2026-03-29 21:52:40,68,523,0,28.00,73.60
2026-03-29 21:52:45,27,525,0,28.00,73.60
2026-03-29 21:52:50,53,511,28,28.00,73.60
2026-03-29 21:52:55,64,537,0,28.00,73.70
2026-03-29 21:53:00,38,511,14,28.00,73.60
2026-03-29 21:53:05,55,510,6,28.00,73.50
2026-03-29 21:53:10,39,523,0,28.00,73.50
2026-03-29 21:53:15,31,501,0,28.00,73.70
2026-03-29 21:53:20,52,544,224,28.00,73.40
2026-03-29 21:53:25,55,546,0,28.00,73.60
2026-03-29 21:53:30,29,549,0,28.00,73.60
2026-03-29 21:53:35,41,503,6,28.00,73.60
2026-03-29 21:53:40,54,531,0,28.00,73.60
2026-03-29 21:53:47,38,534,16,28.00,73.70
2026-03-29 21:53:52,54,545,10,28.00,73.70
2026-03-29 21:53:57,48,560,0,28.00,73.60
2026-03-29 21:54:02,48,528,7,28.00,73.60
2026-03-29 21:54:07,64,543,0,28.00,73.60
2026-03-29 21:54:12,57,542,2,28.00,73.60
2026-03-29 21:54:17,53,546,0,28.00,73.50
2026-03-29 21:54:27,47,487,2,28.00,73.60
2026-03-29 21:54:32,50,559,11,28.00,73.50
2026-03-29 21:54:37,42,532,4,28.00,73.60
2026-03-29 21:54:42,39,536,6,28.00,73.60
2026-03-29 21:54:47,55,526,12,28.00,73.50
2026-03-29 21:54:52,65,528,0,28.10,73.60
2026-03-29 21:54:57,49,511,2,28.10,73.60
2026-03-29 21:55:02,43,539,11,28.00,73.70
2026-03-29 21:55:07,62,545,16,28.00,73.80
2026-03-29 21:55:12,47,509,0,28.00,73.80
2026-03-29 21:55:17,61,541,0,28.00,73.70
2026-03-29 21:55:22,33,501,7,28.00,73.70
2026-03-29 21:55:27,51,531,21,28.00,73.60
2026-03-29 21:55:32,62,498,14,28.00,73.70
2026-03-29 21:55:37,53,532,18,28.00,73.60
2026-03-29 21:55:42,48,545,10,28.00,73.80
2026-03-29 21:55:47,38,511,47,28.10,73.70
2026-03-29 21:55:52,41,544,30,28.00,73.70
2026-03-29 21:55:57,56,534,5,28.10,73.70
2026-03-29 21:56:02,61,511,11,28.00,73.80
2026-03-29 21:56:07,13,552,0,28.00,73.80
2026-03-29 21:56:12,47,538,16,28.00,73.80
2026-03-29 21:56:17,48,506,13,28.00,73.80
2026-03-29 21:56:22,51,525,7,28.00,73.60
2026-03-29 21:56:27,48,511,17,28.00,73.80
2026-03-29 21:56:32,52,525,0,28.00,73.70
2026-03-29 21:56:37,60,534,0,28.10,73.70
2026-03-29 21:56:42,51,539,20,28.10,73.80
2026-03-29 21:56:47,54,510,7,28.00,73.60
2026-03-29 21:56:52,42,537,6,28.00,73.80
2026-03-29 21:56:57,54,533,16,28.00,73.70
2026-03-29 21:57:02,48,532,21,28.00,73.80
2026-03-29 21:57:07,51,530,16,28.00,73.70
2026-03-29 21:57:12,48,530,0,28.00,73.60
2026-03-29 21:57:17,58,511,16,28.00,73.60
2026-03-29 21:57:22,54,528,3,28.00,73.60
2026-03-29 21:57:27,53,511,49,28.10,73.70
2026-03-29 21:57:32,48,471,7,28.00,73.80
2026-03-29 21:57:37,55,525,22,28.10,73.60
2026-03-29 21:57:42,59,528,10,28.00,73.70
2026-03-29 21:57:47,48,546,19,28.10,73.50
2026-03-29 21:57:52,49,539,15,28.00,73.70
2026-03-29 21:57:57,42,509,37,28.10,73.70
2026-03-29 21:58:02,44,545,14,28.00,73.60
2026-03-29 21:58:07,62,542,17,28.10,73.70
2026-03-29 21:58:12,35,507,10,28.00,73.70
2026-03-29 21:58:17,48,560,14,28.00,73.60
2026-03-29 21:58:22,43,493,3,28.00,73.60
2026-03-29 21:58:27,73,553,7,28.10,73.80
2026-03-29 21:58:32,66,529,21,28.00,73.60
2026-03-29 21:58:37,66,503,0,28.00,73.70
2026-03-29 21:58:42,55,543,17,28.00,73.70
2026-03-29 21:58:47,98,510,14,28.10,73.60
2026-03-29 21:58:52,55,528,9,28.00,73.70
2026-03-29 21:58:57,42,526,12,28.00,73.70
2026-03-29 21:59:02,84,528,30,28.00,73.70
2026-03-29 21:59:07,59,502,16,28.10,73.60
2026-03-29 21:59:12,54,542,4,28.00,73.70
2026-03-29 21:59:17,59,542,16,28.10,73.80
2026-03-29 21:59:22,45,534,22,28.00,73.60
2026-03-29 21:59:27,58,619,9,28.10,73.60
2026-03-29 21:59:32,48,551,26,28.10,73.70
2026-03-29 21:59:37,46,560,26,28.10,73.70
2026-03-29 21:59:42,108,511,16,28.10,73.70
2026-03-29 21:59:47,38,511,8,28.00,73.70
2026-03-29 21:59:52,45,496,2,28.00,73.70
2026-03-29 21:59:57,56,530,3,28.10,73.60
2026-03-29 22:00:02,50,537,0,28.10,73.60
2026-03-29 22:00:07,48,505,6,28.10,73.60
2026-03-29 22:00:12,23,511,11,28.10,73.60
2026-03-29 22:00:17,48,563,0,28.00,73.60
2026-03-29 22:00:22,42,549,11,28.10,73.50
2026-03-29 22:00:27,39,530,28,28.10,73.60
2026-03-29 22:00:32,50,547,0,28.00,73.60
2026-03-29 22:00:37,64,503,1,28.10,73.50
2026-03-29 22:00:42,47,545,4,28.00,73.60
2026-03-29 22:00:52,64,535,0,28.10,73.50
2026-03-29 22:00:57,48,511,10,28.00,73.50
2026-03-29 22:01:02,53,511,0,28.00,73.60
2026-03-29 22:01:07,56,528,3,28.10,73.60
2026-03-29 22:01:12,42,500,5,28.10,73.50
2026-03-29 22:01:17,63,529,12,28.10,73.60
2026-03-29 22:01:22,58,529,6,28.00,73.60
2026-03-29 22:01:27,65,499,0,28.00,73.60
2026-03-29 22:01:32,57,530,4,28.10,73.60
2026-03-29 22:01:37,62,541,0,28.00,73.50
2026-03-29 22:01:42,47,523,19,28.00,73.60
2026-03-29 22:01:47,58,528,0,28.10,73.50
2026-03-29 22:01:52,67,531,5,28.10,73.50
2026-03-29 22:01:57,46,563,0,28.00,73.60
2026-03-29 22:02:02,47,511,18,28.10,73.50
2026-03-29 22:02:07,41,530,21,28.10,73.50
2026-03-29 22:02:12,48,496,16,28.00,73.60
2026-03-29 22:02:17,32,510,0,28.00,73.50
2026-03-29 22:02:22,57,521,0,28.10,73.60
2026-03-29 22:02:27,42,498,25,28.10,73.40
2026-03-29 22:02:32,45,511,0,28.10,73.60
2026-03-29 22:02:37,41,529,0,28.00,73.50
2026-03-29 22:02:42,57,524,14,28.10,73.70
2026-03-29 22:02:47,47,509,0,28.10,73.60
2026-03-29 22:02:52,48,496,0,28.10,73.60
2026-03-29 22:02:57,48,529,22,28.10,73.70
2026-03-29 22:03:02,40,526,1,28.10,73.60
2026-03-29 22:03:07,38,497,1,28.10,73.60
2026-03-29 22:03:12,96,511,9,28.10,73.50
2026-03-29 22:03:17,58,524,16,28.10,73.50
2026-03-29 22:03:22,49,486,0,28.10,73.60
2026-03-29 22:03:27,58,495,16,28.00,73.60
2026-03-29 22:03:33,65,511,12,28.10,73.60
2026-03-29 22:03:38,49,500,11,28.00,73.60
2026-03-29 22:03:43,37,497,7,28.00,73.50
2026-03-29 22:03:48,0,526,14,28.10,73.50
2026-03-29 22:03:53,36,529,0,28.10,73.60
2026-03-29 22:03:58,44,537,0,28.10,73.60
2026-03-29 22:04:03,55,511,13,28.10,73.60
2026-03-29 22:04:08,45,511,0,28.10,73.60
2026-03-29 22:04:13,51,549,0,28.10,73.50
2026-03-29 22:04:18,73,545,14,28.10,73.60
2026-03-29 22:04:23,64,535,1,28.10,73.50
2026-03-29 22:04:28,61,497,6,28.10,73.60
2026-03-29 22:04:33,18,511,0,28.10,73.60
2026-03-29 22:04:38,48,528,28,28.00,73.60
2026-03-29 22:04:43,39,554,3,28.10,73.60
2026-03-29 22:04:48,67,511,7,28.00,73.50
2026-03-29 22:04:53,64,480,1,28.10,73.60
2026-03-29 22:04:58,49,506,0,28.00,73.60
2026-03-29 22:05:03,57,533,16,28.10,73.60
2026-03-29 22:05:08,61,528,13,28.10,73.60
2026-03-29 22:05:13,6,526,21,28.10,73.60
2026-03-29 22:05:18,53,508,20,28.10,73.60
2026-03-29 22:05:23,51,524,0,28.10,73.50
2026-03-29 22:05:28,67,496,7,28.10,73.50
2026-03-29 22:05:33,47,531,2,28.10,73.50
2026-03-29 22:05:38,121,496,0,28.10,73.60
2026-03-29 22:05:43,57,542,9,28.10,73.50
2026-03-29 22:05:48,48,533,14,28.10,73.70
2026-03-29 22:05:53,58,529,19,28.00,73.60
2026-03-29 22:05:58,64,496,0,28.10,73.50
2026-03-29 22:06:03,106,505,0,28.10,73.60
2026-03-29 22:06:08,40,507,19,28.10,73.60
2026-03-29 22:06:13,48,544,86,28.10,73.50
2026-03-29 22:06:18,43,511,2,28.10,73.50
2026-03-29 22:06:23,55,540,0,28.10,73.60
2026-03-29 22:06:28,0,489,22,28.10,73.60
2026-03-29 22:06:33,58,511,15,28.10,73.50
2026-03-29 22:06:38,64,494,0,28.10,73.60
2026-03-29 22:06:48,46,490,3,28.10,73.50
2026-03-29 22:06:53,23,499,0,28.10,73.70
2026-03-29 22:06:58,64,498,19,28.00,73.50
2026-03-29 22:07:03,61,500,17,28.10,73.60
2026-03-29 22:07:08,143,523,1,28.10,73.50
2026-03-29 22:07:13,47,511,14,28.10,73.70
2026-03-29 22:07:18,59,499,18,28.10,73.50
2026-03-29 22:07:23,65,490,17,28.10,73.50
2026-03-29 22:07:28,31,499,33,28.10,73.60
2026-03-29 22:07:33,45,511,1,28.10,73.50
2026-03-29 22:07:38,60,525,16,28.10,73.50
2026-03-29 22:07:43,54,528,112,28.10,73.60
2026-03-29 22:07:48,53,495,6,28.10,73.60
2026-03-29 22:07:53,48,528,21,28.10,73.50
2026-03-29 22:07:58,48,506,4,28.00,73.50
2026-03-29 22:08:03,50,526,0,28.10,73.50
2026-03-29 22:08:08,48,524,4,28.10,73.60
2026-03-29 22:08:13,47,535,17,28.00,73.60
2026-03-29 22:08:18,52,528,106,28.10,73.50
2026-03-29 22:08:23,43,528,16,28.10,73.50
2026-03-29 22:08:28,47,500,11,28.10,73.50
2026-03-29 22:08:33,54,487,15,28.10,73.50
2026-03-29 22:08:38,72,510,14,28.10,73.60
2026-03-29 22:08:43,44,528,53,28.10,73.50
2026-03-29 22:08:48,60,553,33,28.10,73.50
2026-03-29 22:08:53,28,511,24,28.10,73.60
2026-03-29 22:08:58,65,501,12,28.10,73.50
2026-03-29 22:09:03,51,511,298,28.10,73.50
2026-03-29 22:09:08,67,444,18,28.10,73.50
2026-03-29 22:09:13,48,534,2,28.10,73.50
2026-03-29 22:09:18,80,528,0,28.10,73.40
2026-03-29 22:09:23,64,491,2,28.10,73.50
2026-03-29 22:09:28,61,538,22,28.10,73.50
2026-03-29 22:09:33,0,543,0,28.10,73.60
2026-03-29 22:09:38,59,531,10,28.10,73.50
2026-03-29 22:09:43,50,496,80,28.10,73.50
2026-03-29 22:09:48,53,511,0,28.10,73.50
2026-03-29 22:09:53,53,543,13,28.10,73.50
2026-03-29 22:09:58,69,507,38,28.10,73.50
2026-03-29 22:10:03,0,545,23,28.10,73.40
2026-03-29 22:10:08,198,511,17,28.10,73.40
2026-03-29 22:10:13,64,533,6,28.10,73.40
2026-03-29 22:10:18,70,526,19,28.10,73.30
2026-03-29 22:10:23,48,485,18,28.10,73.50
2026-03-29 22:10:28,64,511,0,28.10,73.40
2026-03-29 22:10:33,77,528,0,28.10,73.40
2026-03-29 22:10:38,39,509,14,28.10,73.50
2026-03-29 22:10:43,56,509,22,28.10,73.50
2026-03-29 22:10:48,63,494,16,28.10,73.50
2026-03-29 22:10:53,65,528,22,28.10,73.50
2026-03-29 22:10:58,59,558,23,28.10,73.60
2026-03-29 22:11:03,51,533,10,28.10,73.60
2026-03-29 22:11:08,46,501,15,28.10,73.50
2026-03-29 22:11:13,50,524,22,28.10,73.50
2026-03-29 22:11:18,44,511,20,28.10,73.50
2026-03-29 22:11:23,63,534,15,28.00,73.50
2026-03-29 22:11:28,53,500,0,28.00,73.60
2026-03-29 22:11:38,53,511,7,28.10,73.70
2026-03-29 22:11:43,110,498,14,28.10,73.50
2026-03-29 22:11:48,62,484,0,28.10,73.50
2026-03-29 22:11:53,55,528,16,28.10,73.50
2026-03-29 22:11:58,50,535,10,28.10,73.60
2026-03-29 22:12:08,51,503,19,28.00,73.50
2026-03-29 22:12:13,64,539,16,28.10,73.50
2026-03-29 22:12:18,64,530,4,28.10,73.60
2026-03-29 22:12:23,48,496,26,28.10,73.60
2026-03-29 22:12:28,64,490,6,28.10,73.60
2026-03-29 22:12:33,55,524,16,28.10,73.50
2026-03-29 22:12:38,70,492,12,28.10,73.50
2026-03-29 22:12:43,62,530,64,28.10,73.50
2026-03-29 22:12:48,51,511,19,28.10,73.40
2026-03-29 22:12:53,48,498,16,28.10,73.50
2026-03-29 22:12:58,55,542,13,28.00,73.50
2026-03-29 22:13:03,67,511,16,28.10,73.50
2026-03-29 22:13:08,55,505,26,28.10,73.60
2026-03-29 22:13:13,47,499,0,28.10,73.50
2026-03-29 22:13:18,48,542,7,28.00,73.50
2026-03-29 22:13:23,59,511,3,28.10,73.50
2026-03-29 22:13:28,48,497,2,28.10,73.50
2026-03-29 22:13:33,45,496,15,28.10,73.50
2026-03-29 22:13:38,5,535,0,28.10,73.60
2026-03-29 22:13:43,48,503,22,28.10,73.40
2026-03-29 22:13:48,55,507,6,28.10,73.50
2026-03-29 22:13:53,64,511,2,28.10,73.40
2026-03-29 22:13:58,53,511,1,28.10,73.50
2026-03-29 22:14:03,18,507,3,28.10,73.50
2026-03-29 22:14:08,39,522,0,28.10,73.40
2026-03-29 22:14:13,76,502,22,28.10,73.40
2026-03-29 22:14:18,71,541,12,28.10,73.50
2026-03-29 22:14:23,51,511,20,28.10,73.40
2026-03-29 22:14:28,22,511,12,28.10,73.30
2026-03-29 22:14:33,53,509,15,28.10,73.40
2026-03-29 22:14:38,39,503,21,28.10,73.50
2026-03-29 22:14:43,51,511,9,28.10,73.50
2026-03-29 22:14:48,62,490,87,28.10,73.50
2026-03-29 22:14:53,55,496,10,28.10,73.60
2026-03-29 22:14:58,48,528,12,28.10,73.40
2026-03-29 22:15:03,55,493,54,28.10,73.50
2026-03-29 22:15:08,53,498,0,28.10,73.60
2026-03-29 22:15:13,47,495,21,28.10,73.50
2026-03-29 22:15:18,58,511,221,28.10,73.60
2026-03-29 22:15:23,51,534,17,28.10,73.50
2026-03-29 22:15:28,0,503,2,28.10,73.50
2026-03-29 22:15:33,46,528,25,28.10,73.40
2026-03-29 22:15:38,48,489,5,28.10,73.60
2026-03-29 22:15:43,44,507,18,28.10,73.50
2026-03-29 22:15:48,68,499,15,28.10,73.70
2026-03-29 22:15:53,64,495,32,28.10,73.60
2026-03-29 22:15:58,61,509,16,28.10,73.60
2026-03-29 22:16:03,60,497,32,28.10,73.60
2026-03-29 22:16:08,39,496,18,28.10,73.70
2026-03-29 22:16:13,48,527,11,28.10,73.60
2026-03-29 22:16:18,75,496,23,28.10,73.60
2026-03-29 23:36:11,48,450,14,27.80,74.40
2026-03-29 23:36:11,59,489,32,27.80,74.60
2026-03-29 23:36:11,51,484,36,27.80,74.50
2026-03-29 23:36:11,57,479,9,27.80,74.40
2026-03-29 23:36:43,48,475,21,27.80,74.60
2026-03-29 23:36:48,58,490,9,27.80,74.60
2026-03-29 23:36:53,82,482,7,27.80,74.60
2026-03-29 23:36:58,90,484,22,27.80,74.60
2026-03-29 23:37:03,80,503,0,27.80,74.50
2026-03-29 23:37:08,56,491,16,27.80,74.60
2026-03-29 23:37:13,67,460,10,27.80,74.60
2026-03-29 23:37:18,60,493,16,27.80,74.60
2026-03-30 18:21:27,74,805,5,29.70,69.90
2026-03-30 18:21:32,80,806,0,29.70,69.90
2026-03-30 18:21:42,61,787,9,29.70,69.90
2026-03-30 18:21:47,59,784,0,29.70,69.90
2026-03-30 18:21:52,67,773,14,29.70,70.00
2026-03-30 18:21:57,53,754,10,29.70,69.90
2026-03-30 18:22:02,69,702,0,29.70,70.00
2026-03-30 18:22:07,59,725,7,29.70,70.10
2026-03-30 18:22:12,57,721,6,29.70,70.00
2026-03-30 18:22:17,56,679,0,29.70,70.00
2026-03-30 18:22:22,67,687,6,29.70,69.90
2026-03-30 18:22:27,64,673,0,29.80,69.90
2026-03-30 18:22:32,59,661,2,29.70,69.90
2026-03-30 18:22:37,64,669,0,29.70,69.90
2026-03-30 18:22:42,38,657,10,29.70,70.00
2026-03-30 18:22:47,49,638,0,29.70,69.90
2026-03-30 18:22:52,54,656,12,29.70,69.90
2026-03-30 18:22:57,65,615,0,29.80,69.90
2026-03-30 18:23:02,53,622,0,29.70,70.10
2026-03-30 18:23:07,70,669,0,29.70,70.00
2026-03-30 18:23:12,54,655,1,29.70,70.10
2026-03-30 18:23:17,57,629,0,29.70,70.00
2026-03-30 18:23:22,69,659,0,29.70,70.00
2026-03-30 18:23:27,55,624,0,29.70,70.00
2026-03-30 18:23:32,43,623,0,29.70,70.00
2026-03-30 18:23:37,62,624,0,29.70,70.10
2026-03-30 18:23:42,66,607,0,29.70,70.00
2026-03-30 18:23:47,48,610,0,29.70,70.10
2026-03-30 18:23:52,58,619,0,29.70,70.00
2026-03-30 18:23:57,48,610,0,29.70,70.00
2026-03-30 18:24:02,52,595,0,29.70,70.20
2026-03-30 18:24:07,43,616,0,29.80,70.10
2026-03-30 18:24:12,58,575,0,29.70,70.10
2026-03-30 18:24:17,48,595,0,29.70,70.10
2026-03-30 18:24:22,54,603,3,29.70,70.10
2026-03-30 18:24:27,54,577,9,29.70,70.10
2026-03-30 18:24:32,32,605,0,29.70,70.00
2026-03-30 18:24:37,54,624,0,29.70,70.10
2026-03-30 18:24:42,64,579,0,29.70,70.20
2026-03-30 18:24:47,42,592,0,29.70,70.20
2026-03-30 18:24:52,42,567,0,29.70,70.10
2026-03-30 18:24:57,46,592,11,29.70,70.10
2026-03-30 18:25:02,32,559,0,29.70,70.10
2026-03-30 18:25:07,46,571,0,29.70,70.10
2026-03-30 18:25:12,36,560,8,29.70,70.10
2026-03-30 18:25:17,53,601,0,29.70,70.10
2026-03-30 18:25:22,77,569,0,29.70,70.20
2026-03-30 18:25:27,43,571,0,29.70,70.10
2026-03-30 18:25:32,43,564,0,29.70,70.20
2026-03-30 18:25:37,32,544,0,29.70,70.20
2026-03-30 18:25:42,48,529,0,29.70,70.10
2026-03-30 18:25:47,48,576,0,29.70,70.10
2026-03-30 18:25:52,50,583,0,29.70,70.20
2026-03-30 18:25:57,32,547,0,29.70,70.30
2026-03-30 18:26:07,47,561,0,29.70,70.20
2026-03-30 18:26:12,42,542,26,29.70,70.20
2026-03-30 18:26:17,57,572,0,29.70,70.20
2026-03-30 18:26:22,57,562,0,29.70,70.40
2026-03-30 18:26:27,46,560,0,29.70,70.30
2026-03-30 18:26:32,37,555,0,29.70,70.30
2026-03-30 18:26:37,32,558,0,29.70,70.40
2026-03-30 18:26:42,41,551,0,29.70,70.30
2026-03-30 18:26:47,43,559,0,29.70,70.20
2026-03-30 18:26:52,35,546,0,29.70,70.40
2026-03-30 18:26:57,45,546,0,29.70,70.20
2026-03-30 18:27:02,50,550,0,29.70,70.40
2026-03-30 18:27:07,48,549,0,29.70,70.30
2026-03-30 18:27:12,51,528,0,29.70,70.40
2026-03-30 18:27:17,46,544,0,29.70,70.30
2026-03-30 18:27:22,48,615,0,29.70,70.40
2026-03-30 18:27:27,35,511,0,29.70,70.40
2026-03-30 18:27:32,48,510,0,29.70,70.30
2026-03-30 18:27:37,32,510,0,29.70,70.40
2026-03-30 18:27:42,48,538,1,29.70,70.40
2026-03-30 18:27:47,48,491,0,29.70,70.30
2026-03-30 18:27:52,48,546,0,29.70,70.30
2026-03-30 18:27:57,64,534,0,29.70,70.50
2026-03-30 18:28:02,25,528,0,29.70,70.40
2026-03-30 18:28:07,54,563,0,29.70,70.40
2026-03-30 18:28:12,52,500,0,29.70,70.20
2026-03-30 18:28:17,33,535,0,29.70,70.30
2026-03-30 18:28:22,40,540,0,29.70,70.40
2026-03-30 18:28:27,41,615,0,29.70,70.30
2026-03-30 18:28:37,40,535,0,29.70,70.40
2026-03-30 18:28:42,29,487,0,29.70,70.40
2026-03-30 18:28:47,46,539,0,29.70,70.30
2026-03-30 18:28:52,48,511,0,29.70,70.30
2026-03-30 18:28:57,35,501,9,29.80,70.50
2026-03-30 18:29:02,37,505,0,29.70,70.60
2026-03-30 18:29:08,31,511,6,29.70,70.40
2026-03-30 18:29:13,47,481,0,29.70,70.40
2026-03-30 18:29:18,47,509,0,29.80,70.60
2026-03-30 18:29:23,42,485,0,29.80,70.40
2026-03-30 18:29:28,38,528,58,29.70,70.40
2026-03-30 18:29:33,34,528,0,29.70,70.40
2026-03-30 18:29:38,42,482,0,29.80,70.50
2026-03-30 18:29:43,43,506,0,29.70,70.50
2026-03-30 18:29:48,35,511,0,29.70,70.40
2026-03-30 18:29:53,39,527,0,29.70,70.40
2026-03-30 18:29:58,112,509,5,29.70,70.40
2026-03-30 18:30:03,48,494,0,29.70,70.40
2026-03-30 18:30:08,33,511,0,29.70,70.30
2026-03-30 18:30:13,111,486,0,29.70,70.40
2026-03-30 18:30:18,47,468,0,29.70,70.40
2026-03-30 18:30:23,43,528,0,29.70,70.40
2026-03-30 18:30:28,44,508,0,29.70,70.40
2026-03-30 18:30:33,80,508,0,29.70,70.40
2026-03-30 18:30:38,46,485,0,29.70,70.40
2026-03-30 18:30:43,42,507,0,29.70,70.30
2026-03-30 18:30:48,46,495,0,29.70,70.40
2026-03-30 18:30:53,42,511,0,29.70,70.40
2026-03-30 18:30:58,41,481,0,29.70,70.50
2026-03-30 18:31:03,32,482,0,29.70,70.30
2026-03-30 18:31:08,46,491,0,29.70,70.30
2026-03-30 18:31:13,44,502,0,29.70,70.40
2026-03-30 18:31:18,48,470,0,29.70,70.40
2026-03-30 18:31:23,55,493,0,29.70,70.60
2026-03-30 18:31:28,53,483,0,29.70,70.60
2026-03-30 18:31:33,40,496,0,29.70,70.40
2026-03-30 18:31:38,27,460,0,29.70,70.40
2026-03-30 18:31:43,96,493,0,29.70,70.40
2026-03-30 18:31:48,32,477,0,29.70,70.50
2026-03-30 18:31:53,42,486,0,29.70,70.40
2026-03-30 18:31:58,32,465,0,29.70,70.50
2026-03-30 18:32:03,48,479,1,29.70,70.50
2026-03-30 18:32:13,46,458,0,29.70,70.40
2026-03-30 18:32:18,48,507,0,29.70,70.30
2026-03-30 18:39:30,45,478,0,29.70,70.60
2026-03-30 18:39:30,36,448,0,29.70,70.60
2026-03-30 18:39:30,45,448,0,29.60,70.80
2026-03-30 18:39:30,48,437,0,29.70,70.70
2026-03-30 20:17:10,130,914,33,28.70,74.70
2026-03-30 20:17:15,111,910,10,28.70,74.60
2026-03-30 20:17:20,128,890,15,28.70,74.50
2026-03-30 20:17:25,128,867,15,28.70,74.50
2026-03-30 20:17:30,128,841,21,28.70,74.60
2026-03-30 20:17:35,123,848,13,28.70,74.50
2026-03-30 20:17:40,112,766,16,28.70,74.50
2026-03-30 20:17:45,116,831,1,28.70,74.50
2026-03-30 20:17:50,110,784,16,28.70,74.50
2026-03-30 20:17:55,105,780,9,28.80,74.50
2026-03-30 20:18:00,89,797,26,28.80,74.50
2026-03-30 20:18:05,105,763,0,28.70,74.40
2026-03-30 20:18:10,114,767,10,28.80,74.40
2026-03-30 20:18:15,95,772,8,28.80,74.40
2026-03-30 20:18:20,97,741,3,28.70,74.40
2026-03-30 20:18:25,108,800,0,28.80,74.40
2026-03-30 20:18:30,108,718,16,28.80,74.50
2026-03-30 20:18:35,94,757,4,28.70,74.40
2026-03-30 20:18:40,99,720,0,28.80,74.20
2026-03-30 20:18:46,109,737,0,28.70,74.40
2026-03-30 20:18:51,86,690,17,28.80,74.40
2026-03-30 20:18:56,97,739,6,28.80,74.30
2026-03-30 20:19:01,94,715,11,28.80,74.40
2026-03-30 20:19:06,95,703,16,28.80,74.20
2026-03-30 20:19:11,140,689,11,28.80,74.30
2026-03-30 20:19:16,91,707,10,28.80,74.30
2026-03-30 20:19:21,86,688,0,28.80,74.10
2026-03-30 20:19:26,97,690,0,28.80,74.20
2026-03-30 20:19:31,97,687,10,28.70,74.30
2026-03-30 20:19:36,95,689,0,28.80,74.30
2026-03-30 20:19:41,84,669,9,28.80,74.20
2026-03-30 20:19:46,97,644,17,28.80,74.20
2026-03-30 20:19:51,85,675,0,28.80,74.20
2026-03-30 20:19:56,89,662,28,28.80,74.10
2026-03-30 20:20:01,71,663,10,28.80,74.10
2026-03-30 20:20:06,99,647,6,28.80,74.10
2026-03-30 20:20:11,99,656,5,28.80,74.20
2026-03-30 20:20:16,99,667,6,28.80,74.20
2026-03-30 20:20:21,96,656,16,28.80,74.20
2026-03-30 20:20:26,86,646,13,28.80,74.10
2026-03-30 20:20:31,81,653,16,28.80,74.10
2026-03-30 20:20:36,85,702,7,28.80,74.20
2026-03-30 20:20:41,83,665,11,28.80,74.20
2026-03-30 20:20:46,87,667,16,28.80,74.10
2026-03-30 20:20:51,95,669,4,28.80,74.20
2026-03-30 20:20:56,85,667,8,28.80,74.10
2026-03-30 20:21:01,85,656,0,28.80,74.10
2026-03-30 20:21:06,92,654,0,28.80,74.10
2026-03-30 20:21:11,90,624,3,28.80,74.10
2026-03-30 20:21:16,82,658,9,28.80,74.10
2026-03-30 20:21:21,70,641,7,28.80,73.90
2026-03-30 20:21:31,76,619,0,28.80,74.20
2026-03-30 20:21:36,77,633,0,28.80,73.90
2026-03-30 20:21:41,87,622,13,28.80,74.20
2026-03-30 20:21:46,80,625,9,28.80,74.20
2026-03-30 20:21:51,80,622,2,28.80,74.10
2026-03-30 20:21:56,85,642,1,28.80,74.10
2026-03-30 20:22:01,61,656,2,28.80,74.10
2026-03-30 20:22:06,0,624,0,28.80,74.00
2026-03-30 20:22:11,80,635,0,28.80,74.00
2026-03-30 20:22:16,81,629,1,28.80,74.10
2026-03-30 20:22:21,78,608,0,28.80,74.10
2026-03-30 20:22:26,80,611,16,28.70,74.00
2026-03-30 20:22:31,73,629,37,28.80,74.10
2026-03-30 20:22:36,64,637,0,28.80,74.10
2026-03-30 20:22:41,71,633,0,28.80,74.10
2026-03-30 20:22:46,71,610,18,28.80,74.10
2026-03-30 20:22:51,80,631,4,28.80,74.10
2026-03-30 20:22:56,81,608,2,28.80,74.00
2026-03-30 20:23:01,86,599,5,28.80,73.90
2026-03-30 20:23:06,80,624,0,28.80,74.10
2026-03-30 20:23:11,74,623,0,28.80,74.10
2026-03-30 20:23:16,83,624,0,28.80,74.00
2026-03-30 20:23:21,77,575,1,28.80,74.10
2026-03-30 20:23:26,73,611,0,28.80,74.10
2026-03-30 20:23:31,79,603,0,28.80,74.10
2026-03-30 20:23:36,81,576,4,28.80,74.10
2026-03-30 20:23:41,77,604,0,28.80,73.90
2026-03-30 20:23:46,74,613,15,28.80,74.00
2026-03-30 20:23:51,81,565,7,28.80,74.00
2026-03-30 20:23:56,80,594,0,28.80,74.10
2026-03-30 20:24:01,0,560,0,28.80,74.10
2026-03-30 20:24:06,65,583,3,28.80,74.20
2026-03-30 20:24:11,85,573,0,28.80,74.20
2026-03-30 20:24:16,80,592,0,28.80,74.10
2026-03-30 20:24:21,65,592,0,28.80,74.00
2026-03-30 20:24:26,74,591,0,28.80,74.20
2026-03-30 20:24:31,79,583,0,28.80,74.10
2026-03-30 20:24:36,78,560,15,28.80,74.10
2026-03-30 20:24:41,64,560,1,28.80,74.10
2026-03-30 20:24:46,64,599,0,28.80,74.10
2026-03-30 20:24:51,91,580,0,28.80,74.00
2026-03-30 20:24:56,67,571,16,28.80,74.20
2026-03-30 20:25:01,69,545,11,28.80,74.10
2026-03-30 20:25:06,67,545,1,28.80,74.20
2026-03-30 20:25:11,70,591,5,28.80,74.20
2026-03-30 20:25:16,0,560,0,28.80,74.20
2026-03-30 20:25:21,81,571,0,28.80,74.20
2026-03-30 20:25:26,66,564,0,28.80,74.20
2026-03-30 20:25:31,71,573,5,28.80,74.10
2026-03-30 20:25:36,64,559,0,28.80,74.10
2026-03-30 20:25:41,64,545,0,28.80,74.30
2026-03-30 20:25:46,50,560,0,28.80,74.20
2026-03-30 20:25:56,64,561,0,28.90,74.20
2026-03-30 20:26:01,58,549,0,28.90,74.10
2026-03-30 20:26:06,96,580,0,28.80,74.10
2026-03-30 20:26:11,68,579,0,28.80,74.10
2026-03-30 20:26:16,74,557,1,28.90,74.10
2026-03-30 20:26:21,62,567,12,28.90,74.10
2026-03-30 20:26:26,57,558,0,28.80,74.20
2026-03-30 20:26:31,129,561,0,28.80,74.00
2026-03-30 20:26:36,64,560,0,28.80,74.00
2026-03-30 20:26:41,56,585,0,28.80,74.10
2026-03-30 20:26:46,0,542,0,28.80,74.00
2026-03-30 20:26:51,55,558,0,28.80,74.10
2026-03-30 20:26:56,64,576,1,28.80,74.00
2026-03-30 20:27:01,49,567,0,28.80,74.00
2026-03-30 20:27:06,64,557,6,28.80,74.10
2026-03-30 20:27:11,80,512,0,28.90,73.90
2026-03-30 20:27:16,62,556,0,28.80,73.90
2026-03-30 20:27:21,48,476,10,28.80,74.10
2026-03-30 20:27:26,50,565,0,28.80,74.00
2026-03-30 20:27:31,0,542,0,28.80,74.10
2026-03-30 20:27:36,57,551,0,28.80,74.00
2026-03-30 20:27:41,64,532,13,28.80,74.10
2026-03-30 20:27:46,58,545,0,28.80,74.00
2026-03-30 20:27:51,0,542,15,28.80,74.00
2026-03-30 20:27:56,61,575,0,28.90,74.00
2026-03-30 20:28:01,67,544,7,28.80,74.00
2026-03-30 20:28:06,65,535,2,28.80,74.00
2026-03-30 20:28:11,58,561,1,28.80,74.00
2026-03-30 20:28:16,64,554,0,28.80,74.00
2026-03-30 20:28:21,60,507,0,28.90,74.00
2026-03-30 20:28:28,64,533,5,28.80,74.00
2026-03-30 20:28:33,53,558,0,28.80,73.90
2026-03-30 20:28:38,80,566,7,28.80,73.90
2026-03-30 20:28:43,0,539,0,28.80,73.90
2026-03-30 20:28:48,80,543,0,28.80,74.00
2026-03-30 20:28:53,55,555,0,28.80,74.10
2026-03-30 20:28:58,47,542,0,28.80,74.10
2026-03-30 20:29:03,56,576,0,28.80,74.10
2026-03-30 20:29:08,64,536,9,28.90,74.00
2026-03-30 20:29:13,0,542,0,28.80,74.00
2026-03-30 20:29:18,55,526,3,28.90,74.00
2026-03-30 20:29:23,56,542,0,28.80,74.10
2026-03-30 20:29:28,64,543,461,28.80,74.00
2026-03-30 20:29:33,49,561,0,28.80,74.00
2026-03-30 20:29:38,62,542,0,28.80,74.10
2026-03-30 20:29:43,58,534,13,28.80,73.90
2026-03-30 20:29:48,32,525,0,28.80,73.90
2026-03-30 20:29:53,57,576,0,28.80,74.00
2026-03-30 20:29:58,66,564,0,28.80,74.00
2026-03-30 20:30:03,78,544,0,28.80,74.00
2026-03-30 20:30:08,64,503,0,28.80,73.90
2026-03-30 20:30:13,69,541,16,28.80,73.90
2026-03-30 20:30:18,66,528,0,28.80,74.00
2026-03-30 20:30:23,62,511,0,28.80,73.90
2026-03-30 20:30:28,59,511,0,28.90,74.00
2026-03-30 20:30:33,59,544,0,28.80,74.00
2026-03-30 20:30:38,74,541,0,28.80,73.90
2026-03-30 20:30:43,82,541,0,28.80,74.10
2026-03-30 20:30:48,58,525,0,28.90,74.10
2026-03-30 20:30:53,48,543,0,28.80,73.80
2026-03-30 20:30:58,51,511,0,28.80,73.90
2026-03-30 20:31:03,64,538,10,28.80,73.90
2026-03-30 20:31:08,0,496,0,28.80,74.00
2026-03-30 20:31:13,52,509,0,28.80,74.10
2026-03-30 20:31:18,65,497,0,28.80,74.00
2026-03-30 20:31:23,61,544,0,28.80,73.90
2026-03-30 20:31:28,52,509,0,28.80,73.90
2026-03-30 20:31:33,60,511,0,28.80,74.00
2026-03-30 20:31:38,64,508,0,28.80,73.90
2026-03-30 20:31:43,46,499,0,28.80,74.00
2026-03-30 20:31:48,50,528,0,28.80,74.00
2026-03-30 20:31:53,58,502,0,28.80,74.00
2026-03-30 20:31:59,64,503,1,28.80,73.90
2026-03-30 20:32:04,49,507,0,28.80,74.00
2026-03-30 20:32:09,64,511,0,28.80,74.00
2026-03-30 20:32:14,51,528,0,28.80,74.10
2026-03-30 20:32:21,60,528,4,28.80,73.90
2026-03-30 20:32:26,94,493,0,28.80,74.10
2026-03-30 20:32:31,53,488,0,28.80,74.00
2026-03-30 20:32:36,51,495,0,28.80,74.00
2026-03-30 20:32:41,46,511,0,28.80,73.90
2026-03-30 20:32:46,54,487,0,28.80,73.90
2026-03-30 20:32:51,43,530,0,28.80,74.00
2026-03-30 20:32:56,62,494,2,28.80,73.90
2026-03-30 20:33:01,58,496,0,28.80,73.90
2026-03-30 20:33:06,49,508,0,28.80,73.90
2026-03-30 20:33:11,0,503,0,28.80,74.00
2026-03-30 20:33:16,48,525,0,28.80,73.90
2026-03-30 20:33:21,67,478,0,28.80,74.00
2026-03-30 20:33:26,43,511,12,28.80,73.90
2026-03-30 20:33:31,64,496,0,28.80,73.90
2026-03-30 20:33:36,49,471,0,28.80,74.00
2026-03-30 20:33:41,54,529,0,28.80,73.90
2026-03-30 20:33:46,45,506,0,28.80,74.00
2026-03-30 20:33:51,41,495,11,28.80,74.10
2026-03-30 20:33:56,43,507,0,28.80,73.90
2026-03-30 20:34:01,52,496,0,28.80,74.00
2026-03-30 20:34:06,45,492,0,28.80,74.00
2026-03-30 20:34:11,54,497,0,28.80,73.90
2026-03-30 20:34:16,49,464,0,28.80,73.90
2026-03-30 20:34:21,50,490,0,28.80,74.00
2026-03-30 20:34:26,69,471,0,28.80,74.00
2026-03-30 20:34:31,48,497,0,28.80,74.00
2026-03-30 20:34:36,0,497,0,28.80,74.00
2026-03-30 20:34:41,64,494,0,28.80,74.10
2026-03-30 20:34:46,61,508,3,28.80,74.00
2026-03-30 20:34:51,41,526,0,28.80,74.00
2026-03-30 20:34:56,62,527,0,28.80,74.10
2026-03-30 20:35:01,0,525,0,28.80,74.00
2026-03-30 20:35:11,60,481,0,28.80,73.80
2026-03-30 20:35:16,51,499,0,28.80,74.10
2026-03-30 20:35:21,32,507,0,28.80,74.00
2026-03-30 20:35:26,61,464,0,28.80,73.90
2026-03-30 20:35:31,50,505,0,28.80,73.90
2026-03-30 20:35:36,59,486,0,28.80,74.00
2026-03-30 20:35:41,53,511,0,28.80,74.00
2026-03-30 20:35:46,32,480,0,28.80,74.00
2026-03-30 20:35:51,68,500,0,28.80,74.00
2026-03-30 20:35:56,38,465,0,28.80,74.10
2026-03-30 20:36:01,46,486,0,28.80,74.10
2026-03-30 20:36:06,64,462,6,28.80,74.00
2026-03-30 20:36:11,61,448,0,28.80,74.10
2026-03-30 20:36:16,54,487,8,28.80,74.00
2026-03-30 20:36:21,48,497,0,28.80,74.00
2026-03-30 20:36:26,48,474,0,28.80,74.10
2026-03-30 20:36:31,0,473,0,28.80,74.00
2026-03-30 20:36:36,37,472,0,28.80,74.10
2026-03-30 20:36:41,44,492,9,28.80,74.00
2026-03-30 20:36:46,45,481,0,28.70,74.00
2026-03-30 20:36:51,32,492,0,28.80,74.10
2026-03-30 20:36:56,46,449,0,28.80,74.10
2026-03-30 20:37:06,35,402,0,28.80,74.00
2026-03-30 20:37:11,33,479,0,28.80,74.00
2026-03-30 20:37:16,36,448,0,28.80,74.00
2026-03-30 20:37:21,289,465,2,28.80,74.00
2026-03-30 20:37:26,32,469,0,28.80,74.00
2026-03-30 20:37:31,48,465,0,28.80,74.10
2026-03-30 20:37:36,48,482,0,28.70,74.10
2026-03-30 20:37:41,32,450,9,28.80,74.10
2026-03-30 20:37:46,42,494,0,28.80,74.20
2026-03-30 20:37:51,48,471,0,28.70,74.20
2026-03-30 20:37:56,31,461,0,28.70,74.00
2026-03-30 20:38:01,43,451,0,28.80,74.00
2026-03-30 20:38:06,48,473,0,28.80,74.10
2026-03-30 20:38:11,0,491,0,28.80,74.00
2026-03-30 20:38:16,60,466,0,28.70,74.00
2026-03-30 20:38:21,48,479,0,28.80,74.00
2026-03-30 20:38:26,48,464,0,28.80,74.10
2026-03-30 20:38:31,0,464,0,28.70,74.00
2026-03-30 20:38:36,46,487,6,28.80,74.10
2026-03-30 20:38:41,40,491,0,28.70,74.00
2026-03-30 20:38:46,37,467,0,28.80,74.00
2026-03-30 20:38:51,32,469,0,28.80,74.00
2026-03-30 20:38:56,31,442,0,28.70,74.00
2026-03-30 20:39:01,48,478,0,28.80,74.10
2026-03-30 20:39:06,0,455,0,28.80,74.00
2026-03-30 20:39:11,47,435,0,28.80,74.10
2026-03-30 20:39:16,51,448,0,28.80,74.10
2026-03-30 20:39:21,45,454,0,28.70,74.00
2026-03-30 20:39:26,38,459,0,28.80,74.10
2026-03-30 20:39:31,0,486,0,28.80,74.10
2026-03-30 20:39:36,55,458,0,28.80,74.10
2026-03-30 20:39:41,56,470,0,28.80,74.00
2026-03-30 20:39:46,43,445,0,28.80,74.00
2026-03-30 20:39:51,38,457,0,28.80,74.00
2026-03-30 20:39:56,48,453,0,28.70,73.90
2026-03-30 20:40:01,0,454,0,28.70,74.10
2026-03-30 20:40:06,47,450,0,28.70,74.00
2026-03-30 20:40:11,48,464,0,28.70,74.10
2026-03-30 20:40:16,48,474,3,28.80,74.10
2026-03-30 20:40:23,34,443,0,28.80,74.00
2026-03-30 20:40:28,42,450,0,28.80,74.00
2026-03-30 20:40:33,47,437,0,28.80,74.10
2026-03-30 20:40:38,0,435,0,28.70,74.00
2026-03-30 20:40:43,48,448,0,28.70,74.20
2026-03-30 20:40:48,48,448,0,28.70,74.00
2026-03-30 20:40:53,39,448,0,28.70,74.10
2026-03-30 20:40:58,45,453,0,28.70,74.00
2026-03-30 20:41:03,0,455,0,28.80,74.10
2026-03-30 20:41:08,50,465,5,28.70,74.10
2026-03-30 20:41:13,51,432,0,28.70,74.00
2026-03-30 20:41:18,48,438,0,28.70,74.00
2026-03-30 20:41:23,50,445,0,28.70,74.10
2026-03-30 20:41:28,36,436,16,28.80,74.10
2026-03-30 20:41:33,45,427,0,28.70,74.20
2026-03-30 20:41:38,32,458,0,28.70,74.10
2026-03-30 20:41:43,32,442,0,28.70,74.10
2026-03-30 20:41:48,48,450,0,28.70,74.20
2026-03-30 20:41:53,42,440,0,28.70,74.20
2026-03-30 20:41:58,38,445,0,28.70,74.20
2026-03-30 20:42:03,32,411,0,28.70,74.20
2026-03-30 20:42:08,68,436,0,28.70,74.20
2026-03-30 20:42:13,31,452,0,28.70,74.10
2026-03-30 20:42:18,45,440,2,28.70,74.10
2026-03-30 20:42:23,44,446,0,28.70,74.10
2026-03-30 20:42:28,32,444,0,28.70,74.20
2026-03-30 20:42:33,48,420,0,28.70,74.20
2026-03-30 20:42:38,49,433,0,28.70,74.20
2026-03-30 20:42:43,48,432,0,28.70,74.20
2026-03-30 20:42:48,35,432,0,28.70,74.10
2026-03-30 20:42:53,0,434,0,28.70,74.10
2026-03-30 20:42:58,61,426,0,28.70,74.20
2026-03-30 20:43:03,55,420,0,28.70,74.20
2026-03-30 20:43:08,43,445,0,28.70,74.20
2026-03-30 20:43:13,16,422,0,28.70,74.20
2026-03-30 20:43:18,33,409,0,28.70,74.30
2026-03-30 20:43:23,48,416,0,28.70,74.20
2026-03-30 20:43:28,9,432,0,28.70,74.20
2026-03-30 20:43:33,0,448,0,28.70,74.20
2026-03-30 20:43:38,71,427,0,28.70,74.20
2026-03-30 20:43:43,39,415,0,28.70,74.20
2026-03-30 20:43:48,34,427,0,28.70,74.20
2026-03-30 20:43:53,41,461,2,28.70,74.10
2026-03-30 20:43:58,0,463,0,28.70,74.30
2026-03-30 20:44:03,48,432,0,28.70,74.10
2026-03-30 20:44:08,44,400,0,28.70,74.20
2026-03-30 20:44:13,56,412,2,28.70,74.20
2026-03-30 20:44:19,32,437,0,28.70,74.20
2026-03-30 20:44:24,32,432,0,28.70,74.20
2026-03-30 20:44:29,37,415,26,28.70,74.30
2026-03-30 20:44:34,0,446,0,28.70,74.30
2026-03-30 20:44:39,38,436,0,28.70,74.30
2026-03-30 20:44:44,39,427,0,28.70,74.20
2026-03-30 20:44:49,29,391,0,28.70,74.20
2026-03-30 20:44:54,64,453,0,28.70,74.20
2026-03-30 20:44:59,39,427,0,28.70,74.20
2026-03-30 20:45:04,32,448,0,28.70,74.30
2026-03-30 20:45:09,50,415,0,28.70,74.30
2026-03-30 20:45:14,32,432,0,28.70,74.30
2026-03-30 20:45:19,38,428,34,28.70,74.20
2026-03-30 20:45:24,43,435,0,28.70,74.30
2026-03-30 20:45:29,54,411,0,28.70,74.30
2026-03-30 20:45:34,36,432,0,28.70,74.40
2026-03-30 20:45:39,45,391,5,28.70,74.30
2026-03-30 20:45:44,45,398,0,28.70,74.30
2026-03-30 20:45:54,43,393,0,28.70,74.40
2026-03-30 20:45:59,44,420,0,28.70,74.30
2026-03-30 20:46:04,39,407,0,28.70,74.40
2026-03-30 20:46:09,0,397,0,28.70,74.30
2026-03-30 20:46:14,47,412,0,28.70,74.40
2026-03-30 20:46:19,36,427,0,28.60,74.50
2026-03-30 20:46:24,35,404,0,28.70,74.40
2026-03-30 20:46:29,50,344,0,28.70,74.40
2026-03-30 20:46:34,48,250,0,28.70,74.30
2026-03-30 20:46:39,55,402,0,28.70,74.50
2026-03-30 20:46:44,38,422,0,28.70,74.40
2026-03-30 20:46:49,44,401,0,28.70,74.40
2026-03-30 20:46:54,48,423,0,28.70,74.30
2026-03-30 20:46:59,30,399,3,28.70,74.30
2026-03-30 20:47:04,38,406,0,28.70,74.40
2026-03-30 20:47:09,0,412,0,28.70,74.40
2026-03-30 20:47:14,32,386,50,28.70,74.30
2026-03-30 20:47:19,52,405,0,28.70,74.40
2026-03-30 20:47:24,0,420,0,28.70,74.40
2026-03-30 20:47:29,48,412,0,28.70,74.40
2026-03-30 20:47:34,50,400,0,28.70,74.40
2026-03-30 20:47:39,48,409,0,28.70,74.50
2026-03-30 20:47:44,32,435,0,28.70,74.40
2026-03-30 20:47:49,48,407,0,28.70,74.30
2026-03-30 20:47:54,165,395,0,28.70,74.40
2026-03-30 20:47:59,42,431,0,28.70,74.50
2026-03-30 20:48:04,32,411,0,28.70,74.40
2026-03-30 20:48:09,47,412,0,28.70,74.40
2026-03-30 20:48:14,0,407,0,28.70,74.40
2026-03-30 20:48:19,70,417,0,28.70,74.40
2026-03-30 20:48:24,80,408,0,28.70,74.50
2026-03-30 20:48:29,55,425,0,28.70,74.40
2026-03-30 20:48:34,58,417,0,28.70,74.50
2026-03-30 20:48:39,47,389,0,28.70,74.50
2026-03-30 20:48:44,45,423,0,28.70,74.50
2026-03-30 20:48:49,28,409,0,28.70,74.60
2026-03-30 20:48:54,48,448,0,28.70,74.40
2026-03-30 20:48:59,48,390,0,28.70,74.50
2026-03-30 20:49:04,48,394,0,28.70,74.50
2026-03-30 20:49:09,38,406,0,28.70,74.60
2026-03-30 20:49:14,40,430,5,28.70,74.50
2026-03-30 20:49:19,48,391,0,28.70,74.40
2026-03-30 20:49:24,40,374,0,28.70,74.40
2026-03-30 20:49:29,42,381,0,28.70,74.50
2026-03-30 20:49:34,47,413,0,28.70,74.40
2026-03-30 20:49:39,30,422,0,28.70,74.50
2026-03-30 20:49:44,48,418,0,28.70,74.40
2026-03-30 20:49:49,39,387,0,28.70,74.50
2026-03-30 20:49:54,47,422,0,28.70,74.50
2026-03-30 20:49:59,47,400,0,28.70,74.40
2026-03-30 20:50:04,0,428,0,28.70,74.50
2026-03-30 20:50:09,48,419,0,28.70,74.50
2026-03-30 20:50:14,0,391,0,28.70,74.50
2026-03-30 20:50:19,48,396,0,28.70,74.40
2026-03-30 20:50:24,42,411,0,28.70,74.60
2026-03-30 20:50:29,44,407,0,28.70,74.40
2026-03-30 20:50:34,37,395,0,28.70,74.50
2026-03-30 20:50:39,36,401,0,28.70,74.50
2026-03-30 20:50:44,37,415,0,28.70,74.50
2026-03-30 20:50:49,48,415,0,28.70,74.50
2026-03-30 20:50:54,46,412,0,28.70,74.40
2026-03-30 20:50:59,43,432,0,28.70,74.50
2026-03-30 20:51:04,34,400,0,28.70,74.50
2026-03-30 20:51:09,37,375,0,28.70,74.50
2026-03-30 20:51:14,32,426,0,28.70,74.50
2026-03-30 20:51:19,27,416,0,28.70,74.50
2026-03-30 20:51:24,42,400,0,28.60,74.50
2026-03-30 20:51:29,31,420,2,28.70,74.50
2026-03-30 20:51:34,50,369,0,28.70,74.50
2026-03-30 20:51:39,48,409,0,28.70,74.40
2026-03-30 20:51:44,34,392,0,28.70,74.50
2026-03-30 20:51:49,36,389,0,28.70,74.50
2026-03-30 20:51:54,30,409,0,28.70,74.50
2026-03-30 20:51:59,40,390,0,28.70,74.50
2026-03-30 20:52:04,39,396,128,28.70,74.60
2026-03-30 20:52:09,31,405,0,28.70,74.50
2026-03-30 20:52:14,32,411,0,28.60,74.50
2026-03-30 20:52:19,27,417,0,28.70,74.50
2026-03-30 20:52:24,0,405,0,28.70,74.40
2026-03-30 20:52:29,31,366,0,28.70,74.50
2026-03-30 20:52:34,0,352,0,28.70,74.60
2026-03-30 20:52:39,35,407,0,28.60,74.60
2026-03-30 20:52:44,39,405,0,28.70,74.50
2026-03-30 20:52:54,29,413,0,28.70,74.60
2026-03-30 20:52:59,28,398,0,28.70,74.60
2026-03-30 20:53:04,46,256,0,28.70,74.60
2026-03-30 20:53:09,38,395,0,28.70,74.70
2026-03-30 20:53:14,27,403,0,28.60,74.50
2026-03-30 20:53:19,48,393,0,28.70,74.60
2026-03-30 20:53:24,30,368,0,28.60,74.70
2026-03-30 20:53:29,33,402,0,28.70,74.60
2026-03-30 20:53:34,39,388,0,28.70,74.60
2026-03-30 20:53:39,32,381,144,28.70,74.60
2026-03-30 20:53:44,28,398,7,28.70,74.70
2026-03-30 20:53:49,37,394,0,28.70,74.50
2026-03-30 20:53:54,43,403,0,28.70,74.60
2026-03-30 20:53:59,55,439,0,28.70,74.60
2026-03-30 20:54:04,16,389,0,28.60,74.70
2026-03-30 20:54:09,0,408,0,28.70,74.70
2026-03-30 20:54:14,39,368,0,28.70,74.60
2026-03-30 20:54:19,47,400,0,28.70,74.60
2026-03-30 20:54:24,28,384,35,28.60,74.70
2026-03-30 20:54:29,0,394,0,28.70,74.70
2026-03-30 20:54:34,48,400,0,28.60,74.70
2026-03-30 20:54:39,37,406,0,28.70,74.70
2026-03-30 20:54:44,33,414,1,28.70,74.70
2026-03-30 20:54:49,45,399,0,28.70,74.60
2026-03-30 20:54:54,80,400,5,28.60,74.70
2026-03-30 20:54:59,45,378,0,28.60,74.60
2026-03-30 20:55:04,32,420,0,28.70,74.70
2026-03-30 20:55:09,40,400,0,28.60,74.60
2026-03-30 20:55:14,17,371,0,28.70,74.70
2026-03-30 20:55:19,22,390,0,28.70,74.80
2026-03-30 20:55:24,43,382,176,28.70,74.80
2026-03-30 20:55:29,60,389,0,28.60,74.70
2026-03-30 20:55:34,33,383,0,28.70,74.70
2026-03-30 20:55:39,32,392,0,28.60,74.80
2026-03-30 20:55:44,33,373,0,28.70,74.70
2026-03-30 20:55:49,21,416,0,28.70,74.70
2026-03-30 20:55:54,52,375,0,28.70,74.70
2026-03-30 20:55:59,0,385,0,28.70,74.70
2026-03-30 20:56:04,32,381,0,28.70,74.80
2026-03-30 20:56:09,33,378,0,28.60,74.80
2026-03-30 20:56:14,36,386,0,28.70,74.80
2026-03-30 20:56:19,45,401,0,28.60,74.80
2026-03-30 20:56:24,42,402,0,28.70,74.80
2026-03-30 20:56:29,45,377,0,28.70,74.80
2026-03-30 20:56:34,42,388,0,28.60,74.70
2026-03-30 20:56:39,33,389,0,28.70,74.70
2026-03-30 20:56:44,33,402,0,28.60,74.80
2026-03-30 20:56:49,43,362,13,28.60,74.80
2026-03-30 20:56:54,34,400,0,28.60,74.80
2026-03-30 20:56:59,42,405,0,28.70,74.80
2026-03-30 20:57:04,47,416,0,28.60,74.90
2026-03-30 20:57:09,32,419,0,28.70,74.80
2026-03-30 20:57:14,39,403,0,28.60,74.90
2026-03-30 20:57:19,37,397,3,28.70,75.00
2026-03-30 20:57:24,46,403,0,28.60,74.80
2026-03-30 20:57:29,32,368,0,28.70,74.90
2026-03-30 20:57:34,38,372,0,28.70,74.80
2026-03-30 20:57:39,52,400,0,28.60,74.90
2026-03-30 20:57:44,46,390,0,28.70,75.00
2026-03-30 20:57:49,43,366,0,28.60,74.90
2026-03-30 20:57:54,36,365,0,28.60,74.90
2026-03-30 20:57:59,0,354,0,28.60,74.80
2026-03-30 20:58:04,44,416,0,28.60,74.90
2026-03-30 20:58:09,45,390,0,28.60,74.90
2026-03-30 20:58:14,30,367,0,28.70,74.80
2026-03-30 20:58:19,32,375,0,28.60,74.90
2026-03-30 20:58:24,0,395,0,28.60,74.80
2026-03-30 20:58:29,47,390,0,28.60,74.80
2026-03-30 20:58:34,27,381,0,28.70,74.90
2026-03-30 20:58:39,38,353,0,28.60,74.90
2026-03-30 20:58:45,36,393,0,28.60,74.80
2026-03-30 20:58:50,32,73,0,28.60,74.90
2026-03-30 20:58:55,0,368,0,28.60,74.90
2026-03-30 20:59:00,0,371,0,28.70,74.90
2026-03-30 20:59:05,27,381,0,28.70,74.90
2026-03-30 20:59:10,80,368,0,28.60,74.80
2026-03-30 20:59:15,35,366,0,28.60,74.90
2026-03-30 20:59:20,16,383,0,28.70,75.00
2026-03-30 20:59:25,53,362,0,28.60,74.80
2026-03-30 20:59:30,0,380,0,28.60,74.80
2026-03-30 20:59:35,29,384,0,28.60,75.00
2026-03-30 20:59:40,48,411,0,28.60,75.00
2026-03-30 20:59:45,30,378,0,28.60,75.00
2026-03-30 20:59:50,26,397,0,28.60,74.90
2026-03-30 20:59:55,34,384,0,28.60,75.00
2026-03-30 21:00:00,35,385,0,28.60,75.00
2026-03-30 21:00:05,43,377,0,28.70,75.00
2026-03-30 21:00:10,39,399,0,28.60,74.90
2026-03-30 21:00:15,0,378,0,28.60,75.00
2026-03-30 21:00:20,40,365,0,28.60,75.00
2026-03-30 21:00:25,32,361,0,28.70,75.00
2026-03-30 21:00:30,29,368,0,28.60,74.90
2026-03-30 21:00:35,0,368,0,28.60,75.00
2026-03-30 21:00:40,7,361,0,28.60,75.00
2026-03-30 21:00:45,45,385,0,28.60,75.00
2026-03-30 21:00:50,0,383,0,28.60,75.00
2026-03-30 21:00:55,32,367,0,28.60,75.10
2026-03-30 21:01:00,0,388,0,28.60,75.00
2026-03-30 21:01:05,49,425,0,28.60,75.10
2026-03-30 21:01:10,32,384,3,28.60,75.10
2026-03-30 21:01:15,29,390,0,28.60,75.00
2026-03-30 21:01:20,32,336,0,28.60,75.10
2026-03-30 21:01:25,45,379,0,28.60,75.10
2026-03-30 21:01:30,48,371,0,28.60,75.00
2026-03-30 21:01:35,30,387,0,28.70,75.10
2026-03-30 21:01:40,50,353,0,28.70,75.20
2026-03-30 21:01:45,43,342,0,28.70,75.20
2026-03-30 21:01:50,37,361,0,28.60,75.10
2026-03-30 21:01:55,35,434,0,28.60,75.10
2026-03-30 21:02:00,43,382,0,28.70,75.20
2026-03-30 21:02:05,49,370,0,28.70,75.00
2026-03-30 21:02:10,0,368,0,28.70,75.00
2026-03-30 21:02:15,39,256,0,28.70,75.10
2026-03-30 21:02:20,44,364,0,28.70,75.10
2026-03-30 21:02:25,49,366,0,28.70,75.20
2026-03-30 21:02:30,41,353,0,28.60,75.10
2026-03-30 21:02:35,0,368,0,28.70,75.10
2026-03-30 21:02:40,48,341,0,28.60,75.10
2026-03-30 21:02:45,50,363,0,28.70,75.10
2026-03-30 21:03:41,37,349,0,28.70,75.30
2026-03-30 21:03:48,36,347,0,28.60,75.30
2026-03-30 21:03:53,0,348,2,28.60,75.30
2026-03-30 21:03:58,38,350,0,28.70,75.40
2026-03-30 21:04:03,41,343,0,28.70,75.30
2026-03-30 21:04:08,37,127,0,28.70,75.30
2026-03-30 21:04:13,30,359,0,28.70,75.20
2026-03-30 21:04:18,53,360,0,28.70,75.20
2026-03-30 21:04:23,36,358,0,28.70,75.30
2026-03-30 21:04:30,65,365,0,28.70,75.40
2026-03-30 21:04:35,28,353,3,28.70,75.40
2026-03-30 21:06:24,65,432,3,28.70,76.50
2026-03-30 21:06:29,99,403,14,28.70,76.30
2026-03-30 21:06:34,48,432,0,28.70,76.30
2026-03-30 21:06:39,46,389,0,28.80,76.00
2026-03-30 21:06:44,0,407,5,28.80,76.00
2026-03-30 21:06:49,81,385,0,28.80,75.90
2026-03-30 21:06:54,41,389,0,28.70,75.70
2026-03-30 21:06:59,59,371,0,28.80,75.50
2026-03-30 21:07:04,34,385,0,28.80,75.80
2026-03-30 21:07:09,32,383,0,28.70,75.50
2026-03-30 21:07:14,48,390,0,28.80,75.50
2026-03-30 21:07:19,49,386,0,28.80,75.50
2026-03-30 21:07:24,51,0,1,28.70,75.40
2026-03-30 21:07:29,38,391,0,28.70,75.30
2026-03-30 21:07:34,33,385,8,28.80,75.40
2026-03-30 21:07:39,26,396,0,28.80,75.20
2026-03-30 21:07:44,16,368,0,28.80,75.20
2026-03-30 21:07:49,44,339,0,28.80,75.30
2026-03-30 21:07:54,35,359,0,28.80,75.20
2026-03-30 21:07:59,39,370,0,28.70,75.10
2026-03-30 21:08:04,43,384,17,28.80,75.30
2026-03-30 21:08:09,40,381,0,28.80,75.10
2026-03-30 21:08:19,53,365,3,28.70,75.30
2026-03-30 21:08:24,46,389,0,28.80,75.10
2026-03-30 21:08:29,45,379,0,28.80,75.10
2026-03-30 21:08:34,48,380,0,28.80,75.10
2026-03-30 21:08:49,42,367,0,28.70,75.20
2026-03-30 21:09:04,32,366,13,28.80,75.20
2026-03-30 21:09:09,34,368,0,28.70,75.30
2026-03-30 21:09:14,46,348,0,28.70,75.20
2026-03-30 21:09:19,49,352,0,28.70,75.20
2026-03-30 21:09:24,37,354,0,28.70,75.20
2026-03-30 21:09:29,56,335,0,28.70,75.10
2026-03-30 21:09:34,48,357,0,28.80,75.10
2026-03-30 21:09:39,38,343,0,28.70,75.20
2026-03-30 21:09:46,39,355,0,28.80,75.10
2026-03-30 21:09:51,26,341,0,28.70,75.30
2026-03-30 21:09:56,56,359,13,28.70,75.20
2026-03-30 21:10:01,46,368,0,28.70,75.10
2026-03-30 21:10:06,39,354,0,28.70,75.20
2026-03-30 21:10:11,36,351,0,28.70,75.30
2026-03-30 21:10:16,48,374,0,28.70,75.20
2026-03-30 21:10:21,32,354,0,28.70,75.20
2026-03-30 21:10:26,47,339,0,28.70,75.20
2026-03-30 21:10:31,24,361,48,28.70,75.20
2026-03-30 21:10:36,31,364,64,28.70,75.30
2026-03-30 21:10:41,0,366,0,28.70,75.40
2026-03-30 21:10:46,0,337,0,28.70,75.20
2026-03-30 21:10:51,18,357,0,28.70,75.20
2026-03-30 21:10:56,32,362,0,28.70,75.10
2026-03-30 21:11:01,36,369,53,28.70,75.20
2026-03-30 21:11:06,48,347,0,28.70,75.20
2026-03-30 21:11:11,36,357,0,28.70,75.20
2026-03-30 21:11:16,47,340,0,28.70,75.20
2026-03-30 21:11:21,39,362,0,28.70,75.30
2026-03-30 21:11:26,48,349,0,28.70,75.40
2026-03-30 21:11:31,45,345,0,28.70,75.40
2026-03-30 21:11:36,0,351,0,28.70,75.30
2026-03-30 21:11:41,37,352,0,28.70,75.60
2026-03-30 21:11:46,48,366,0,28.70,75.40
2026-03-30 21:11:51,48,361,0,28.70,75.40
2026-03-30 21:11:56,35,354,0,28.70,75.30
2026-03-30 21:12:01,48,365,0,28.70,75.30
2026-03-30 21:12:06,35,354,0,28.70,75.30
2026-03-30 21:12:11,43,336,0,28.70,75.50
2026-03-30 21:12:16,42,351,0,28.70,75.50
2026-03-30 21:12:22,38,341,0,28.70,75.30
2026-03-30 21:12:26,43,336,0,28.70,75.40
2026-03-30 21:12:32,45,368,0,28.70,75.40
2026-03-30 21:12:37,2,358,1,28.70,75.50
2026-03-30 21:12:42,48,344,0,28.70,75.40
2026-03-30 21:12:47,44,368,0,28.70,75.40
2026-03-30 21:12:52,44,341,1,28.70,75.40
2026-03-30 21:12:57,35,381,0,28.70,75.40
2026-03-30 21:13:02,46,337,0,28.70,75.50
2026-03-30 21:13:07,0,343,0,28.70,75.50
2026-03-30 21:13:12,30,369,0,28.70,75.40
2026-03-30 21:13:17,21,362,0,28.70,75.50
2026-03-30 21:13:22,35,365,0,28.70,75.50
2026-03-30 21:13:27,35,317,11,28.70,75.40
2026-03-30 21:13:32,61,347,0,28.70,75.40
2026-03-30 21:13:37,65,315,0,28.70,75.50
2026-03-30 21:13:42,39,351,0,28.70,75.40
2026-03-30 21:13:47,41,322,0,28.70,75.60
2026-03-30 21:13:52,32,327,0,28.70,75.50
2026-03-30 21:13:57,48,339,0,28.70,75.50
2026-03-30 21:14:02,51,326,0,28.70,75.60
2026-03-30 21:14:07,36,328,0,28.70,75.50
2026-03-30 21:14:12,38,343,0,28.70,75.60
2026-03-30 21:14:17,53,345,0,28.70,75.60
2026-03-30 21:14:22,59,329,0,28.70,75.50
2026-03-30 21:14:27,36,332,2,28.70,75.70
2026-03-30 21:14:32,37,343,0,28.70,75.50
2026-03-30 21:14:37,37,354,5,28.70,75.50
2026-03-30 21:14:42,34,336,0,28.70,75.70
2026-03-30 21:14:47,37,336,0,28.70,75.50
2026-03-30 21:14:52,43,326,0,28.70,75.50
2026-03-30 21:14:57,32,339,0,28.70,75.60
2026-03-30 21:15:02,37,353,0,28.70,75.50
2026-03-30 21:15:07,44,349,2,28.70,75.60
2026-03-30 21:15:12,45,336,1,28.70,75.50
2026-03-30 21:15:17,33,337,0,28.70,75.70
2026-03-30 21:15:22,35,321,1,28.70,75.60
2026-03-30 21:15:27,34,330,0,28.70,75.80
2026-03-30 21:15:32,46,325,2,28.70,75.70
2026-03-30 21:15:42,38,353,0,28.70,75.50
2026-03-30 21:15:47,48,352,1,28.70,75.70
2026-03-30 21:15:52,46,365,0,28.70,75.50
2026-03-30 21:15:59,38,338,0,28.70,75.60
2026-03-30 21:16:09,48,346,0,28.70,75.60
2026-03-30 21:16:14,45,349,3,28.70,75.60
2026-03-30 21:16:19,32,348,0,28.70,75.80
2026-03-30 21:16:24,36,357,0,28.70,75.70
2026-03-30 21:16:29,47,355,0,28.70,75.90
2026-03-30 21:16:34,41,338,0,28.70,75.70
2026-03-30 21:16:44,46,348,4,28.70,75.60
2026-03-30 21:16:49,43,367,0,28.70,75.80
2026-03-30 21:16:54,48,343,0,28.70,75.80
2026-03-30 21:16:59,56,338,0,28.70,75.60
2026-03-30 21:17:04,43,350,0,28.70,75.70
2026-03-30 21:17:09,49,356,0,28.70,75.80
2026-03-30 21:17:14,36,342,0,28.70,75.80
2026-03-30 21:17:19,37,347,0,28.70,75.60
2026-03-30 21:17:24,43,705,1,28.70,75.60
2026-03-30 21:17:29,36,355,0,28.70,75.70
2026-03-30 21:17:34,34,361,0,28.70,75.70
2026-03-30 21:17:39,48,339,10,28.70,75.80
2026-03-30 21:17:44,48,327,0,28.70,75.50
2026-03-30 21:17:49,32,337,0,28.70,75.70
2026-03-30 21:17:54,49,340,0,28.70,75.80
2026-03-30 21:17:59,33,347,0,28.70,75.90
2026-03-30 21:18:04,48,352,1,28.70,75.70
2026-03-30 21:18:09,48,320,0,28.70,75.80
2026-03-30 21:18:14,69,352,0,28.70,75.70
2026-03-30 21:18:19,51,326,0,28.70,75.80
2026-03-30 21:18:24,30,358,3,28.70,75.80
2026-03-30 21:18:29,42,358,0,28.70,75.80
2026-03-30 21:18:34,39,354,0,28.70,75.70
2026-03-30 21:18:39,43,346,1,28.70,75.80
2026-03-30 21:18:44,30,347,1,28.70,75.70
2026-03-30 21:18:49,22,367,0,28.70,75.90
2026-03-30 21:18:54,52,371,0,28.70,75.60
2026-03-30 21:18:59,35,336,0,28.70,75.70
2026-03-30 21:19:04,25,325,0,28.70,75.80
2026-03-30 21:19:09,47,366,0,28.70,75.80
2026-03-30 21:19:14,48,341,0,28.70,75.60
2026-03-30 21:19:19,39,336,0,28.70,75.80
2026-03-30 21:19:24,34,336,0,28.70,75.80
2026-03-30 21:19:29,47,344,0,28.70,75.70
2026-03-30 21:19:34,59,336,0,28.70,75.80
2026-03-30 21:19:39,49,355,6,28.70,75.80
2026-03-30 21:19:44,42,336,0,28.70,75.90
2026-03-30 21:19:49,41,341,0,28.70,75.80
2026-03-30 21:19:54,46,343,0,28.70,76.00
2026-03-30 21:19:59,0,359,0,28.70,75.90
2026-03-30 21:20:04,53,313,0,28.70,75.80
2026-03-30 21:20:09,53,358,0,28.70,75.90
2026-03-30 21:20:14,48,354,0,28.70,75.90
2026-03-30 21:20:19,34,353,0,28.70,75.90
2026-03-30 21:20:24,64,368,0,28.70,75.90
2026-03-30 21:20:29,8,368,7,28.70,75.80
2026-03-30 21:20:34,38,353,0,28.70,75.90
2026-03-30 21:20:44,45,362,0,28.70,75.80
2026-03-30 21:20:49,44,353,0,28.70,75.90
2026-03-30 21:20:54,51,368,0,28.70,75.80
2026-03-30 21:20:59,48,351,0,28.70,75.80
2026-03-30 21:21:04,49,354,0,28.70,75.90
2026-03-30 21:21:09,50,347,1,28.70,75.80
2026-03-30 21:21:14,51,351,0,28.70,75.70
2026-03-30 21:21:19,16,353,6,28.70,75.80
2026-03-30 21:21:24,41,352,3,28.70,75.60
2026-03-30 21:21:29,35,343,0,28.70,75.90
2026-03-30 21:21:34,48,365,0,28.70,75.80
2026-03-30 21:21:39,48,375,0,28.70,75.70
2026-03-30 21:21:44,59,369,1,28.70,75.80
2026-03-30 21:21:49,48,362,0,28.70,75.80
2026-03-30 21:21:54,46,358,0,28.70,75.80
2026-03-30 21:21:59,50,349,0,28.70,75.90
2026-03-30 21:22:04,0,343,0,28.70,75.80
2026-03-30 21:22:09,45,371,0,28.70,75.80
2026-03-30 21:22:14,42,368,0,28.70,75.80
2026-03-30 21:22:19,48,357,1,28.70,75.70
2026-03-30 21:22:24,0,355,0,28.70,75.80
2026-03-30 21:22:29,32,336,0,28.70,75.90
2026-03-30 21:22:34,31,363,0,28.70,75.80
2026-03-30 21:22:39,46,347,0,28.70,76.00
2026-03-30 21:22:44,47,359,0,28.70,75.90
2026-03-30 21:22:49,41,336,0,28.70,76.00
2026-03-30 21:22:54,37,351,0,28.70,75.80
2026-03-30 21:22:59,48,355,0,28.70,76.00
2026-03-30 21:23:04,45,363,0,28.70,76.00
2026-03-30 21:23:09,43,368,0,28.70,75.90
2026-03-30 21:23:14,46,370,9,28.70,75.90
2026-03-30 21:23:19,46,336,0,28.70,75.90
2026-03-30 21:23:24,42,361,3,28.70,75.90
2026-03-30 21:23:29,48,362,7,28.70,75.90
2026-03-30 21:23:34,21,336,0,28.70,76.00
2026-03-30 21:23:39,43,359,0,28.70,75.80
2026-03-30 21:23:44,57,336,0,28.70,75.90
2026-03-30 21:23:49,61,337,0,28.70,75.80
2026-03-30 21:23:54,39,352,0,28.70,75.90
2026-03-30 21:23:59,39,343,0,28.70,75.90
2026-03-30 21:24:04,33,336,0,28.70,75.80
2026-03-30 21:24:09,34,336,0,28.70,75.90
2026-03-30 21:24:14,37,336,0,28.70,75.90
2026-03-30 21:24:19,30,341,0,28.70,75.90
2026-03-30 21:24:24,32,351,0,28.70,75.90
2026-03-30 21:24:29,54,354,0,28.70,75.90
2026-03-30 21:24:34,32,341,0,28.70,76.00
2026-03-30 21:24:39,47,349,0,28.70,75.80
2026-03-30 21:24:44,45,349,0,28.70,76.00
2026-03-30 21:24:49,50,337,2,28.70,75.90
2026-03-30 21:24:54,35,337,0,28.70,76.00
2026-03-30 21:24:59,44,336,0,28.70,76.00
2026-03-30 21:25:04,35,347,0,28.70,76.00
2026-03-30 21:25:09,46,323,0,28.70,75.90
2026-03-30 21:25:14,47,340,5,28.70,76.00
2026-03-30 21:25:19,35,336,0,28.70,76.10
2026-03-30 21:25:24,48,347,0,28.70,76.00
2026-03-30 21:25:29,47,336,0,28.70,76.00
2026-03-30 21:25:34,38,371,0,28.70,76.10
2026-03-30 21:25:39,42,345,0,28.70,75.90
2026-03-30 21:25:45,48,348,0,28.70,75.90
2026-03-30 21:25:50,45,336,0,28.70,76.10
2026-03-30 21:25:55,16,337,0,28.70,75.90
2026-03-30 21:26:00,42,334,2,28.70,76.00
2026-03-30 21:26:05,48,342,0,28.70,76.10
2026-03-30 21:26:10,43,353,0,28.70,76.00
2026-03-30 21:26:15,37,342,0,28.70,76.00
2026-03-30 21:26:20,54,339,0,28.70,75.90
2026-03-30 21:26:25,95,342,3,28.70,76.00
2026-03-30 21:26:30,29,349,1,28.70,75.90
2026-03-30 21:26:35,32,342,0,28.70,76.00
2026-03-30 21:26:40,43,349,0,28.70,76.00
2026-03-30 21:26:45,48,318,0,28.70,76.00
2026-03-30 21:26:50,45,340,0,28.70,75.90
2026-03-30 21:26:55,47,349,0,28.70,75.90
2026-03-30 21:27:00,0,336,0,28.70,76.10
2026-03-30 21:27:05,54,357,0,28.70,75.90
2026-03-30 21:27:10,41,337,7,28.70,75.90
2026-03-30 21:27:15,46,359,51,28.70,75.90
2026-03-30 21:27:20,47,340,0,28.70,76.10
2026-03-30 21:27:25,48,336,0,28.70,76.00
2026-03-30 21:27:30,37,364,0,28.70,76.00
2026-03-30 21:27:35,29,338,0,28.70,76.00
2026-03-30 21:27:40,43,353,0,28.70,75.90
2026-03-30 21:27:45,43,338,0,28.70,76.00
2026-03-30 21:27:50,48,350,0,28.70,76.10
2026-03-30 21:27:55,46,351,1,28.70,76.10
2026-03-30 21:28:00,53,337,5,28.70,76.20
2026-03-30 21:28:05,44,359,0,28.70,76.00
2026-03-30 21:28:10,32,353,0,28.70,76.10
2026-03-30 21:28:15,48,327,0,28.70,76.10
2026-03-30 21:28:20,45,336,0,28.70,76.00
2026-03-30 21:28:25,48,339,0,28.70,76.10
2026-03-30 21:28:30,39,341,0,28.70,75.90
2026-03-30 21:28:35,48,354,0,28.70,76.10
2026-03-30 21:28:40,35,352,0,28.70,76.10
2026-03-30 21:28:45,69,357,0,28.70,75.90
2026-03-30 21:28:50,1,325,0,28.70,76.00
2026-03-30 21:28:55,58,347,0,28.70,76.00
2026-03-30 21:29:00,41,339,0,28.70,76.20
2026-03-30 21:29:05,48,359,0,28.70,76.00
2026-03-30 21:29:10,47,347,0,28.70,76.00
2026-03-30 21:29:15,39,336,0,28.70,76.20
2026-03-30 21:29:20,47,337,0,28.70,76.10
2026-03-30 21:29:25,44,347,0,28.70,76.10
2026-03-30 21:29:30,47,336,30,28.70,76.10
2026-03-30 21:29:35,28,355,13,28.70,76.10
2026-03-30 21:29:40,38,354,0,28.70,76.10
2026-03-30 21:29:45,39,370,0,28.70,75.90
2026-03-30 21:29:50,46,343,0,28.70,76.10
2026-03-30 21:29:55,42,368,0,28.70,76.00
2026-03-30 21:30:05,44,359,2,28.70,76.10
2026-03-30 21:30:10,42,336,0,28.70,76.10
2026-03-30 21:30:15,48,366,0,28.70,76.10
2026-03-30 21:30:20,45,359,0,28.70,76.10
2026-03-30 21:30:25,38,341,0,28.70,76.00
2026-03-30 21:30:30,39,338,0,28.70,76.00
2026-03-30 21:30:35,26,351,0,28.70,76.00
2026-03-30 21:30:40,43,411,0,28.70,76.10
2026-03-30 21:30:45,55,358,0,28.70,76.00
2026-03-30 21:30:50,46,288,0,28.70,76.20
2026-03-30 21:30:55,49,353,0,28.70,76.10
2026-03-30 21:31:00,38,353,0,28.70,76.00
2026-03-30 21:31:05,48,357,0,28.70,76.10
2026-03-30 21:31:10,51,368,0,28.70,76.10
2026-03-30 21:31:15,46,360,0,28.70,76.00
2026-03-30 21:31:20,37,358,0,28.70,76.00
2026-03-30 21:31:25,34,353,0,28.70,76.00
2026-03-30 21:31:30,34,354,2,28.70,76.10
2026-03-30 21:31:35,36,363,0,28.70,76.10
2026-03-30 21:31:40,48,358,0,28.70,76.10
2026-03-30 21:31:45,47,337,0,28.70,76.00
2026-03-30 21:31:50,44,331,0,28.70,76.10
2026-03-30 21:31:55,39,363,1,28.70,76.10
2026-03-30 21:32:00,44,356,0,28.70,76.10
2026-03-30 21:32:05,32,348,0,28.70,76.10
2026-03-30 21:32:10,39,355,3,28.70,75.90
2026-03-30 21:32:15,39,347,0,28.70,76.10
2026-03-30 21:32:20,53,336,0,28.70,76.20
2026-03-30 21:32:25,0,359,30,28.70,76.20
2026-03-30 21:32:30,33,336,0,28.70,76.10
2026-03-30 21:32:35,53,338,0,28.70,76.10
2026-03-30 21:32:40,44,333,0,28.70,76.10
2026-03-30 21:32:45,59,334,0,28.70,76.20
2026-03-30 21:32:50,40,355,0,28.70,76.00
2026-03-30 21:32:55,47,363,0,28.70,76.10
2026-03-30 21:33:00,45,347,0,28.70,76.10
2026-03-30 21:33:05,40,336,0,28.70,76.10
2026-03-30 21:33:10,46,379,0,28.70,76.20
2026-03-30 21:33:15,38,351,0,28.70,76.10
2026-03-30 21:33:20,47,334,0,28.70,76.10
2026-03-30 21:33:25,39,339,0,28.70,76.10
2026-03-30 21:33:30,42,340,0,28.70,76.10
2026-03-30 21:33:35,48,336,0,28.70,76.00
2026-03-30 21:33:40,188,333,0,28.70,76.20
2026-03-30 21:33:45,38,331,0,28.70,76.20
2026-03-30 21:33:50,31,344,0,28.70,76.10
2026-03-30 21:33:55,0,320,0,28.70,76.10
2026-03-30 21:34:00,0,324,0,28.70,76.30
2026-03-30 21:34:05,50,318,0,28.70,76.20
2026-03-30 21:34:10,44,338,0,28.70,76.30
2026-03-30 21:34:15,34,340,1,28.70,76.30
2026-03-30 21:34:20,46,337,1,28.70,76.30
2026-03-30 21:34:25,48,351,5,28.70,76.10
2026-03-30 21:34:30,38,336,9,28.70,76.20
2026-03-30 21:34:35,48,348,0,28.70,76.20
2026-03-30 21:34:40,45,327,0,28.70,76.20
2026-03-30 21:34:45,34,331,2,28.70,76.20
2026-03-30 21:34:50,48,330,0,28.70,76.30
2026-03-30 21:34:55,50,333,1,28.70,76.30
2026-03-30 21:35:00,25,333,0,28.70,76.20
2026-03-30 21:35:05,34,347,0,28.70,76.20
2026-03-30 21:35:10,26,404,0,28.70,76.20
2026-03-30 21:35:15,45,352,0,28.70,76.20
2026-03-30 21:35:20,225,347,0,28.70,76.40
2026-03-30 21:35:25,48,339,0,28.70,76.30
2026-03-30 21:35:30,47,337,0,28.70,76.30
2026-03-30 21:35:35,33,331,2,28.70,76.20
2026-03-30 21:35:40,41,346,0,28.70,76.10
2026-03-30 21:35:45,37,347,0,28.70,76.10
2026-03-30 21:35:50,34,326,0,28.70,76.10
2026-03-30 21:35:55,40,334,1,28.70,76.30
2026-03-30 21:36:00,33,350,0,28.70,76.20
2026-03-30 21:36:05,43,341,0,28.70,76.20
2026-03-30 21:36:10,45,330,0,28.70,76.20
2026-03-30 21:36:15,30,330,0,28.70,76.30
2026-03-30 21:36:20,43,336,0,28.70,76.20
2026-03-30 21:36:25,48,334,0,28.70,76.10
2026-03-30 21:36:30,58,326,1,28.70,76.20
2026-03-30 21:36:35,35,331,0,28.70,76.20
2026-03-30 21:36:40,46,327,0,28.70,76.10
2026-03-30 21:36:45,38,321,0,28.70,76.20
2026-03-30 21:36:50,35,326,0,28.70,76.20
2026-03-30 21:36:55,30,322,0,28.70,76.20
2026-03-30 21:37:00,39,318,6,28.70,76.30
2026-03-30 21:37:05,31,365,0,28.80,76.10
2026-03-30 21:37:10,32,332,0,28.70,76.20
2026-03-30 21:37:15,31,356,0,28.70,76.20
2026-03-30 21:37:20,49,341,0,28.70,76.30
2026-03-30 21:37:25,40,328,0,28.70,76.30
2026-03-30 21:37:30,43,368,0,28.70,76.20
2026-03-30 21:37:35,45,353,0,28.70,76.20
2026-03-30 21:37:40,49,356,0,28.70,76.30
2026-03-30 21:37:45,43,341,0,28.70,76.20
2026-03-30 21:37:50,48,346,0,28.70,76.20
2026-03-30 21:37:55,49,352,0,28.70,76.10
2026-03-30 21:38:00,48,355,0,28.70,76.10
2026-03-30 21:38:05,36,336,0,28.70,76.10
2026-03-30 21:38:10,45,341,0,28.70,76.10
2026-03-30 21:38:15,40,333,0,28.70,76.20
2026-03-30 21:38:20,48,391,0,28.70,76.10
2026-03-30 21:38:25,33,335,0,28.70,76.20
2026-03-30 21:38:30,45,336,0,28.70,76.20
2026-03-30 21:38:35,35,205,0,28.70,76.20
2026-03-30 21:38:40,31,342,0,28.70,76.20
2026-03-30 21:38:45,46,350,0,28.70,76.20
2026-03-30 21:38:50,45,336,12,28.70,76.30
2026-03-30 21:38:55,46,327,0,28.70,76.30
2026-03-30 21:39:00,44,329,0,28.70,76.30
2026-03-30 21:39:05,60,353,0,28.70,76.30
2026-03-30 21:39:10,38,316,5,28.70,76.10
2026-03-30 21:39:15,48,346,0,28.70,76.00
2026-03-30 21:39:20,45,333,0,28.70,76.20
2026-03-30 21:39:25,38,342,4,28.70,76.20
2026-03-30 21:39:30,37,327,0,28.70,76.20
2026-03-30 21:39:35,37,345,0,28.70,76.10
2026-03-30 21:39:40,48,355,0,28.70,76.20
2026-03-30 21:39:45,33,355,0,28.70,76.10
2026-03-30 21:39:50,37,348,0,28.70,76.20
2026-03-30 21:39:55,36,345,0,28.70,76.20
2026-03-30 21:40:01,34,422,0,28.70,76.10
2026-03-30 21:40:05,48,336,0,28.70,76.20
2026-03-30 21:40:10,44,334,0,28.70,76.20
2026-03-30 21:40:16,48,336,3,28.70,76.20
2026-03-30 21:40:21,53,339,0,28.70,76.20
2026-03-30 21:40:26,53,342,0,28.70,76.10
2026-03-30 21:40:31,46,327,0,28.70,76.10
2026-03-30 21:40:36,48,365,0,28.70,76.20
2026-03-30 21:40:41,34,340,0,28.70,76.10
2026-03-30 21:40:46,37,322,103,28.70,76.10
2026-03-30 21:40:51,39,336,0,28.70,76.00
2026-03-30 21:40:56,32,320,8,28.70,76.10
2026-03-30 21:41:01,48,330,0,28.70,76.30
2026-03-30 21:41:06,46,361,0,28.70,76.20
2026-03-30 21:41:11,36,341,0,28.70,76.30
2026-03-30 21:41:16,42,346,0,28.70,76.20
2026-03-30 21:41:21,48,333,1,28.70,76.10
2026-03-30 21:41:26,43,358,0,28.70,76.10
2026-03-30 21:41:31,44,333,0,28.70,76.10
2026-03-30 21:41:36,38,326,0,28.70,75.90
2026-03-30 21:41:41,0,343,0,28.70,76.10
2026-03-30 21:41:46,41,341,0,28.70,76.10
2026-03-30 21:41:51,49,334,0,28.70,76.20
2026-03-30 21:41:56,16,345,0,28.70,76.00
2026-03-30 21:42:01,32,351,0,28.70,76.20
2026-03-30 21:42:06,48,351,0,28.70,76.10
2026-03-30 21:42:11,48,364,0,28.70,76.00
2026-03-30 21:42:16,53,366,55,28.70,76.00
2026-03-30 21:42:21,48,346,0,28.70,76.00
2026-03-30 21:42:26,51,350,0,28.70,76.10
2026-03-30 21:42:31,48,335,0,28.70,76.30
2026-03-30 21:42:36,33,354,0,28.70,76.10
2026-03-30 21:42:41,46,351,0,28.70,76.10
2026-03-30 21:42:46,32,358,0,28.70,76.20
2026-03-30 21:42:51,44,330,0,28.70,76.00
2026-03-30 21:42:56,32,360,0,28.70,76.10
2026-03-30 21:43:01,52,335,0,28.70,76.20
2026-03-30 21:43:06,48,335,0,28.70,76.10
2026-03-30 21:43:11,48,338,0,28.70,76.20
2026-03-30 21:43:16,34,348,0,28.70,76.20
2026-03-30 21:43:21,38,319,0,28.70,76.10
2026-03-30 21:43:26,48,331,0,28.70,76.20
2026-03-30 21:43:31,96,342,2,28.70,76.10
2026-03-30 21:43:36,38,338,0,28.70,76.20
2026-03-30 21:43:41,52,341,0,28.70,76.10
2026-03-30 21:43:46,0,320,0,28.70,76.20
2026-03-30 21:43:51,38,336,0,28.70,76.10
2026-03-30 21:43:56,46,332,0,28.70,76.20
2026-03-30 21:44:01,48,334,0,28.70,76.20
2026-03-30 21:44:06,38,334,0,28.70,76.10
2026-03-30 21:44:11,46,353,0,28.70,76.30
2026-03-30 21:44:16,48,355,0,28.70,76.30
2026-03-30 21:44:21,52,355,0,28.70,76.30
2026-03-30 21:44:26,53,334,0,28.70,76.30
2026-03-30 21:44:31,47,354,0,28.70,76.30
2026-03-30 21:44:36,48,281,0,28.70,76.40
2026-03-30 21:44:41,48,351,0,28.60,76.40
2026-03-30 21:44:46,38,377,0,28.70,76.40
2026-03-30 21:44:51,49,348,0,28.70,76.50
2026-03-30 21:44:56,24,358,0,28.70,76.50
2026-03-30 21:45:01,47,375,0,28.70,76.40
2026-03-30 21:45:06,50,373,0,28.70,76.50
2026-03-30 21:45:11,33,351,0,28.70,76.50
2026-03-30 21:45:16,2,357,0,28.70,76.60
2026-03-30 21:45:21,53,354,0,28.70,76.50
2026-03-30 21:45:26,50,365,0,28.70,76.50
2026-03-30 21:45:31,32,364,0,28.70,76.40
2026-03-30 21:45:36,44,364,4,28.70,76.40
2026-03-30 21:45:41,48,379,0,28.70,76.40
2026-03-30 21:45:46,49,368,0,28.70,76.40
2026-03-30 21:45:51,38,363,0,28.70,76.50
2026-03-30 21:45:56,48,343,0,28.70,76.30
2026-03-30 21:46:01,42,365,0,28.70,76.40
2026-03-30 21:46:06,47,368,0,28.70,76.40
2026-03-30 21:46:11,38,359,0,28.70,76.50
2026-03-30 21:46:16,48,368,0,28.70,76.50
2026-03-30 21:46:21,48,343,3,28.70,76.30
2026-03-30 21:46:26,50,357,0,28.70,76.40
2026-03-30 21:46:31,48,370,0,28.70,76.40
2026-03-30 21:46:36,63,368,0,28.70,76.40
2026-03-30 21:46:41,42,368,1,28.70,76.40
2026-03-30 21:46:46,48,379,0,28.70,76.40
2026-03-30 21:46:51,48,360,0,28.70,76.40
2026-03-30 21:46:56,44,368,0,28.70,76.40
2026-03-30 21:47:01,48,368,0,28.70,76.40
2026-03-30 21:47:06,37,355,0,28.70,76.40
2026-03-30 21:47:11,52,379,21,28.70,76.40
2026-03-30 21:47:16,32,369,10,28.70,76.40
2026-03-30 21:47:21,38,354,0,28.70,76.50
2026-03-30 21:47:26,48,365,0,28.70,76.50
2026-03-30 21:47:31,52,384,0,28.70,76.40
2026-03-30 21:47:36,40,385,0,28.70,76.40
2026-03-30 21:47:41,48,354,0,28.70,76.50
2026-03-30 21:47:46,35,353,0,28.70,76.40
2026-03-30 21:47:51,36,368,0,28.70,76.40
2026-03-30 21:47:56,41,368,0,28.70,76.40
2026-03-30 21:48:01,48,323,0,28.70,76.30
2026-03-30 21:48:08,49,378,0,28.70,76.30
2026-03-30 21:48:13,13,376,3,28.70,76.50
2026-03-30 21:48:18,35,351,0,28.70,76.50
2026-03-30 21:48:23,54,336,1,28.70,76.50
2026-03-30 21:48:28,45,357,0,28.70,76.40
2026-03-30 21:48:33,48,346,0,28.70,76.40
2026-03-30 21:48:38,70,336,0,28.70,76.50
2026-03-30 21:48:43,80,338,0,28.70,76.60
2026-03-30 21:48:48,49,367,0,28.70,76.50
2026-03-30 21:48:53,48,365,0,28.70,76.60
2026-03-30 21:48:58,48,348,0,28.70,76.70
2026-03-30 21:49:03,40,339,0,28.70,76.60
2026-03-30 21:49:08,39,341,0,28.70,76.60
2026-03-30 21:49:13,42,339,0,28.70,76.50
2026-03-30 21:49:18,43,347,0,28.70,76.50
2026-03-30 21:49:23,37,341,0,28.70,76.50
2026-03-30 21:49:28,46,347,0,28.70,76.50
2026-03-30 21:49:33,44,342,0,28.70,76.50
2026-03-30 21:49:38,46,339,0,28.70,76.60
2026-03-30 21:49:43,48,351,0,28.70,76.60
2026-03-30 21:49:48,42,383,0,28.70,76.60
2026-03-30 21:49:53,33,342,0,28.70,76.70
2026-03-30 21:49:58,42,348,0,28.70,76.60
2026-03-30 21:50:03,28,336,0,28.70,76.60
2026-03-30 21:50:08,48,349,0,28.70,76.80
2026-03-30 21:50:13,39,362,0,28.70,76.60
2026-03-30 21:50:18,54,340,0,28.70,76.70
2026-03-30 21:50:23,50,355,0,28.70,76.60
2026-03-30 21:50:28,55,342,0,28.70,76.70
2026-03-30 21:50:33,48,348,0,28.70,76.70
2026-03-30 21:50:38,48,339,0,28.70,76.70
2026-03-30 21:50:43,58,344,0,28.70,76.70
2026-03-30 21:50:48,48,346,0,28.70,76.80
2026-03-30 21:50:53,57,345,0,28.80,76.70
2026-03-30 21:50:58,46,357,0,28.70,76.70
2026-03-30 21:51:03,40,340,3,28.80,76.70
2026-03-30 21:51:08,40,351,0,28.80,76.60
2026-03-30 21:51:13,48,352,6,28.70,76.70
2026-03-30 21:51:18,47,338,0,28.70,76.70
2026-03-30 21:51:23,39,358,0,28.70,76.80
2026-03-30 21:51:28,50,339,0,28.80,76.80
2026-03-30 21:51:33,47,353,0,28.80,76.80
2026-03-30 21:51:38,35,330,0,28.80,76.80
2026-03-30 21:51:43,54,344,0,28.70,76.60
2026-03-30 21:51:48,42,336,0,28.80,76.70
2026-03-30 21:51:53,48,361,0,28.70,76.70
2026-03-30 21:51:58,45,348,2,28.80,76.60
2026-03-30 21:52:03,49,338,0,28.80,76.50
2026-03-30 21:52:08,48,349,0,28.80,76.50
2026-03-30 21:52:13,48,333,0,28.80,76.40
2026-03-30 21:52:18,46,336,0,28.70,76.40
2026-03-30 21:52:23,48,322,0,28.80,76.40
2026-03-30 21:52:28,34,341,0,28.80,76.40
2026-03-30 21:52:33,42,332,5,28.80,76.40
2026-03-30 21:52:38,47,320,0,28.80,76.30
2026-03-30 21:52:43,33,298,2,28.80,76.30
2026-03-30 21:52:48,44,331,0,28.80,76.30
2026-03-30 21:52:53,50,337,0,28.80,76.20
2026-03-30 21:52:58,43,341,0,28.80,76.10
2026-03-30 21:53:03,43,343,0,28.80,76.10
2026-03-30 21:53:08,30,333,0,28.70,76.10
2026-03-30 21:53:13,49,339,0,28.80,76.10
2026-03-30 21:53:18,33,346,0,28.80,76.20
2026-03-30 21:53:23,42,345,0,28.80,76.10
2026-03-30 21:53:28,39,340,0,28.70,76.00
2026-03-30 21:53:33,22,336,0,28.80,76.10
2026-03-30 21:53:39,34,327,0,28.80,76.10
2026-03-30 21:53:44,48,343,0,28.70,76.20
2026-03-30 21:53:49,30,347,0,28.80,76.10
2026-03-30 21:53:54,51,334,0,28.80,76.20
2026-03-30 21:53:59,80,322,0,28.80,76.10
2026-03-30 21:54:04,50,336,0,28.80,76.10
2026-03-30 21:54:09,38,352,0,28.70,76.10
2026-03-30 21:54:14,23,336,0,28.70,76.30
2026-03-30 21:54:19,41,354,1,28.80,76.20
2026-03-30 21:54:24,50,355,0,28.80,76.30
2026-03-30 21:54:29,48,340,0,28.80,76.10
2026-03-30 21:54:34,49,349,0,28.80,76.10
2026-03-30 21:54:39,43,339,0,28.80,76.20
2026-03-30 21:54:44,45,331,0,28.70,76.30
2026-03-30 21:54:49,59,333,0,28.70,76.30
2026-03-30 21:54:54,48,336,0,28.70,76.20
2026-03-30 21:54:59,44,327,0,28.70,76.20
2026-03-30 21:55:04,50,339,0,28.70,76.30
2026-03-30 21:55:09,48,336,1,28.70,76.40
2026-03-30 21:55:14,41,336,0,28.70,76.30
2026-03-30 21:55:19,48,345,32,28.70,76.30
2026-03-30 21:55:24,48,337,52,28.70,76.30
2026-03-30 21:55:29,40,337,5,28.70,76.30
2026-03-30 21:55:34,44,355,0,28.70,76.20
2026-03-30 21:55:39,54,337,0,28.70,76.20
2026-03-30 21:55:44,46,343,0,28.80,76.30
2026-03-30 21:55:49,48,339,0,28.80,76.40
2026-03-30 21:55:54,39,342,1,28.70,76.40
2026-03-30 21:55:59,54,339,0,28.80,76.40
2026-03-30 21:56:04,46,345,0,28.70,76.40
2026-03-30 21:56:09,48,347,0,28.70,76.40
2026-03-30 21:56:14,46,331,0,28.70,76.40
2026-03-30 21:56:19,35,350,0,28.80,76.30
2026-03-30 21:56:24,33,346,0,28.70,76.40
2026-03-30 21:56:29,44,336,0,28.70,76.30
2026-03-30 21:56:34,38,351,0,28.70,76.30
2026-03-30 21:56:39,34,341,0,28.70,76.40
2026-03-30 21:56:44,32,348,0,28.80,76.40
2026-03-30 21:56:49,24,343,0,28.70,76.30
2026-03-30 21:56:54,48,363,0,28.80,76.40
2026-03-30 21:56:59,27,347,0,28.70,76.40
2026-03-30 21:57:04,48,337,0,28.70,76.40
2026-03-30 21:57:09,40,353,0,28.70,76.40
2026-03-30 21:57:14,35,346,0,28.70,76.40
2026-03-30 21:57:19,46,344,0,28.70,76.30
2026-03-30 21:57:24,45,352,0,28.70,76.30
2026-03-30 21:57:29,47,339,0,28.70,76.30
2026-03-30 21:57:34,15,339,0,28.80,76.30
2026-03-30 21:57:39,46,344,3,28.70,76.40
2026-03-30 21:57:44,37,340,0,28.80,76.30
2026-03-30 21:57:49,36,331,0,28.80,76.40
2026-03-30 21:57:54,45,349,0,28.80,76.30
2026-03-30 21:57:59,33,355,18,28.70,76.40
2026-03-30 21:58:04,48,337,0,28.70,76.40
2026-03-30 21:58:09,49,352,0,28.80,76.30
2026-03-30 21:58:14,38,347,0,28.80,76.40
2026-03-30 21:58:19,42,338,0,28.70,76.30
2026-03-30 21:58:24,48,346,0,28.80,76.20
2026-03-30 21:58:29,48,347,0,28.80,76.40
2026-03-30 21:58:34,52,354,0,28.80,76.30
2026-03-30 21:58:39,46,358,0,28.80,76.40
2026-03-30 21:58:44,44,350,0,28.80,76.40
2026-03-30 21:58:49,44,345,0,28.80,76.40
2026-03-30 21:58:54,39,362,0,28.80,76.40
2026-03-30 21:58:59,32,353,2,28.80,76.40
2026-03-30 21:59:04,48,351,0,28.70,76.30
2026-03-30 21:59:09,48,341,0,28.80,76.30
2026-03-30 21:59:14,48,348,0,28.80,76.30
2026-03-30 21:59:19,52,346,0,28.70,76.30
2026-03-30 21:59:24,51,368,0,28.80,76.30
2026-03-30 21:59:29,115,361,0,28.80,76.40
2026-03-30 21:59:34,43,365,0,28.80,76.30
2026-03-30 21:59:39,47,371,0,28.80,76.30
2026-03-30 21:59:44,46,342,0,28.80,76.40
2026-03-30 21:59:49,48,359,0,28.70,76.40
2026-03-30 21:59:54,49,349,0,28.80,76.30
2026-03-30 21:59:59,40,336,0,28.80,76.30
2026-03-30 22:00:04,42,343,0,28.80,76.40
2026-03-30 22:00:09,44,336,0,28.80,76.30
2026-03-30 22:00:14,42,341,0,28.80,76.40
2026-03-30 22:00:19,43,344,0,28.70,76.20
2026-03-30 22:00:24,31,344,0,28.80,76.40
2026-03-30 22:00:29,23,337,0,28.80,76.40
2026-03-30 22:00:34,33,351,0,28.80,76.20
2026-03-30 22:00:39,48,325,0,28.80,76.30
2026-03-30 22:00:44,51,351,0,28.80,76.40
2026-03-30 22:00:49,48,351,4,28.80,76.30
2026-03-30 22:00:54,33,368,0,28.80,76.30
2026-03-30 22:00:59,46,353,1,28.80,76.20
2026-03-30 22:01:04,48,347,0,28.80,76.50
2026-03-30 22:01:09,39,336,0,28.80,76.20
2026-03-30 22:01:14,53,356,0,28.80,76.30
2026-03-30 22:01:19,47,358,0,28.70,76.20
2026-03-30 22:01:24,54,368,0,28.80,76.30
2026-03-30 22:01:29,46,368,0,28.80,76.20
2026-03-30 22:01:34,48,357,3,28.80,76.20
2026-03-30 22:01:44,42,351,0,28.80,76.30
2026-03-30 22:01:49,49,369,0,28.80,76.30
2026-03-30 22:01:54,43,389,1,28.80,76.20
2026-03-30 22:01:59,51,367,0,28.70,76.20
2026-03-30 22:02:04,42,363,0,28.80,76.30
2026-03-30 22:02:09,43,368,0,28.80,76.30
2026-03-30 22:02:14,37,377,0,28.80,76.30
2026-03-30 22:02:19,0,361,0,28.80,76.30
2026-03-30 22:02:24,59,373,0,28.70,76.40
2026-03-30 22:02:29,49,368,0,28.70,76.30
2026-03-30 22:02:34,42,353,0,28.80,76.40
2026-03-30 22:02:39,46,379,0,28.80,76.30
2026-03-30 22:02:44,52,371,0,28.80,76.20
2026-03-30 22:02:49,47,359,0,28.80,76.30
2026-03-30 22:02:54,46,368,0,28.80,76.20
2026-03-30 22:02:59,44,357,0,28.80,76.30
2026-03-30 22:03:04,50,365,0,28.80,76.20
2026-03-30 22:03:09,48,366,20,28.80,76.30
2026-03-30 22:03:14,37,374,0,28.80,76.30
2026-03-30 22:03:19,48,372,2,28.80,76.30
2026-03-30 22:03:24,48,345,0,28.80,76.30
2026-03-30 22:03:29,49,364,0,28.80,76.30
2026-03-30 22:03:34,41,369,0,28.80,76.30
2026-03-30 22:03:39,47,363,0,28.70,76.30
2026-03-30 22:03:44,53,366,0,28.80,76.30
2026-03-30 22:03:49,44,357,0,28.70,76.40
2026-03-30 22:03:54,45,363,0,28.80,76.30
2026-03-30 22:03:59,50,362,0,28.80,76.20
2026-03-30 22:04:04,50,423,0,28.80,76.40
2026-03-30 22:04:09,64,363,0,28.80,76.30
2026-03-30 22:04:14,45,368,0,28.80,76.30
2026-03-30 22:04:19,42,354,0,28.70,76.30
2026-03-30 22:04:24,37,359,0,28.80,76.30
2026-03-30 22:04:29,34,358,0,28.70,76.30
2026-03-30 22:04:34,39,359,3,28.80,76.30
2026-03-30 22:04:39,48,363,0,28.80,76.30
2026-03-30 22:04:44,47,299,0,28.80,76.40
2026-03-30 22:04:49,0,350,0,28.80,76.40
2026-03-30 22:04:54,48,352,0,28.80,76.30
2026-03-30 22:04:59,29,391,0,28.80,76.40
2026-03-30 22:05:04,37,363,0,28.80,76.40
2026-03-30 22:05:09,42,355,0,28.80,76.40
2026-03-30 22:05:14,37,346,0,28.80,76.40
2026-03-30 22:05:19,28,368,0,28.80,76.20
2026-03-30 22:05:24,31,369,0,28.80,76.40
2026-03-30 22:05:29,47,369,0,28.80,76.40
2026-03-30 22:05:34,37,365,0,28.80,76.40
2026-03-30 22:05:39,48,359,0,28.80,76.20
2026-03-30 22:05:44,49,374,0,28.70,76.40
2026-03-30 22:05:49,43,378,0,28.80,76.30
2026-03-30 22:05:54,38,361,11,28.80,76.40
2026-03-30 22:05:59,38,368,2,28.70,76.30
2026-03-30 22:06:04,42,368,5,28.80,76.40
2026-03-30 22:06:09,42,368,0,28.70,76.40
2026-03-30 22:06:14,48,350,0,28.80,76.30
2026-03-30 22:06:19,48,354,0,28.70,76.40
2026-03-30 22:06:24,48,369,0,28.80,76.30
2026-03-30 22:06:29,37,345,0,28.80,76.40
2026-03-30 22:06:34,42,320,0,28.70,76.40
2026-03-30 22:06:39,39,353,3,28.80,76.30
2026-03-30 22:06:44,37,355,0,28.80,76.40
2026-03-30 22:06:49,59,345,0,28.80,76.40
2026-03-30 22:06:54,48,330,0,28.80,76.50
2026-03-30 22:06:59,39,355,0,28.80,76.30
2026-03-30 22:07:04,54,347,0,28.80,76.40
2026-03-30 22:07:09,40,339,0,28.80,76.30
2026-03-30 22:07:14,48,337,0,28.80,76.30
2026-03-30 22:07:19,107,347,6,28.80,76.30
2026-03-30 22:07:24,42,342,0,28.80,76.40
2026-03-30 22:07:29,48,336,0,28.80,76.40
2026-03-30 22:07:34,43,359,2,28.80,76.40
2026-03-30 22:07:39,35,354,0,28.80,76.40
2026-03-30 22:07:44,48,353,0,28.80,76.30
2026-03-30 22:07:49,41,336,0,28.70,76.50
2026-03-30 22:07:54,57,352,4,28.70,76.40
2026-03-30 22:08:00,39,359,0,28.80,76.30
2026-03-30 22:08:05,39,353,70,28.80,76.40
2026-03-30 22:08:10,55,379,0,28.80,76.30
2026-03-30 22:08:15,37,370,38,28.80,76.40
2026-03-30 22:08:20,44,368,0,28.80,76.40
2026-03-30 22:08:25,49,365,0,28.80,76.30
2026-03-30 22:08:30,42,359,0,28.80,76.40
2026-03-30 22:08:35,43,353,0,28.80,76.40
2026-03-30 22:08:40,47,367,0,28.70,76.30
2026-03-30 22:08:45,48,368,0,28.80,76.40
2026-03-30 22:08:50,48,368,0,28.70,76.40
2026-03-30 22:08:55,38,367,0,28.80,76.30
2026-03-30 22:09:00,58,363,0,28.70,76.20
2026-03-30 22:09:05,30,374,0,28.80,76.40
2026-03-30 22:09:10,48,370,0,28.70,76.40
2026-03-30 22:09:15,36,373,5,28.80,76.50
2026-03-30 22:09:20,37,351,0,28.70,76.30
2026-03-30 22:09:25,48,401,0,28.80,76.40
2026-03-30 22:09:30,45,363,0,28.80,76.40
2026-03-30 22:09:35,41,352,1,28.80,76.30
2026-03-30 22:09:40,48,342,0,28.70,76.30
2026-03-30 22:09:45,59,359,0,28.80,76.50
2026-03-30 22:09:50,42,368,0,28.80,76.40
2026-03-30 22:09:55,59,384,0,28.80,76.50
2026-03-30 22:10:00,50,381,0,28.80,76.40
2026-03-30 22:10:05,44,381,1,28.80,76.50
2026-03-30 22:10:10,30,367,0,28.80,76.30
2026-03-30 22:10:15,49,361,0,28.80,76.40
2026-03-30 22:10:20,48,354,0,28.80,76.50
2026-03-30 22:10:25,17,357,0,28.80,76.30
2026-03-30 22:10:30,46,342,0,28.80,76.40
2026-03-30 22:10:35,39,341,0,28.80,76.30
2026-03-30 22:10:45,48,339,0,28.80,76.30
2026-03-30 22:10:50,42,369,2,28.80,76.30
2026-03-30 22:10:55,49,368,25,28.80,76.30
2026-03-30 22:11:00,54,350,3,28.80,76.40
2026-03-30 22:11:05,50,347,0,28.80,76.40
2026-03-30 22:11:10,48,364,0,28.70,76.40
2026-03-30 22:11:15,48,358,0,28.80,76.50
2026-03-30 22:11:20,53,365,0,28.80,76.40
2026-03-30 22:11:25,49,354,2,28.70,76.30
2026-03-30 22:11:30,48,361,0,28.80,76.50
2026-03-30 22:11:35,48,282,0,28.80,76.40
2026-03-30 22:11:40,52,368,0,28.80,76.40
2026-03-30 22:11:45,46,363,0,28.80,76.30
2026-03-30 22:11:50,30,357,0,28.80,76.30
2026-03-30 22:11:55,36,361,0,28.80,76.40
2026-03-30 22:12:00,42,356,0,28.70,76.40
2026-03-30 22:12:05,45,349,0,28.80,76.50
2026-03-30 22:12:10,48,353,0,28.80,76.30
2026-03-30 22:12:15,38,363,0,28.80,76.40
2026-03-30 22:12:20,61,357,0,28.80,76.40
2026-03-30 22:12:25,44,349,0,28.80,76.40
2026-03-30 22:12:30,45,353,0,28.80,76.40
2026-03-30 22:12:35,32,357,2,28.70,76.40
2026-03-30 22:12:40,44,359,0,28.70,76.40
2026-03-30 22:12:45,45,342,0,28.80,76.40
2026-03-30 22:12:50,46,338,0,28.80,76.40
2026-03-30 22:12:55,30,346,0,28.70,76.40
2026-03-30 22:13:00,49,368,0,28.80,76.40
2026-03-30 22:13:05,43,353,1,28.80,76.40
2026-03-30 22:13:10,33,359,0,28.80,76.50
2026-03-30 22:13:15,31,349,1,28.80,76.40
2026-03-30 22:13:20,41,359,0,28.70,76.40
2026-03-30 22:13:25,47,383,0,28.80,76.50
2026-03-30 22:13:30,37,356,0,28.80,76.50
2026-03-30 22:13:35,31,341,0,28.80,76.40
2026-03-30 22:13:40,46,375,0,28.80,76.40
2026-03-30 22:13:45,43,375,0,28.80,76.40
2026-03-30 22:13:50,41,370,0,28.70,76.40
2026-03-30 22:13:55,42,371,0,28.70,76.30
2026-03-30 22:14:00,34,350,0,28.80,76.40
2026-03-30 22:14:05,48,339,0,28.80,76.40
2026-03-30 22:14:10,39,346,0,28.80,76.40
2026-03-30 22:14:15,37,357,0,28.70,76.40
2026-03-30 22:14:20,45,348,0,28.70,76.40
2026-03-30 22:14:25,53,336,8,28.80,76.30
2026-03-30 22:14:30,48,348,9,28.80,76.30
2026-03-30 22:14:35,41,365,0,28.80,76.30
2026-03-30 22:14:40,48,359,0,28.70,76.40
2026-03-30 22:14:45,41,358,0,28.80,76.50
2026-03-30 22:14:50,52,351,2,28.80,76.40
2026-03-30 22:14:55,35,353,1,28.70,76.40
2026-03-30 22:15:00,48,363,1,28.80,76.40
2026-03-30 22:15:05,48,368,0,28.80,76.40
2026-03-30 22:15:10,49,363,0,28.70,76.40
2026-03-30 22:15:15,48,355,0,28.70,76.40
2026-03-30 22:15:20,34,359,48,28.80,76.30
2026-03-30 22:15:25,48,350,2,28.80,76.40
2026-03-30 22:15:30,43,346,0,28.80,76.40
2026-03-30 22:15:35,39,346,1,28.80,76.40
2026-03-30 22:15:40,38,360,0,28.80,76.40
2026-03-30 22:15:45,41,359,0,28.80,76.40
2026-03-30 22:15:50,37,368,0,28.80,76.40
2026-03-30 22:15:55,41,356,0,28.70,76.50
2026-03-30 22:16:00,49,374,0,28.70,76.40
2026-03-30 22:16:05,26,368,0,28.80,76.40
2026-03-30 22:16:10,33,368,0,28.80,76.50
2026-03-30 22:16:15,53,382,0,28.70,76.50
2026-03-30 22:16:20,48,368,5,28.80,76.50
2026-03-30 22:16:25,48,362,2,28.80,76.50
2026-03-30 22:16:30,32,363,0,28.80,76.50
2026-03-30 22:16:35,45,356,2,28.70,76.40
2026-03-30 22:16:45,42,364,0,28.70,76.40
2026-03-30 22:16:50,47,381,0,28.70,76.40
2026-03-30 22:16:55,46,355,0,28.70,76.50
2026-03-30 22:17:00,48,342,0,28.70,76.40
2026-03-30 22:17:05,42,373,0,28.70,76.40
2026-03-30 22:17:10,37,363,0,28.70,76.50
2026-03-30 22:17:15,52,352,27,28.70,76.50
2026-03-30 22:17:20,46,367,0,28.70,76.60
2026-03-30 22:17:25,43,342,0,28.80,76.40
2026-03-30 22:17:30,38,330,0,28.70,76.50
2026-03-30 22:17:35,49,331,0,28.70,76.50
2026-03-30 22:17:40,50,348,0,28.80,76.50
2026-03-30 22:17:45,46,336,0,28.70,76.50
2026-03-30 22:17:50,49,351,0,28.70,76.40
2026-03-30 22:17:55,39,341,0,28.70,76.50
2026-03-30 22:18:00,62,339,0,28.70,76.50
2026-03-30 22:18:05,45,368,0,28.70,76.60
2026-03-30 22:18:10,34,355,0,28.70,76.40
2026-03-30 22:18:15,43,326,0,28.70,76.40
2026-03-30 22:18:20,43,357,0,28.70,76.50
2026-03-30 22:18:25,46,363,0,28.70,76.40
2026-03-30 22:18:30,47,351,0,28.70,76.50
2026-03-30 22:18:35,43,370,0,28.70,76.40
2026-03-30 22:18:40,48,369,0,28.70,76.40
2026-03-30 22:18:45,34,378,0,28.70,76.40
2026-03-30 22:18:50,43,357,0,28.70,76.40
2026-03-30 22:18:55,39,368,0,28.70,76.50
2026-03-30 22:19:00,34,364,0,28.70,76.50
2026-03-30 22:19:05,48,373,0,28.70,76.50
2026-03-30 22:19:10,64,345,0,28.70,76.40
2026-03-30 22:19:15,32,374,1,28.70,76.40
2026-03-30 22:19:20,46,355,0,28.70,76.50
2026-03-30 22:19:25,33,338,0,28.70,76.50
2026-03-30 22:19:30,39,357,0,28.70,76.50
2026-03-30 22:19:35,48,371,0,28.70,76.40
2026-03-30 22:19:40,48,365,3,28.70,76.60
2026-03-30 22:19:45,47,371,0,28.70,76.40
2026-03-30 22:19:50,47,363,0,28.70,76.40
2026-03-30 22:19:55,57,353,0,28.70,76.50
2026-03-30 22:20:00,32,368,0,28.70,76.50
2026-03-30 22:20:05,44,361,33,28.70,76.60
2026-03-30 22:20:10,49,366,0,28.70,76.50
2026-03-30 22:20:15,48,367,0,28.70,76.60
2026-03-30 22:20:20,48,366,0,28.70,76.60
2026-03-30 22:20:30,29,365,0,28.70,76.60
2026-03-30 22:20:35,50,359,0,28.70,76.50
2026-03-30 22:20:40,42,363,0,28.70,76.60
2026-03-30 22:20:45,33,361,0,28.70,76.60
2026-03-30 22:20:50,42,368,0,28.70,76.50
2026-03-30 22:20:55,51,367,3,28.70,76.50
2026-03-30 22:21:00,49,370,0,28.70,76.40
2026-03-30 22:21:05,47,368,0,28.70,76.40
2026-03-30 22:21:10,37,366,0,28.70,76.50
2026-03-30 22:21:15,48,368,0,28.70,76.40
2026-03-30 22:21:20,31,359,0,28.70,76.30
2026-03-30 22:21:25,40,339,0,28.70,76.40
2026-03-30 22:21:30,41,357,0,28.70,76.50
2026-03-30 22:21:35,48,350,0,28.60,76.40
2026-03-30 22:21:40,41,360,0,28.70,76.40
2026-03-30 22:21:45,37,366,6,28.70,76.40
2026-03-30 22:21:51,48,374,5,28.70,76.40
2026-03-30 22:21:55,52,373,0,28.70,76.40
2026-03-30 22:22:00,57,375,0,28.70,76.30
2026-03-30 22:22:05,48,361,0,28.70,76.40
2026-03-30 22:22:10,43,371,3,28.70,76.40
2026-03-30 22:35:21,37,349,0,28.60,76.80
2026-03-30 22:35:21,43,343,0,28.60,76.90
2026-03-30 22:35:21,41,351,0,28.60,76.70
2026-03-30 22:35:21,46,340,0,28.60,76.80
2026-03-30 22:35:53,51,346,0,28.60,76.90
2026-03-30 22:35:58,59,345,0,28.60,76.70
2026-03-30 22:36:03,44,332,2,28.60,76.70
2026-03-30 22:36:08,42,393,0,28.60,76.90
2026-03-30 22:36:13,59,335,0,28.60,76.90
2026-03-30 22:36:18,48,331,0,28.60,76.80
2026-03-30 22:36:23,48,335,0,28.60,76.80
2026-03-30 22:36:28,62,323,70,28.60,77.00
2026-03-30 22:36:33,45,336,0,28.60,77.00
2026-03-30 22:36:38,37,305,0,28.60,76.90
2026-03-30 22:36:43,27,333,3,28.60,76.90
2026-03-30 22:36:48,31,321,0,28.60,76.90
2026-03-30 22:36:53,43,318,0,28.60,77.00
2026-03-30 22:36:58,59,323,0,28.60,76.90
2026-03-30 22:37:03,48,317,0,28.60,76.90
2026-03-30 22:37:08,53,339,0,28.60,76.90
2026-03-30 22:37:13,36,321,0,28.60,77.00
2026-03-30 22:37:18,31,333,0,28.60,76.90
2026-03-30 22:37:23,50,326,1,28.60,76.90
2026-03-30 22:37:28,47,324,0,28.60,76.80
2026-03-30 22:37:33,46,342,0,28.60,76.90
2026-03-30 22:37:38,38,336,1,28.60,76.90
2026-03-30 22:37:43,44,336,0,28.60,76.90
2026-03-30 22:37:48,54,345,1,28.60,76.90
2026-03-30 22:37:53,42,331,28,28.60,77.00
2026-03-30 22:37:58,51,335,35,28.60,77.00
2026-03-30 22:38:03,44,330,5,28.60,76.90
2026-03-30 22:38:09,54,353,0,28.60,77.00
2026-03-30 22:38:13,44,343,0,28.60,77.00
2026-03-30 22:38:19,37,336,0,28.60,76.90
2026-03-30 22:38:24,48,321,0,28.60,76.90
2026-03-30 22:38:29,39,340,0,28.60,76.90
2026-03-30 22:38:34,60,344,3,28.60,77.00
2026-03-30 22:38:39,48,331,0,28.60,76.90
2026-03-30 22:38:44,44,330,0,28.60,76.90
2026-03-30 22:38:49,42,336,0,28.60,76.90
2026-03-30 22:38:54,48,324,0,28.60,77.00
2026-03-30 22:38:59,50,326,0,28.60,77.10
2026-03-30 22:39:04,55,321,0,28.60,77.00
2026-03-30 22:39:09,32,339,0,28.60,76.90
2026-03-30 22:39:14,48,339,1,28.60,77.00
2026-03-30 22:39:19,38,330,0,28.60,76.90
2026-03-30 22:39:24,48,326,0,28.60,77.00
2026-03-30 22:39:29,38,316,0,28.60,77.00
2026-03-30 22:39:34,64,316,0,28.60,76.90
2026-03-30 22:39:39,42,320,0,28.60,77.00
2026-03-30 22:39:44,31,334,0,28.60,77.00
2026-03-30 22:39:49,51,329,0,28.60,77.00
2026-03-30 22:39:54,48,318,0,28.60,77.00
2026-03-30 22:39:59,49,330,0,28.60,77.00
2026-03-30 22:40:04,37,317,0,28.60,77.00
2026-03-30 22:40:09,45,330,0,28.60,77.00
2026-03-30 22:40:14,41,333,0,28.60,77.00
2026-03-30 22:40:19,48,320,0,28.60,77.00
2026-03-30 22:40:24,41,331,0,28.60,77.00
2026-03-30 22:40:29,48,309,0,28.60,77.00
2026-03-30 22:40:34,48,329,0,28.60,77.00
2026-03-30 22:40:39,37,342,0,28.60,77.10
2026-03-30 22:40:44,49,326,0,28.60,77.00
2026-03-30 22:40:49,48,314,0,28.60,77.10
2026-03-30 22:40:54,38,320,0,28.60,77.10
2026-03-30 22:40:59,34,313,0,28.60,77.00
2026-03-30 22:41:04,49,336,0,28.60,77.00
2026-03-30 22:41:09,45,331,0,28.60,77.10
2026-03-30 22:41:14,44,339,0,28.60,77.20
2026-03-30 22:41:19,38,330,0,28.60,77.20
2026-03-30 22:41:24,44,332,0,28.60,77.40
2026-03-30 22:41:29,48,352,0,28.60,77.50
2026-03-30 22:41:34,44,345,0,28.60,77.40
2026-03-30 22:41:39,51,325,0,28.60,77.50
2026-03-30 22:41:44,48,354,0,28.60,77.50
2026-03-30 22:41:49,42,342,0,28.60,77.40
2026-03-30 22:41:54,46,340,0,28.60,77.50
2026-03-30 22:41:59,49,336,0,28.60,77.40
2026-03-30 22:42:04,43,349,0,28.60,77.30
2026-03-30 22:42:09,48,336,0,28.60,77.40
2026-03-30 22:42:14,39,365,0,28.60,77.40
2026-03-30 22:42:19,37,346,2,28.60,77.50
2026-03-30 22:42:24,40,353,0,28.70,77.50
2026-03-30 22:42:29,51,346,0,28.60,77.50
2026-03-30 22:42:34,47,354,0,28.60,77.50
2026-03-30 22:42:44,45,343,0,28.60,77.50
2026-03-30 22:42:49,34,351,0,28.60,77.40
2026-03-30 22:42:54,48,352,0,28.60,77.50
2026-03-30 22:42:59,53,336,0,28.60,77.50
2026-03-30 22:43:04,48,368,0,28.60,77.50
2026-03-30 22:43:09,51,367,0,28.60,77.40
2026-03-30 22:43:14,45,352,0,28.60,77.50
2026-03-30 22:43:19,37,357,1,28.70,77.60
2026-03-30 22:43:24,48,352,0,28.60,77.60
2026-03-30 22:43:29,46,363,0,28.60,77.60
2026-03-30 22:43:34,31,343,0,28.70,77.50
2026-03-30 22:43:39,48,363,0,28.70,77.60
2026-03-30 22:43:44,49,365,0,28.60,77.40
2026-03-30 22:43:49,41,346,0,28.70,77.50
2026-03-30 22:43:54,45,343,0,28.70,77.50
2026-03-30 22:43:59,42,403,6,28.70,77.50
2026-03-30 22:44:04,45,340,1,28.70,77.40
2026-03-30 22:44:09,54,336,0,28.70,77.50
2026-03-30 22:44:14,45,362,2,28.70,77.50
2026-03-30 22:44:19,48,346,0,28.70,77.50
2026-03-30 22:44:24,49,342,0,28.70,77.50
2026-03-30 22:44:29,143,337,0,28.60,77.40
2026-03-30 22:44:34,39,355,7,28.70,77.60
2026-03-30 22:44:39,54,342,0,28.70,77.50
2026-03-30 22:44:44,38,348,18,28.70,77.60
2026-03-30 22:44:49,48,359,0,28.70,77.50
2026-03-30 22:44:54,8,350,0,28.70,77.40
2026-03-30 22:44:59,36,341,0,28.70,77.50
2026-03-30 22:45:04,42,352,0,28.70,77.60
2026-03-30 22:45:09,54,336,0,28.70,77.50
2026-03-30 22:45:14,50,359,0,28.70,77.50
2026-03-30 22:45:19,41,358,0,28.70,77.60
2026-03-30 22:45:24,61,359,0,28.70,77.60
2026-03-30 22:45:29,37,361,0,28.70,77.60
2026-03-30 22:45:34,48,350,0,28.70,77.50
2026-03-30 22:45:39,35,376,0,28.70,77.60
2026-03-30 22:45:44,42,352,0,28.70,77.60
2026-03-30 22:45:49,48,366,0,28.70,77.60
2026-03-30 22:45:54,48,363,0,28.70,77.60
2026-03-30 22:46:04,48,380,0,28.70,77.60
2026-03-30 22:46:14,53,355,0,28.70,77.80
2026-03-30 22:46:19,48,349,0,28.70,77.70
2026-03-30 22:46:24,48,358,0,28.70,77.80
2026-03-30 22:46:29,10,365,0,28.70,77.60
2026-03-30 22:46:34,48,361,0,28.70,77.70
2026-03-30 22:46:39,36,381,0,28.70,77.60
2026-03-30 22:46:44,50,367,2,28.70,77.70
2026-03-30 22:46:49,52,356,0,28.70,77.70
2026-03-30 22:46:54,45,377,1,28.70,77.80
2026-03-30 22:46:59,43,368,0,28.70,77.60
2026-03-30 22:47:04,45,365,32,28.70,77.60
2026-03-30 22:47:09,38,357,0,28.70,77.50
2026-03-30 22:47:14,45,337,0,28.70,77.60
2026-03-30 22:47:19,37,368,0,28.70,77.60
2026-03-30 22:47:24,53,360,0,28.70,77.60
2026-03-30 22:47:29,48,363,0,28.70,77.70
2026-03-30 22:47:34,42,365,0,28.70,77.70
2026-03-30 22:47:39,51,363,7,28.70,77.60
2026-03-30 22:47:44,48,356,3,28.70,77.50
2026-03-30 22:47:49,38,352,0,28.70,77.50
2026-03-30 22:47:54,16,345,0,28.70,77.60
2026-03-30 22:47:59,42,368,0,28.70,77.50
2026-03-30 22:48:04,43,357,0,28.70,77.50
2026-03-30 22:48:09,48,347,0,28.70,77.60
2026-03-30 22:48:14,59,368,0,28.70,77.60
2026-03-30 22:48:19,48,359,0,28.70,77.50
2026-03-30 22:48:24,55,368,0,28.70,77.60
2026-03-30 22:48:29,38,368,0,28.70,77.60
2026-03-30 22:48:36,16,350,0,28.70,77.50
2026-03-30 22:48:41,48,368,0,28.70,77.60
2026-03-30 22:48:46,49,354,0,28.70,77.50
2026-03-30 22:48:51,53,363,0,28.70,77.60
2026-03-30 22:48:56,48,357,0,28.70,77.60
2026-03-30 22:49:01,48,362,0,28.70,77.60
2026-03-30 22:49:06,57,351,0,28.70,77.50
2026-03-30 22:49:11,42,373,0,28.70,77.60
2026-03-30 22:49:16,48,368,0,28.70,77.60
2026-03-30 22:49:21,54,367,2,28.70,77.50
2026-03-30 22:49:26,48,327,0,28.70,77.70
2026-03-30 22:49:31,44,385,0,28.70,77.50
2026-03-30 22:49:36,54,373,0,28.70,77.60
2026-03-30 22:49:41,42,381,0,28.70,77.50
2026-03-30 22:49:46,48,365,0,28.70,77.60
2026-03-30 22:49:51,34,365,0,28.70,77.70
2026-03-30 22:49:56,44,357,0,28.70,77.70
2026-03-30 22:50:01,46,367,0,28.70,77.50
2026-03-30 22:50:06,44,368,0,28.70,77.40
2026-03-30 22:50:11,69,390,0,28.70,77.70
2026-03-30 22:50:16,48,370,0,28.70,77.70
2026-03-30 22:50:21,63,360,0,28.70,77.60
2026-03-30 22:50:26,38,378,0,28.70,77.60
2026-03-30 22:50:31,46,369,7,28.70,77.40
2026-03-30 22:50:36,48,368,0,28.70,77.60
2026-03-30 22:50:41,48,353,3,28.70,77.50
2026-03-30 22:50:46,53,351,0,28.70,77.50
2026-03-30 22:50:51,43,350,1,28.70,77.70
2026-03-30 22:50:56,36,368,0,28.70,77.70
2026-03-30 22:51:01,44,369,0,28.70,77.50
2026-03-30 22:51:06,30,367,0,28.70,77.50
2026-03-30 22:51:11,54,365,0,28.70,77.50
2026-03-30 22:51:16,50,355,0,28.70,77.60
2026-03-30 22:51:21,59,371,0,28.70,77.60
2026-03-30 22:51:26,62,357,0,28.70,77.60
2026-03-30 22:51:31,48,371,0,28.70,77.60
2026-03-30 22:51:37,48,371,2,28.70,77.50
2026-03-30 22:51:42,52,358,0,28.70,77.60
2026-03-30 22:51:47,45,356,0,28.70,77.40
2026-03-30 22:51:52,42,379,0,28.70,77.50
2026-03-30 22:51:57,35,336,0,28.70,77.50
2026-03-30 22:52:02,39,377,0,28.70,77.60
2026-03-30 22:52:07,48,353,0,28.70,77.50
2026-03-30 22:52:12,39,336,0,28.70,77.60
2026-03-30 22:52:17,42,359,0,28.70,77.50
2026-03-30 22:52:22,54,361,0,28.70,77.60
2026-03-30 22:52:27,53,369,2,28.70,77.50
2026-03-30 22:52:32,46,354,0,28.70,77.60
2026-03-30 22:52:37,53,355,0,28.70,77.50
2026-03-30 22:52:42,55,361,0,28.70,77.50
2026-03-30 22:52:47,53,358,0,28.70,77.50
2026-03-30 22:52:52,43,381,0,28.70,77.60
2026-03-30 22:52:57,34,362,0,28.70,77.60
2026-03-30 22:53:02,44,367,6,28.70,77.50
2026-03-30 22:53:07,48,364,14,28.70,77.60
2026-03-30 22:53:12,58,382,2,28.70,77.50
2026-03-30 22:53:17,61,359,0,28.70,77.60
2026-03-30 22:53:22,43,352,0,28.70,77.70
2026-03-30 22:53:27,48,373,0,28.70,77.60
2026-03-30 22:53:32,46,358,0,28.70,77.60
2026-03-30 22:53:37,48,365,0,28.70,77.70
2026-03-30 22:53:42,64,389,0,28.70,77.70
2026-03-30 22:53:47,45,368,0,28.70,77.60
2026-03-30 22:53:52,49,383,0,28.70,77.70
2026-03-30 22:53:57,30,375,0,28.70,77.80
2026-03-30 22:54:02,61,377,0,28.70,77.60
2026-03-30 22:54:07,41,361,0,28.70,77.60
2026-03-30 22:54:12,16,368,0,28.70,77.50
2026-03-30 22:54:17,37,377,0,28.70,77.70
2026-03-30 22:54:22,45,377,0,28.70,77.60
2026-03-30 22:54:27,54,374,0,28.70,77.60
2026-03-30 22:54:32,60,375,0,28.70,77.70
2026-03-30 22:54:37,49,375,3,28.70,77.80
2026-03-30 22:54:47,44,359,0,28.70,77.70
2026-03-30 22:54:52,48,378,3,28.70,77.70
2026-03-30 22:54:57,48,380,0,28.70,77.70
2026-03-30 22:55:02,45,373,0,28.70,77.70
2026-03-30 22:55:07,43,387,0,28.70,77.70
2026-03-30 22:55:17,48,368,2,28.70,77.80
2026-03-30 22:55:22,57,391,0,28.70,77.70
2026-03-30 22:55:27,39,374,0,28.70,77.70
2026-03-30 22:55:32,50,361,0,28.70,77.60
2026-03-30 22:55:37,55,362,0,28.70,77.70
2026-03-30 22:55:42,36,378,0,28.70,77.80
2026-03-30 22:55:47,27,380,0,28.70,77.70
2026-03-30 22:55:52,50,373,0,28.70,77.70
2026-03-30 22:55:57,50,368,0,28.70,77.70
2026-03-30 22:56:02,39,369,0,28.70,77.70
2026-03-30 22:56:07,48,368,0,28.70,77.70
2026-03-30 22:56:12,39,354,0,28.70,77.70
2026-03-30 22:56:17,43,374,0,28.70,77.60
2026-03-30 22:56:22,32,362,0,28.70,77.70
2026-03-30 22:56:29,44,305,0,28.70,77.70
2026-03-30 22:56:34,48,368,3,28.70,77.70
2026-03-30 22:56:39,45,381,0,28.70,77.70
2026-03-30 22:56:44,45,359,0,28.70,77.70
2026-03-30 22:56:49,35,373,0,28.70,77.60
2026-03-30 22:56:54,58,384,0,28.70,77.60
2026-03-30 22:56:59,40,378,0,28.70,77.60
2026-03-30 22:57:04,53,383,0,28.70,77.60
2026-03-30 22:57:09,49,372,0,28.70,77.60
2026-03-30 22:57:14,48,373,2,28.70,77.60
2026-03-30 22:57:19,34,375,0,28.70,77.60
2026-03-30 22:57:24,43,371,0,28.70,77.50
2026-03-30 22:57:29,43,367,0,28.70,77.60
2026-03-30 22:57:34,50,368,2,28.70,77.50
2026-03-30 22:57:39,41,367,0,28.70,77.60
2026-03-30 22:57:44,31,373,0,28.70,77.50
2026-03-30 22:57:49,48,368,0,28.70,77.50
2026-03-30 22:57:54,46,383,11,28.70,77.50
2026-03-30 22:57:59,58,369,0,28.70,77.60
2026-03-30 22:58:04,53,347,0,28.70,77.50
2026-03-30 22:58:09,48,375,0,28.70,77.40
2026-03-30 22:58:14,43,368,0,28.70,77.50
2026-03-30 22:58:19,54,374,0,28.70,77.50
2026-03-30 22:58:24,49,369,30,28.70,77.50
2026-03-30 22:58:29,58,365,0,28.70,77.40
2026-03-30 22:58:34,42,363,0,28.70,77.50
2026-03-30 22:58:39,52,379,0,28.70,77.50
2026-03-30 22:58:44,51,359,0,28.70,77.50
2026-03-30 22:58:49,54,357,0,28.70,77.30
2026-03-30 22:58:54,48,351,0,28.70,77.30
2026-03-30 22:58:59,53,364,0,28.70,77.30
2026-03-30 22:59:04,34,370,0,28.70,77.30
2026-03-30 22:59:09,51,375,0,28.70,77.20
2026-03-30 22:59:14,0,368,0,28.70,77.30
2026-03-30 22:59:19,50,359,0,28.70,77.30
2026-03-30 22:59:24,67,372,0,28.70,77.30
2026-03-30 22:59:29,59,378,1,28.70,77.20
2026-03-30 22:59:34,49,368,0,28.70,77.20
2026-03-30 22:59:39,48,370,0,28.70,77.30
2026-03-30 22:59:44,37,368,0,28.70,77.30
2026-03-30 22:59:49,51,368,4,28.70,77.20
2026-03-30 22:59:54,48,357,0,28.70,77.20
2026-03-30 22:59:59,53,368,0,28.70,77.20
2026-03-30 23:00:04,51,351,0,28.70,77.10
2026-03-30 23:00:09,58,356,29,28.70,77.20
2026-03-30 23:00:14,48,368,0,28.70,77.20
2026-03-30 23:00:19,41,358,0,28.70,77.20
2026-03-30 23:00:24,48,353,0,28.70,77.20
2026-03-30 23:00:29,54,370,0,28.70,77.20
2026-03-30 23:00:34,56,369,0,28.60,77.10
2026-03-30 23:00:39,45,359,0,28.70,77.20
2026-03-30 23:00:44,48,368,1,28.70,77.10
2026-03-30 23:00:49,38,363,0,28.70,77.10
2026-03-30 23:00:54,54,374,0,28.60,77.10
2026-03-30 23:00:59,47,351,0,28.70,77.10
2026-03-30 23:01:04,49,353,0,28.70,77.20
2026-03-30 23:01:09,54,373,0,28.70,77.20
2026-03-30 23:01:14,50,361,0,28.60,77.10
2026-03-30 23:01:21,37,383,0,28.70,77.00
2026-03-30 23:01:26,38,357,0,28.70,77.20
2026-03-30 23:01:31,48,342,0,28.60,77.10
2026-03-30 23:01:36,40,367,0,28.60,77.10
2026-03-30 23:01:41,35,351,0,28.60,77.10
2026-03-30 23:01:46,34,351,3,28.60,77.10
2026-03-30 23:01:51,33,362,0,28.60,77.20
2026-03-30 23:01:56,30,363,0,28.60,77.20
2026-03-30 23:02:01,40,352,0,28.60,77.10
2026-03-30 23:02:08,51,370,0,28.60,77.10
2026-03-30 23:02:13,49,353,0,28.60,77.20
2026-03-30 23:02:18,49,365,2,28.60,77.30
2026-03-30 23:02:23,49,365,7,28.60,77.10
2026-03-30 23:02:28,41,352,0,28.60,77.20
2026-03-30 23:02:33,48,352,0,28.60,77.20
2026-03-30 23:02:38,36,341,0,28.60,77.10
2026-03-30 23:02:43,41,357,0,28.60,77.20
2026-03-30 23:02:48,45,349,0,28.60,77.20
2026-03-30 23:02:54,43,355,0,28.60,77.20
2026-03-30 23:02:59,55,368,0,28.60,77.00
2026-03-30 23:03:04,41,365,0,28.60,77.20
2026-03-30 23:03:09,48,365,0,28.60,77.20
2026-03-30 23:03:14,48,353,0,28.60,77.20
2026-03-30 23:03:19,49,349,4,28.60,77.20
2026-03-30 23:03:24,55,353,0,28.60,77.20
2026-03-30 23:03:29,54,354,0,28.60,77.10
2026-03-30 23:03:34,47,367,0,28.60,77.30
2026-03-30 23:03:39,50,354,2,28.60,77.10
2026-03-30 23:03:44,47,357,0,28.60,77.20
2026-03-30 23:03:49,31,352,0,28.60,77.30
2026-03-30 23:03:54,29,354,0,28.60,77.20
2026-03-30 23:03:59,48,351,0,28.60,77.10
2026-03-30 23:04:04,64,360,0,28.60,77.20
2026-03-30 23:04:09,36,358,0,28.60,77.20
2026-03-30 23:04:14,52,357,0,28.50,77.30
2026-03-30 23:04:19,54,351,0,28.50,77.30
2026-03-30 23:04:24,45,357,0,28.50,77.30
2026-03-30 23:04:29,35,368,0,28.60,77.30
2026-03-30 23:04:34,48,353,0,28.50,77.30
2026-03-30 23:04:39,47,358,0,28.60,77.30
2026-03-30 23:04:44,50,350,0,28.60,77.30
2026-03-30 23:04:49,64,362,0,28.50,77.30
2026-03-30 23:04:54,46,357,0,28.50,77.30
2026-03-30 23:04:59,50,359,0,28.60,77.20
2026-03-30 23:05:04,48,341,0,28.50,77.30
2026-03-30 23:05:09,45,354,0,28.50,77.30
2026-03-30 23:05:14,39,359,0,28.50,77.30
2026-03-30 23:05:19,39,361,0,28.50,77.30
2026-03-30 23:05:24,45,365,0,28.50,77.30
2026-03-30 23:05:29,48,345,0,28.50,77.30
2026-03-30 23:05:34,43,333,0,28.50,77.40
2026-03-30 23:05:39,49,363,0,28.50,77.20
2026-03-30 23:05:44,51,354,0,28.50,77.40
2026-03-30 23:05:49,48,353,0,28.60,77.30
2026-03-30 23:05:54,43,304,0,28.50,77.30
2026-03-30 23:05:59,48,352,0,28.50,77.20
2026-03-30 23:06:04,48,353,0,28.50,77.20
2026-03-30 23:06:09,51,357,0,28.50,77.30
2026-03-30 23:06:14,48,371,0,28.50,77.30
2026-03-30 23:06:19,41,369,0,28.50,77.10
2026-03-30 23:06:24,49,359,1,28.50,77.20
2026-03-30 23:06:29,47,366,0,28.50,77.30
2026-03-30 23:06:34,54,369,0,28.50,77.20
2026-03-30 23:06:39,41,351,0,28.50,77.20
2026-03-30 23:06:44,41,348,0,28.50,77.40
2026-03-30 23:06:49,48,354,0,28.50,77.30
2026-03-30 23:06:54,48,358,0,28.50,77.30
2026-03-30 23:06:59,33,345,0,28.50,77.30
2026-03-30 23:07:04,40,368,0,28.50,77.30
2026-03-30 23:07:09,59,352,0,28.50,77.20
2026-03-30 23:07:14,29,356,0,28.50,77.20
2026-03-30 23:07:19,48,339,0,28.50,77.30
2026-03-30 23:07:24,50,354,64,28.50,77.30
2026-03-30 23:07:29,48,363,0,28.50,77.40
2026-03-30 23:07:34,43,368,48,28.50,77.40
2026-03-30 23:07:39,34,357,0,28.50,77.20
2026-03-30 23:07:44,57,349,0,28.50,77.20
2026-03-30 23:07:49,42,356,0,28.50,77.30
2026-03-30 23:07:54,51,355,0,28.50,77.40
2026-03-30 23:07:59,39,349,0,28.50,77.30
2026-03-30 23:08:04,54,368,0,28.50,77.40
2026-03-30 23:08:09,25,352,0,28.40,77.30
2026-03-30 23:08:14,48,367,0,28.50,77.40
2026-03-30 23:08:19,50,347,0,28.40,77.40
2026-03-30 23:08:24,53,363,0,28.50,77.40
2026-03-30 23:08:29,41,348,0,28.50,77.30
2026-03-30 23:08:34,48,355,0,28.50,77.40
2026-03-30 23:08:39,61,349,0,28.50,77.40
2026-03-30 23:08:44,51,368,0,28.40,77.50
2026-03-30 23:08:49,35,363,0,28.50,77.50
2026-03-30 23:08:54,38,355,0,28.50,77.40
2026-03-30 23:08:59,35,355,0,28.40,77.40
2026-03-30 23:09:04,44,355,0,28.50,77.20
2026-03-30 23:09:09,46,357,1,28.40,77.50
2026-03-30 23:09:14,48,366,0,28.40,77.40
2026-03-30 23:09:19,48,368,0,28.40,77.40
2026-03-30 23:09:24,48,362,0,28.40,77.50
2026-03-30 23:09:29,53,368,12,28.50,77.50
2026-03-30 23:09:34,50,365,32,28.50,77.50
2026-03-30 23:09:39,42,349,2,28.40,77.40
2026-03-30 23:09:44,53,368,0,28.40,77.50
2026-03-30 23:09:49,48,366,0,28.50,77.50
2026-03-30 23:09:54,48,350,0,28.50,77.40
2026-03-30 23:09:59,42,369,0,28.40,77.40
2026-03-30 23:10:09,41,442,0,28.50,77.50
2026-03-30 23:10:14,44,366,0,28.40,77.40
