Timestamp,MQ2,MQ3,MQ135,Temperature,Humidity
2026-03-30 23:12:06,226,1079,50,28.30,77.60
2026-03-30 23:12:11,206,1023,55,28.40,77.70
2026-03-30 23:12:16,182,1008,64,28.40,77.60
2026-03-30 23:12:21,176,985,52,28.40,77.50
2026-03-30 23:12:26,175,970,64,28.40,77.70
2026-03-30 23:12:31,158,906,73,28.30,77.60
2026-03-30 23:12:36,183,946,66,28.40,77.60
2026-03-30 23:12:41,191,1174,61,28.40,77.60
2026-03-30 23:12:46,173,1070,67,28.40,77.50
2026-03-30 23:12:51,192,1216,62,28.40,77.40
2026-03-30 23:12:56,175,1116,64,28.40,77.40
2026-03-30 23:13:01,180,945,65,28.30,77.40
2026-03-30 23:13:06,202,1088,65,28.40,77.50
2026-03-30 23:13:11,225,1131,66,28.40,77.40
2026-03-30 23:13:16,192,1167,80,28.40,77.50
2026-03-30 23:13:21,183,1091,80,28.40,77.50
2026-03-30 23:13:26,189,1168,76,28.30,77.60
2026-03-30 23:13:31,214,1243,69,28.40,77.50
2026-03-30 23:13:36,176,1127,70,28.30,77.70
2026-03-30 23:13:41,175,1056,74,28.40,77.70
2026-03-30 23:13:46,202,1062,80,28.40,77.80
2026-03-30 23:13:51,195,1119,62,28.40,77.60
2026-03-30 23:13:56,208,1177,64,28.40,77.80
2026-03-30 23:14:01,219,1285,69,28.30,77.90
2026-03-30 23:14:06,178,1247,80,28.40,77.80
2026-03-30 23:14:11,202,1392,64,28.40,77.80
2026-03-30 23:14:16,180,1257,65,28.40,77.80
2026-03-30 23:14:21,208,1313,54,28.30,77.80
2026-03-30 23:14:26,202,1285,68,28.40,77.70
2026-03-30 23:14:31,187,1566,106,28.30,77.80
2026-03-30 23:14:36,202,1558,81,28.30,77.80
2026-03-30 23:14:41,191,1518,112,28.40,78.00
2026-03-30 23:14:46,231,1553,103,28.40,77.90
2026-03-30 23:14:51,213,1511,105,28.30,77.90
2026-03-30 23:14:56,208,1577,90,28.30,77.90
2026-03-30 23:15:01,221,1535,98,28.40,77.80
2026-03-30 23:15:06,243,1487,114,28.40,77.80
2026-03-30 23:15:11,230,1515,94,28.40,77.70
2026-03-30 23:15:16,229,1471,91,28.40,77.60
2026-03-30 23:15:21,192,1393,109,28.30,77.70
2026-03-30 23:15:26,208,1494,107,28.40,77.60
2026-03-30 23:15:31,227,1575,68,28.40,77.80
2026-03-30 23:15:36,218,1658,128,28.40,77.60
2026-03-30 23:15:41,208,1615,101,28.30,77.50
2026-03-30 23:15:46,223,1535,105,28.40,77.70
2026-03-30 23:15:51,205,1584,96,28.40,77.60
2026-03-30 23:15:56,225,1522,103,28.30,77.60
2026-03-30 23:16:01,225,1517,93,28.30,77.70
2026-03-30 23:16:06,251,1639,103,28.40,77.70
2026-03-30 23:16:11,235,1535,80,28.30,77.70
2026-03-30 23:16:16,239,1585,122,28.30,77.60
2026-03-30 23:16:21,208,1633,95,28.30,77.60
2026-03-30 23:16:26,215,1633,182,28.30,77.60
2026-03-30 23:16:31,222,1659,149,28.30,77.70
2026-03-30 23:16:36,224,1662,103,28.30,77.50
2026-03-30 23:16:41,215,1699,107,28.30,77.70
2026-03-30 23:16:46,192,1649,80,28.40,77.70
2026-03-30 23:16:51,203,1655,142,28.30,77.70
2026-03-30 23:16:56,243,1654,112,28.40,77.70
2026-03-30 23:17:01,254,1681,118,28.30,77.60
2026-03-30 23:17:06,240,1695,107,28.30,77.60
2026-03-30 23:17:11,176,1680,92,28.30,77.60
2026-03-30 23:17:16,216,1710,101,28.30,77.70
2026-03-30 23:17:21,202,1690,94,28.30,77.70
2026-03-30 23:17:26,181,1603,106,28.30,77.80
2026-03-30 23:17:31,208,1654,115,28.30,77.80
2026-03-30 23:17:36,192,1686,102,28.30,77.70
2026-03-30 23:17:41,194,1765,92,28.30,77.70
2026-03-30 23:17:46,206,1683,105,28.30,77.70
2026-03-30 23:17:51,224,1606,103,28.30,77.70
2026-03-30 23:17:56,199,1618,111,28.30,77.80
2026-03-30 23:18:01,192,1641,112,28.30,77.70
2026-03-30 23:18:06,197,1649,97,28.30,77.60
2026-03-30 23:18:11,198,1792,101,28.30,77.70
2026-03-30 23:18:16,177,1991,112,28.30,77.80
2026-03-30 23:18:21,212,2032,123,28.30,77.70
2026-03-30 23:18:26,242,2112,112,28.30,77.80
2026-03-30 23:18:31,252,2119,116,28.30,77.60
2026-03-30 23:18:36,213,2128,119,28.30,77.80
2026-03-30 23:18:41,213,2139,112,28.30,77.60
2026-03-30 23:18:46,231,2199,115,28.20,77.70
2026-03-30 23:18:51,253,2212,113,28.30,77.90
2026-03-30 23:18:56,258,2251,114,28.20,77.80
2026-03-30 23:19:01,256,2289,115,28.30,77.70
2026-03-30 23:19:06,256,2317,102,28.20,77.60
2026-03-30 23:19:11,246,2292,116,28.30,77.80
2026-03-30 23:19:16,242,2301,113,28.30,77.70
2026-03-30 23:19:21,261,2301,112,28.20,77.80
2026-03-30 23:19:26,243,2253,119,28.30,77.70
2026-03-30 23:19:31,250,2285,120,28.30,77.70
2026-03-30 23:19:36,238,2302,126,28.30,77.70
2026-03-30 23:19:41,242,2304,121,28.30,77.70
2026-03-30 23:19:46,229,2291,126,28.20,77.70
2026-03-30 23:19:51,243,2311,117,28.30,77.80
2026-03-30 23:19:56,260,2315,125,28.20,77.70
2026-03-30 23:20:01,226,2330,128,28.20,77.80
2026-03-30 23:20:06,217,2343,128,28.20,77.80
2026-03-30 23:20:11,191,2351,141,28.20,77.80
2026-03-30 23:20:16,207,2352,119,28.20,77.80
2026-03-30 23:20:21,245,2384,113,28.20,77.90
2026-03-30 23:20:26,240,2352,109,28.20,77.70
2026-03-30 23:20:31,211,2355,109,28.20,77.80
2026-03-30 23:20:36,199,2363,111,28.20,77.80
2026-03-30 23:20:41,213,2384,107,28.20,77.80
2026-03-30 23:20:46,225,2416,108,28.20,77.90
2026-03-30 23:20:51,225,2368,110,28.20,78.00
2026-03-30 23:20:56,225,2304,110,28.20,77.80
2026-03-30 23:21:01,212,2310,96,28.20,78.00
2026-03-30 23:21:06,213,2336,94,28.20,78.00
2026-03-30 23:21:11,224,2355,111,28.20,78.00
2026-03-30 23:21:16,203,2382,81,28.20,77.90
2026-03-30 23:21:21,239,2368,103,28.20,77.90
2026-03-30 23:21:26,198,2379,97,28.20,78.20
2026-03-30 23:21:31,208,2320,103,28.20,78.00
2026-03-30 23:21:36,218,2385,94,28.20,78.20
2026-03-30 23:21:41,236,2391,99,28.30,78.10
2026-03-30 23:21:46,227,2317,96,28.20,78.10
2026-03-30 23:21:51,201,2294,97,28.20,78.10
2026-03-30 23:21:56,202,2288,106,28.20,78.10
2026-03-30 23:22:01,214,2262,85,28.20,78.00
2026-03-30 23:22:06,208,2285,104,28.20,78.00
2026-03-30 23:22:11,209,2333,97,28.20,78.20
2026-03-30 23:22:16,208,2291,106,28.20,78.10
2026-03-30 23:22:21,191,2354,90,28.20,78.20
2026-03-30 23:22:26,212,2329,80,28.20,78.20
2026-03-30 23:22:31,217,2288,88,28.20,78.20
2026-03-30 23:22:36,207,2370,86,28.20,78.30
2026-03-30 23:22:41,208,2375,112,28.20,78.20
2026-03-30 23:22:46,221,2352,114,28.20,78.20
2026-03-30 23:22:51,213,2325,91,28.20,78.30
2026-03-30 23:22:56,228,2336,118,28.20,78.30
2026-03-30 23:23:01,244,2345,127,28.20,78.10
2026-03-30 23:23:06,224,2313,95,28.20,78.20
2026-03-30 23:23:11,236,2365,86,28.20,78.40
2026-03-30 23:23:16,240,2368,117,28.20,78.40
2026-03-30 23:23:21,236,2388,107,28.20,78.40
2026-03-30 23:23:26,229,2363,96,28.30,78.30
2026-03-30 23:23:31,249,2382,112,28.20,78.30
2026-03-30 23:23:36,231,2320,107,28.20,78.30
2026-03-30 23:23:41,229,2355,101,28.20,78.40
2026-03-30 23:23:46,229,2388,85,28.20,78.30
2026-03-30 23:23:51,254,2411,103,28.20,78.50
2026-03-30 23:23:56,219,2355,98,28.20,78.60
2026-03-30 23:24:01,228,2322,101,28.10,78.60
2026-03-30 23:24:06,252,2353,101,28.20,78.70
2026-03-30 23:24:11,238,2370,110,28.20,78.80
2026-03-30 23:24:16,245,2384,111,28.20,78.60
2026-03-30 23:24:21,245,2341,108,28.20,78.80
2026-03-30 23:24:26,224,2299,101,28.20,78.70
2026-03-30 23:24:31,182,2315,106,28.20,78.80
2026-03-30 23:24:36,227,2303,112,28.30,78.80
2026-03-30 23:24:41,223,2335,108,28.30,78.90
2026-03-30 23:24:46,246,2383,107,28.20,78.80
2026-03-30 23:24:51,261,2357,116,28.20,78.90
2026-03-30 23:24:57,215,2361,107,28.20,78.90
2026-03-30 23:25:02,234,2377,101,28.20,78.80
2026-03-30 23:25:07,242,2381,108,28.20,78.90
2026-03-30 23:25:12,242,2398,98,28.20,79.00
2026-03-30 23:25:17,209,2350,112,28.30,78.90
2026-03-30 23:25:22,176,2361,109,28.20,78.90
2026-03-30 23:25:27,198,2343,123,28.30,78.90
2026-03-30 23:25:32,218,2306,127,28.30,78.90
2026-03-30 23:25:37,234,2357,117,28.30,78.90
2026-03-30 23:25:42,201,2337,112,28.30,78.80
2026-03-30 23:25:47,223,2379,109,28.30,79.00
2026-03-30 23:25:52,235,2422,125,28.20,79.00
2026-03-30 23:25:57,230,2386,125,28.30,78.90
2026-03-30 23:26:02,230,2380,118,28.30,79.00
2026-03-30 23:26:07,244,2384,106,28.30,78.90
2026-03-30 23:26:12,267,2337,122,28.30,79.00
2026-03-30 23:26:17,235,2320,111,28.30,78.80
2026-03-30 23:26:22,211,2343,119,28.30,78.90
2026-03-30 23:26:27,251,2354,119,28.30,78.80
2026-03-30 23:26:32,224,2309,101,28.30,78.90
2026-03-30 23:26:37,246,2359,107,28.30,79.00
2026-03-30 23:26:42,240,2371,117,28.40,78.90
2026-03-30 23:26:47,289,2333,114,28.30,78.90
2026-03-30 23:26:52,176,2320,118,28.30,79.00
2026-03-30 23:26:57,239,2321,113,28.40,78.90
2026-03-30 23:27:02,228,2335,101,28.30,78.80
2026-03-30 23:27:07,216,2310,107,28.30,78.90
2026-03-30 23:27:12,252,2319,102,28.30,78.90
2026-03-30 23:27:17,218,2352,92,28.40,78.80
2026-03-30 23:27:22,207,2375,91,28.30,78.80
2026-03-30 23:27:27,240,2389,107,28.40,78.80
2026-03-30 23:27:32,226,2355,109,28.30,78.80
2026-03-30 23:27:37,216,2333,113,28.40,78.80
2026-03-30 23:27:42,239,2384,115,28.40,78.80
2026-03-30 23:27:47,256,2374,127,28.30,78.80
2026-03-30 23:27:52,203,2421,93,28.40,78.80
2026-03-30 23:27:57,208,2410,112,28.40,78.70
2026-03-30 23:28:02,253,2416,105,28.30,78.80
2026-03-30 23:28:07,245,2416,102,28.40,78.90
2026-03-30 23:28:12,208,2397,112,28.30,78.70
2026-03-30 23:28:17,210,2403,128,28.40,78.90
2026-03-30 23:28:22,229,2386,127,28.40,78.90
2026-03-30 23:28:27,249,2405,119,28.40,78.90
2026-03-30 23:28:32,248,2418,112,28.40,78.80
2026-03-30 23:28:37,253,2353,118,28.40,78.80
2026-03-30 23:28:42,226,2340,117,28.40,78.80
2026-03-30 23:28:47,222,2339,116,28.40,78.80
2026-03-30 23:28:52,216,2352,106,28.40,78.70
2026-03-30 23:28:57,230,2407,112,28.40,78.80
2026-03-30 23:29:02,245,2394,110,28.40,78.70
2026-03-30 23:29:07,228,2396,125,28.40,78.70
2026-03-30 23:29:12,218,2371,114,28.40,78.60
2026-03-30 23:29:17,226,2369,131,28.40,78.70
2026-03-30 23:29:22,236,2387,126,28.50,78.90
2026-03-30 23:29:27,246,2366,113,28.40,78.70
2026-03-30 23:29:32,217,2421,144,28.40,78.70
2026-03-30 23:29:37,268,2374,107,28.40,78.60
2026-03-30 23:29:42,210,2384,93,28.40,78.60
2026-03-30 23:29:47,229,2416,110,28.40,78.70
2026-03-30 23:29:52,237,2416,107,28.40,78.70
2026-03-30 23:29:57,219,2414,106,28.40,78.60
2026-03-30 23:30:02,262,2370,104,28.50,78.80
2026-03-30 23:30:07,250,2384,123,28.40,78.80
2026-03-30 23:30:12,214,2411,98,28.50,78.80
2026-03-30 23:30:17,225,2365,102,28.40,78.60
2026-03-30 23:30:22,269,2348,107,28.40,78.70
2026-03-30 23:30:27,247,2376,103,28.50,78.70
2026-03-30 23:30:32,255,2349,104,28.40,78.70
2026-03-30 23:30:37,259,2390,106,28.50,78.70
2026-03-30 23:30:42,215,2397,102,28.40,78.70
2026-03-30 23:30:47,207,2345,112,28.40,78.60
2026-03-30 23:30:52,233,2391,115,28.50,78.60
2026-03-30 23:30:57,202,2401,128,28.50,78.70
2026-03-30 23:31:02,215,2393,110,28.50,78.60
2026-03-30 23:31:07,239,2417,118,28.50,78.50
2026-03-30 23:31:12,235,2420,118,28.50,78.60
2026-03-30 23:31:17,194,2443,102,28.50,78.60
2026-03-30 23:31:22,224,2445,112,28.50,78.60
2026-03-30 23:31:27,239,2432,113,28.50,78.40
2026-03-30 23:31:32,229,2418,91,28.50,78.70
2026-03-30 23:31:37,245,2448,108,28.50,78.50
2026-03-30 23:31:42,297,2413,109,28.50,78.40
2026-03-30 23:31:47,213,2352,101,28.50,78.50
2026-03-30 23:31:52,217,2420,97,28.50,78.40
2026-03-30 23:31:57,234,2422,105,28.40,78.30
2026-03-30 23:32:02,218,2407,99,28.50,78.30
2026-03-30 23:32:07,213,2377,98,28.50,78.40
2026-03-30 23:32:12,250,2401,112,28.50,78.40
2026-03-30 23:32:17,234,2417,112,28.50,78.50
2026-03-30 23:32:22,239,2433,98,28.40,78.30
2026-03-30 23:32:27,257,2443,125,28.50,78.20
2026-03-30 23:32:32,261,2428,114,28.50,78.30
2026-03-30 23:32:37,256,2416,112,28.50,78.20
2026-03-30 23:32:42,234,2448,112,28.50,78.20
2026-03-30 23:32:47,266,2429,105,28.50,78.10
2026-03-30 23:32:52,227,2401,98,28.50,78.30
2026-03-30 23:32:57,233,2384,106,28.50,78.10
2026-03-30 23:33:02,214,2409,118,28.50,78.20
2026-03-30 23:33:07,227,2322,112,28.50,78.20
2026-03-30 23:33:12,198,2374,114,28.50,78.00
2026-03-30 23:33:17,218,2427,109,28.50,78.10
2026-03-30 23:33:22,230,2316,112,28.50,78.10
2026-03-30 23:33:27,257,2417,126,28.50,78.10
2026-03-30 23:33:32,221,2384,122,28.50,78.20
2026-03-30 23:33:37,188,2314,113,28.50,78.10
2026-03-30 23:33:42,182,2384,131,28.50,78.00
2026-03-30 23:33:47,183,2380,117,28.50,78.10
2026-03-30 23:33:52,193,2422,130,28.40,78.20
2026-03-30 23:33:57,203,2378,102,28.50,78.10
2026-03-30 23:34:02,208,2386,125,28.50,78.10
2026-03-30 23:34:07,210,2380,114,28.50,78.10
2026-03-30 23:34:12,224,2391,112,28.50,78.00
2026-03-30 23:34:17,223,2418,115,28.50,78.00
2026-03-30 23:34:22,234,2346,119,28.50,78.10
2026-03-30 23:34:27,218,2352,112,28.50,78.10
2026-03-30 23:34:32,205,2363,114,28.40,78.10
2026-03-30 23:34:37,225,2393,119,28.50,78.10
2026-03-30 23:34:42,208,2429,111,28.50,78.10
2026-03-30 23:34:47,235,2439,121,28.50,78.00
2026-03-30 23:34:52,224,2397,123,28.40,78.00
2026-03-30 23:34:57,196,2383,103,28.50,78.00
2026-03-30 23:35:02,205,2419,100,28.50,78.00
2026-03-30 23:35:07,221,2417,114,28.50,78.20
2026-03-30 23:35:12,215,2384,123,28.50,78.20
2026-03-30 23:35:17,253,2416,121,28.50,78.20
2026-03-30 23:35:22,226,2418,123,28.50,78.10
2026-03-30 23:35:27,240,2414,123,28.50,78.10
2026-03-30 23:35:32,203,2362,127,28.40,78.10
2026-03-30 23:35:37,253,2448,128,28.50,77.90
2026-03-30 23:35:42,254,2434,115,28.50,78.00
2026-03-30 23:35:47,251,2445,107,28.50,78.00
2026-03-30 23:35:52,227,2486,128,28.50,78.10
2026-03-30 23:35:57,215,2336,112,28.50,78.00
2026-03-30 23:36:02,220,2354,119,28.50,77.90
2026-03-30 23:36:07,224,2384,119,28.50,78.00
2026-03-30 23:36:12,240,2427,112,28.50,78.10
2026-03-30 23:36:17,195,2459,87,28.50,78.10
2026-03-30 23:36:22,214,2421,112,28.50,77.90
2026-03-30 23:36:27,227,2426,118,28.40,78.10
2026-03-30 23:36:32,229,2371,106,28.40,78.10
2026-03-30 23:36:37,215,2390,108,28.50,78.00
2026-03-30 23:36:42,230,2385,115,28.50,78.10
2026-03-30 23:36:47,192,2347,103,28.40,78.10
2026-03-30 23:36:52,220,2343,105,28.50,78.20
2026-03-30 23:36:57,256,2388,108,28.50,78.10
2026-03-30 23:37:02,222,2384,117,28.40,78.10
2026-03-30 23:37:07,206,2384,112,28.40,78.20
2026-03-30 23:37:12,214,2369,102,28.50,77.90
2026-03-30 23:37:17,226,2359,106,28.50,78.00
2026-03-30 23:37:22,182,2358,110,28.40,78.10
2026-03-30 23:37:27,199,2397,128,28.40,78.10
2026-03-30 23:37:32,204,2336,118,28.40,78.10
2026-03-30 23:37:37,209,2394,117,28.40,78.00
2026-03-30 23:37:42,242,2386,109,28.40,78.20
2026-03-30 23:37:47,199,2373,117,28.50,78.10
2026-03-30 23:37:52,203,2418,101,28.50,78.10
2026-03-30 23:37:57,249,2412,112,28.40,78.00
2026-03-30 23:38:02,218,2414,114,28.40,78.10
2026-03-30 23:38:07,209,2435,118,28.40,78.20
2026-03-30 23:38:12,242,2426,112,28.40,78.10
2026-03-30 23:38:17,223,2421,125,28.40,78.10
2026-03-30 23:38:22,240,2373,119,28.50,78.10
2026-03-30 23:38:27,267,2432,122,28.50,78.20
2026-03-30 23:38:32,223,2402,123,28.40,78.10
2026-03-30 23:38:37,227,2380,114,28.40,78.10
2026-03-30 23:38:43,226,2350,117,28.40,78.10
2026-03-30 23:38:47,226,2357,121,28.50,78.20
2026-03-30 23:38:52,222,2373,102,28.50,78.10
2026-03-30 23:38:57,227,2383,112,28.40,78.10
2026-03-30 23:39:03,236,2399,113,28.40,78.20
2026-03-30 23:39:07,231,2367,103,28.50,78.20
2026-03-30 23:39:13,211,2357,99,28.50,78.10
2026-03-30 23:39:18,251,2370,117,28.50,78.20
2026-03-30 23:39:23,234,2336,112,28.40,78.10
2026-03-30 23:39:28,219,2320,95,28.50,78.10
2026-03-30 23:39:33,219,2337,102,28.50,78.10
2026-03-30 23:39:38,222,2343,104,28.50,78.10
2026-03-30 23:39:43,221,2402,102,28.40,78.40
2026-03-30 23:39:48,202,2448,101,28.40,78.00
2026-03-30 23:39:53,227,2423,175,28.50,78.00
2026-03-30 23:39:58,208,2342,99,28.40,78.10
2026-03-30 23:40:03,231,2408,91,28.50,78.30
2026-03-30 23:40:08,234,2394,112,28.40,78.20
2026-03-30 23:40:13,240,2339,113,28.40,78.20
2026-03-30 23:40:18,195,2320,117,28.50,78.10
2026-03-30 23:40:23,221,2341,80,28.50,78.40
2026-03-30 23:40:28,239,2384,52,28.40,78.10
2026-03-30 23:40:33,203,2426,82,28.40,78.10
2026-03-30 23:40:38,215,2443,111,28.50,78.30
2026-03-30 23:40:43,240,2389,107,28.50,78.10
2026-03-30 23:40:48,218,2447,135,28.40,78.20
2026-03-30 23:40:53,240,2451,80,28.50,78.20
2026-03-30 23:40:58,217,2426,110,28.40,78.10
2026-03-30 23:41:03,234,2400,97,28.50,78.20
2026-03-30 23:41:08,234,2417,99,28.40,78.20
2026-03-30 23:41:13,243,2413,119,28.50,78.20
2026-03-30 23:41:18,225,2412,124,28.50,78.10
2026-03-30 23:50:37,226,2378,114,28.40,78.00
2026-03-30 23:50:37,226,2378,114,28.40,78.00
2026-03-30 23:50:37,226,2378,114,28.40,78.00
2026-03-30 23:50:37,226,2378,114,28.40,78.00
2026-03-30 23:50:37,211,2419,112,28.40,78.10
2026-03-30 23:51:09,220,2411,118,28.40,78.00
2026-03-30 23:51:14,224,2421,98,28.50,78.20
2026-03-30 23:51:19,194,2357,96,28.40,77.90
2026-03-30 23:51:24,240,2430,118,28.40,78.10
2026-03-30 23:51:29,240,2395,112,28.40,78.00
2026-03-30 23:51:34,210,2418,107,28.40,78.20
2026-03-30 23:51:39,210,2417,117,28.50,78.10
2026-03-30 23:51:44,228,2361,114,28.40,78.00
2026-03-30 23:51:49,214,2433,105,28.50,78.00
2026-03-30 23:51:54,211,2448,119,28.40,78.10
2026-03-30 23:51:59,237,2433,114,28.40,78.20
2026-03-30 23:52:04,223,2461,117,28.40,78.30
2026-03-30 23:52:09,214,2433,118,28.40,78.10
2026-03-30 23:52:14,210,2495,113,28.40,78.20
2026-03-30 23:52:19,213,2433,112,28.40,78.20
2026-03-30 23:52:24,223,2389,112,28.40,78.20
2026-03-30 23:52:29,240,2442,118,28.40,78.20
2026-03-30 23:52:34,234,2385,96,28.40,78.20
2026-03-30 23:52:39,217,2399,110,28.40,78.10
2026-03-30 23:52:44,211,2432,125,28.40,78.20
2026-03-30 23:52:49,223,2404,115,28.40,78.10
2026-03-30 23:52:54,215,2423,113,28.40,78.10
2026-03-30 23:52:59,230,2448,131,28.40,78.20
2026-03-30 23:53:04,230,2384,113,28.40,78.20
2026-03-30 23:53:09,201,2425,112,28.40,78.20
2026-03-30 23:53:15,217,2431,112,28.40,78.20
2026-03-30 23:53:20,220,2432,131,28.40,78.30
2026-03-30 23:53:25,194,2401,127,28.40,78.40
2026-03-30 23:53:30,213,2370,118,28.40,78.30
2026-03-30 23:53:35,240,2449,125,28.40,78.30
2026-03-30 23:53:40,207,2461,105,28.40,78.30
2026-03-30 23:53:45,217,2463,112,28.40,78.30
2026-03-30 23:53:50,229,2416,111,28.40,78.30
2026-03-30 23:53:55,224,2438,100,28.40,78.20
2026-03-30 23:54:00,228,2455,107,28.40,78.30
2026-03-30 23:54:05,204,2448,122,28.40,78.30
2026-03-30 23:54:10,240,2420,132,28.40,78.30
2026-03-30 23:54:15,222,2448,125,28.40,78.30
2026-03-30 23:54:20,237,2405,149,28.40,78.40
2026-03-30 23:54:25,229,2428,128,28.40,78.30
2026-03-30 23:54:30,206,2397,110,28.40,78.30
2026-03-30 23:54:35,225,2416,128,28.40,78.30
2026-03-30 23:54:40,255,2411,107,28.40,78.20
2026-03-30 23:54:45,240,2427,112,28.40,78.40
2026-03-30 23:54:50,204,2423,135,28.40,78.40
2026-03-30 23:54:55,239,2468,124,28.40,78.40
2026-03-30 23:55:00,241,2463,117,28.40,78.30
2026-03-30 23:55:05,246,2463,129,28.40,78.40
2026-03-30 23:55:10,234,2416,124,28.50,78.40
2026-03-30 23:55:15,252,2476,112,28.50,78.40
2026-03-30 23:55:20,239,2476,118,28.40,78.40
2026-03-30 23:55:25,246,2413,123,28.50,78.40
2026-03-30 23:55:30,227,2416,101,28.40,78.40
2026-03-30 23:55:35,208,2416,127,28.40,78.40
2026-03-30 23:55:40,214,2427,134,28.50,78.50
2026-03-30 23:55:45,239,2439,113,28.50,78.30
2026-03-30 23:55:50,203,2435,71,28.40,78.40
2026-03-30 23:55:55,236,2462,127,28.50,78.40
2026-03-30 23:56:00,220,2455,145,28.40,78.40
2026-03-30 23:56:05,239,2441,107,28.50,78.50
2026-03-30 23:56:10,255,2412,109,28.40,78.50
2026-03-30 23:56:15,238,2421,112,28.50,78.40
2026-03-30 23:56:20,221,2400,114,28.50,78.30
2026-03-30 23:56:25,224,2395,112,28.50,78.40
2026-03-30 23:56:30,270,2406,111,28.50,78.30
2026-03-30 23:56:35,224,2538,112,28.50,78.30
2026-03-30 23:56:40,233,2449,108,28.50,78.40
2026-03-30 23:56:45,248,2447,128,28.50,78.40
2026-03-30 23:56:50,196,2480,106,28.50,78.40
2026-03-30 23:56:55,235,2453,122,28.50,78.30
2026-03-30 23:57:00,243,2392,128,28.50,78.30
2026-03-30 23:57:05,213,2415,119,28.50,78.30
2026-03-30 23:57:10,240,2432,122,28.50,78.40
2026-03-30 23:57:15,240,2409,112,28.50,78.20
2026-03-30 23:57:20,177,2415,121,28.50,78.30
2026-03-30 23:57:25,238,2451,112,28.50,78.40
2026-03-30 23:57:30,233,2455,114,28.50,78.20
2026-03-30 23:57:35,244,2448,111,28.40,78.40
2026-03-30 23:57:40,201,2423,112,28.50,78.40
2026-03-30 23:57:45,209,2450,134,28.50,78.40
2026-03-30 23:57:50,225,2450,112,28.50,78.50
2026-03-30 23:57:55,230,2465,115,28.50,78.40
2026-03-30 23:58:00,209,2434,142,28.50,78.40
2026-03-30 23:58:05,223,2443,86,28.50,78.40
2026-03-30 23:58:10,208,2430,103,28.50,78.40
2026-03-30 23:58:15,229,2411,122,28.50,78.40
2026-03-30 23:58:20,244,2403,111,28.50,78.40
2026-03-30 23:58:25,218,2443,113,28.50,78.40
2026-03-30 23:58:30,255,2461,127,28.50,78.40
2026-03-30 23:58:35,267,2417,122,28.50,78.30
2026-03-30 23:58:40,244,2461,111,28.50,78.40
2026-03-30 23:58:45,210,2421,112,28.50,78.30
2026-03-30 23:58:50,230,2441,122,28.50,78.30
2026-03-30 23:58:55,208,2439,110,28.50,78.40
2026-03-30 23:59:00,219,2415,116,28.50,78.50
2026-03-30 23:59:05,197,2415,126,28.50,78.30
2026-03-30 23:59:10,203,2399,102,28.50,78.40
2026-03-30 23:59:15,221,2422,126,28.50,78.40
2026-03-30 23:59:20,235,2384,113,28.50,78.20
2026-03-30 23:59:25,215,2408,109,28.50,78.20
2026-03-30 23:59:30,210,2451,112,28.50,78.30
2026-03-30 23:59:35,234,2419,118,28.50,78.30
2026-03-30 23:59:40,239,2402,104,28.50,78.40
2026-03-30 23:59:45,227,2409,103,28.50,78.30
2026-03-30 23:59:50,230,2427,118,28.50,78.20
2026-03-30 23:59:55,240,2461,114,28.50,78.40
2026-03-31 00:00:00,232,2434,108,28.50,78.30
2026-03-31 00:00:05,225,2417,135,28.50,78.30
2026-03-31 00:00:10,249,2416,119,28.50,78.20
2026-03-31 00:00:15,214,2379,101,28.50,78.30
2026-03-31 00:00:20,241,2381,103,28.50,78.30
2026-03-31 00:00:25,252,2391,103,28.50,78.20
2026-03-31 00:00:30,241,2422,126,28.50,78.30
2026-03-31 00:00:35,211,2414,107,28.50,78.30
2026-03-31 00:00:40,251,2359,74,28.50,78.20
2026-03-31 00:00:45,221,2405,94,28.50,78.30
2026-03-31 00:00:50,225,2423,106,28.50,78.20
2026-03-31 00:00:55,225,2427,131,28.50,78.20
2026-03-31 00:01:00,231,2377,98,28.60,78.20
2026-03-31 00:01:05,190,2420,101,28.50,78.20
2026-03-31 00:01:10,208,2415,117,28.50,78.30
2026-03-31 00:01:15,223,2415,104,28.50,78.30
2026-03-31 00:01:20,240,2439,112,28.50,78.30
2026-03-31 00:01:25,256,2447,109,28.50,78.20
2026-03-31 00:01:30,224,2471,111,28.50,78.10
2026-03-31 00:01:35,240,2439,116,28.50,78.10
2026-03-31 00:01:40,213,2416,126,28.50,78.30
2026-03-31 00:01:45,253,2432,103,28.50,78.20
2026-03-31 00:01:50,222,2481,105,28.50,78.20
2026-03-31 00:01:55,198,2467,128,28.50,78.10
2026-03-31 00:02:00,193,2449,112,28.50,78.10
2026-03-31 00:02:05,191,2451,114,28.50,78.00
2026-03-31 00:02:10,236,2449,126,28.50,78.10
2026-03-31 00:02:15,240,2385,103,28.50,78.00
2026-03-31 00:02:20,209,2423,98,28.50,78.10
2026-03-31 00:02:25,196,2445,95,28.50,78.20
2026-03-31 00:02:30,237,2411,111,28.50,78.00
2026-03-31 00:02:35,232,2427,116,28.50,78.00
2026-03-31 00:02:40,226,2419,121,28.60,78.00
2026-03-31 00:02:45,235,2448,101,28.50,78.00
2026-03-31 00:02:50,208,2453,97,28.50,77.90
2026-03-31 00:02:55,240,2478,103,28.50,77.90
2026-03-31 00:03:00,240,2471,117,28.50,77.90
2026-03-31 00:03:05,208,2471,105,28.50,78.00
2026-03-31 00:03:10,210,2464,102,28.50,78.20
2026-03-31 00:03:15,230,2416,102,28.50,78.00
2026-03-31 00:03:20,226,2415,110,28.50,78.00
2026-03-31 00:03:25,206,2416,112,28.50,78.10
2026-03-31 00:03:30,241,2415,113,28.50,78.00
2026-03-31 00:03:35,194,2476,64,28.50,77.90
2026-03-31 00:03:40,199,2470,82,28.50,78.00
2026-03-31 00:03:45,199,2466,110,28.50,78.10
2026-03-31 00:03:50,219,2384,94,28.50,78.10
2026-03-31 00:03:55,206,2405,135,28.50,78.10
2026-03-31 00:04:00,202,2426,112,28.50,78.20
2026-03-31 00:04:05,215,2409,107,28.50,78.00
2026-03-31 00:04:10,214,2415,117,28.50,78.10
2026-03-31 00:04:15,240,2444,96,28.50,78.10
2026-03-31 00:04:20,237,2482,102,28.50,78.10
2026-03-31 00:04:25,218,2490,100,28.50,78.00
2026-03-31 00:04:30,246,2484,115,28.50,78.10
2026-03-31 00:04:35,242,2485,123,28.50,78.00
2026-03-31 00:04:40,230,2482,103,28.50,78.20
2026-03-31 00:04:45,227,2459,94,28.50,78.20
2026-03-31 00:04:50,235,2434,114,28.50,78.10
2026-03-31 00:04:55,233,2441,97,28.50,78.10
2026-03-31 00:05:00,236,2385,112,28.50,78.10
2026-03-31 00:05:05,228,2444,123,28.50,78.00
2026-03-31 00:05:10,217,2448,93,28.50,78.00
2026-03-31 00:05:15,227,2475,99,28.50,78.00
2026-03-31 00:05:20,231,2423,122,28.50,78.10
2026-03-31 00:05:25,223,2466,97,28.50,77.90
2026-03-31 00:05:30,207,2459,97,28.50,78.00
2026-03-31 00:05:35,218,2448,107,28.50,78.00
2026-03-31 00:05:40,191,2461,90,28.50,78.00
2026-03-31 00:05:45,211,2461,109,28.50,78.00
2026-03-31 00:05:50,186,2466,144,28.50,77.90
2026-03-31 00:05:55,191,2450,100,28.50,78.00
2026-03-31 00:06:00,197,2465,100,28.50,78.00
2026-03-31 00:06:05,221,2491,122,28.50,77.90
2026-03-31 00:06:10,225,2453,107,28.50,78.00
2026-03-31 00:06:15,218,2461,97,28.50,77.90
2026-03-31 00:06:20,207,2480,108,28.50,77.90
2026-03-31 00:06:25,224,2427,112,28.50,77.90
2026-03-31 00:06:30,190,2491,107,28.50,78.00
2026-03-31 00:06:35,219,2427,106,28.50,77.90
2026-03-31 00:06:40,229,2399,144,28.50,77.90
2026-03-31 00:06:45,215,2455,86,28.50,77.90
2026-03-31 00:06:50,222,2467,112,28.50,77.90
2026-03-31 00:06:55,209,2437,103,28.50,78.00
2026-03-31 00:07:00,211,2463,104,28.50,77.90
2026-03-31 00:07:05,210,2458,103,28.50,78.00
2026-03-31 00:07:10,215,2423,131,28.50,77.90
2026-03-31 00:07:15,218,2449,109,28.50,77.90
2026-03-31 00:07:20,204,2455,128,28.50,77.90
2026-03-31 00:07:25,227,2383,125,28.50,78.00
2026-03-31 00:07:30,234,2435,134,28.50,77.80
2026-03-31 00:07:36,193,2462,109,28.50,78.00
2026-03-31 00:07:40,214,2481,116,28.50,77.90
2026-03-31 00:07:46,228,2422,113,28.50,77.80
2026-03-31 00:07:51,192,2459,123,28.50,77.90
2026-03-31 00:07:56,208,2449,122,28.50,77.90
2026-03-31 00:08:01,219,2473,109,28.50,77.90
2026-03-31 00:08:06,182,2463,97,28.50,77.90
2026-03-31 00:08:11,208,2423,106,28.50,77.90
2026-03-31 00:08:16,243,2405,108,28.50,78.00
2026-03-31 00:08:21,222,2395,115,28.50,77.90
2026-03-31 00:08:26,225,2416,128,28.50,78.00
2026-03-31 00:08:31,199,2454,124,28.50,77.90
2026-03-31 00:08:36,208,2446,113,28.50,78.00
2026-03-31 00:08:41,245,2455,117,28.50,77.90
2026-03-31 00:08:46,238,2419,131,28.50,77.90
2026-03-31 00:08:51,254,2436,117,28.50,78.00
2026-03-31 00:08:56,195,2457,139,28.50,77.90
2026-03-31 00:09:01,222,2447,127,28.50,77.90
2026-03-31 00:09:06,217,2452,103,28.50,78.00
2026-03-31 00:09:11,220,2459,123,28.50,77.90
2026-03-31 00:09:16,238,2460,109,28.50,77.90
2026-03-31 00:09:21,229,2457,114,28.50,78.00
2026-03-31 00:09:26,208,2428,110,28.50,77.90
2026-03-31 00:09:31,231,2480,102,28.50,77.80
2026-03-31 00:09:36,239,2464,123,28.50,78.00
2026-03-31 00:09:41,234,2479,112,28.50,77.90
2026-03-31 00:09:46,243,2486,122,28.50,78.10
2026-03-31 00:09:51,242,2482,121,28.50,78.10
2026-03-31 00:09:56,235,2451,112,28.50,78.10
2026-03-31 00:10:01,226,2435,123,28.50,78.10
2026-03-31 00:10:06,226,2480,113,28.50,78.10
2026-03-31 00:10:11,193,2467,111,28.50,78.10
2026-03-31 00:10:16,222,2451,125,28.50,78.10
2026-03-31 00:10:21,238,2466,130,28.50,78.10
2026-03-31 00:10:26,243,2491,117,28.50,78.10
2026-03-31 00:10:31,222,2453,115,28.40,78.10
2026-03-31 00:10:36,237,2480,128,28.50,78.10
2026-03-31 00:10:41,241,2455,143,28.50,78.40
2026-03-31 00:10:46,212,2441,125,28.50,78.00
2026-03-31 00:10:51,203,2465,128,28.50,78.10
2026-03-31 00:10:56,234,2459,130,28.50,78.10
2026-03-31 00:11:01,211,2445,114,28.50,78.10
2026-03-31 00:11:06,213,2460,119,28.50,78.10
2026-03-31 00:11:11,203,2446,114,28.50,78.20
2026-03-31 00:11:16,211,2465,83,28.50,78.10
2026-03-31 00:11:21,174,2448,128,28.50,78.20
2026-03-31 00:11:26,225,2423,132,28.50,78.20
2026-03-31 00:11:31,210,2453,105,28.50,78.20
2026-03-31 00:11:36,208,2450,112,28.50,78.10
2026-03-31 00:11:41,201,2455,125,28.50,78.00
2026-03-31 00:11:46,224,2435,102,28.50,78.10
2026-03-31 00:11:51,226,2449,112,28.50,78.10
2026-03-31 00:11:56,231,2481,128,28.50,78.20
2026-03-31 00:12:01,240,2481,112,28.50,78.10
2026-03-31 00:12:06,217,2475,105,28.50,78.20
2026-03-31 00:12:11,213,2457,125,28.50,78.10
2026-03-31 00:12:16,258,2462,121,28.50,78.00
2026-03-31 00:12:21,218,2505,113,28.50,78.20
2026-03-31 00:12:26,208,2455,121,28.50,78.10
2026-03-31 00:12:31,235,2403,115,28.50,78.20
2026-03-31 00:12:36,233,2471,100,28.50,78.10
2026-03-31 00:12:41,247,2487,128,28.50,78.00
2026-03-31 00:12:46,238,2466,144,28.50,78.00
2026-03-31 00:12:51,222,2486,199,28.50,78.00
2026-03-31 00:12:56,209,2490,135,28.50,78.10
2026-03-31 00:13:01,192,2449,132,28.50,78.20
2026-03-31 00:13:06,200,2553,112,28.50,78.10
2026-03-31 00:13:11,195,2509,115,28.50,78.10
2026-03-31 00:13:16,214,2467,117,28.50,78.20
2026-03-31 00:13:21,217,2454,128,28.50,78.10
2026-03-31 00:13:26,231,2437,125,28.50,78.10
2026-03-31 00:13:31,237,2455,124,28.50,78.20
2026-03-31 00:13:36,230,2445,128,28.50,78.20
2026-03-31 00:13:41,221,2422,116,28.50,78.10
2026-03-31 00:13:46,240,2477,125,28.50,78.10
2026-03-31 00:13:51,241,2494,116,28.50,78.10
2026-03-31 00:13:56,190,2449,111,28.50,78.10
2026-03-31 00:14:01,214,2445,112,28.50,78.20
2026-03-31 00:14:06,257,2425,112,28.50,78.10
2026-03-31 00:14:11,223,2471,121,28.50,78.10
2026-03-31 00:14:16,208,2475,117,28.50,78.20
2026-03-31 00:14:21,227,2444,113,28.50,78.20
2026-03-31 00:14:26,228,2482,122,28.50,78.10
2026-03-31 00:14:31,234,2483,116,28.50,78.20
2026-03-31 00:14:36,246,2448,112,28.50,78.20
2026-03-31 00:14:41,196,2479,105,28.50,78.10
2026-03-31 00:14:46,208,2483,118,28.60,78.10
2026-03-31 00:14:51,215,2431,123,28.50,78.10
2026-03-31 00:14:56,209,2450,118,28.50,78.10
2026-03-31 00:15:01,245,2480,109,28.50,78.00
2026-03-31 00:15:06,231,2462,107,28.50,78.10
2026-03-31 00:15:11,207,2466,102,28.50,78.10
2026-03-31 00:15:16,225,2480,110,28.50,78.20
2026-03-31 00:15:21,231,2470,90,28.50,78.20
2026-03-31 00:15:26,208,2470,97,28.50,78.00
2026-03-31 00:15:31,199,2443,92,28.50,78.00
2026-03-31 00:15:36,234,2449,105,28.50,78.30
2026-03-31 00:15:41,224,2433,101,28.60,78.10
2026-03-31 00:15:46,213,2480,112,28.50,78.00
2026-03-31 00:15:51,239,2498,112,28.60,78.00
2026-03-31 00:15:56,224,2513,96,28.60,78.10
2026-03-31 00:16:01,224,2480,106,28.50,78.20
2026-03-31 00:16:06,213,2492,124,28.50,78.00
2026-03-31 00:16:11,227,2470,112,28.50,78.10
2026-03-31 00:16:16,225,2447,118,28.50,78.10
2026-03-31 00:16:21,208,2460,119,28.50,78.10
2026-03-31 00:16:26,240,2431,113,28.50,78.00
2026-03-31 00:16:31,227,2450,112,28.60,78.00
2026-03-31 00:16:36,215,2485,111,28.50,78.00
2026-03-31 00:16:41,211,2432,122,28.50,77.90
2026-03-31 00:16:46,217,2467,117,28.50,78.00
2026-03-31 00:16:51,226,2487,112,28.50,77.90
2026-03-31 00:16:56,256,2476,131,28.60,78.10
2026-03-31 00:17:01,208,2496,110,28.50,78.00
2026-03-31 00:17:06,220,2497,112,28.50,78.00
2026-03-31 00:17:11,250,2478,112,28.60,78.10
2026-03-31 00:17:16,210,2422,101,28.50,77.90
2026-03-31 00:17:21,208,2429,112,28.60,77.90
2026-03-31 00:17:26,216,2394,124,28.50,78.00
2026-03-31 00:17:31,235,2418,125,28.50,77.90
2026-03-31 00:17:36,208,2430,115,28.50,77.90
2026-03-31 00:17:41,208,2437,128,28.50,78.00
2026-03-31 00:17:46,239,2394,107,28.60,77.90
2026-03-31 00:17:51,226,2422,102,28.50,77.90
2026-03-31 00:17:56,222,2476,114,28.50,78.00
2026-03-31 00:18:01,237,2448,128,28.50,77.80
2026-03-31 00:18:06,240,2482,117,28.50,77.80
2026-03-31 00:18:11,218,2482,125,28.50,77.90
2026-03-31 00:18:16,223,2465,117,28.50,77.90
2026-03-31 00:18:21,192,2480,113,28.50,78.00
2026-03-31 00:18:26,197,2446,107,28.50,77.80
2026-03-31 00:18:31,218,2430,119,28.60,77.90
2026-03-31 00:18:36,217,2431,102,28.50,77.90
2026-03-31 00:18:41,241,2451,129,28.50,77.90
2026-03-31 00:18:46,247,2471,128,28.50,78.00
2026-03-31 00:18:51,211,2453,113,28.50,77.80
2026-03-31 00:18:56,236,2470,127,28.50,77.90
2026-03-31 00:19:01,215,2449,65,28.50,77.90
2026-03-31 00:19:06,245,2467,124,28.50,78.10
2026-03-31 00:19:11,226,2473,113,28.50,78.00
2026-03-31 00:19:16,240,2496,119,28.50,78.00
2026-03-31 00:19:21,262,2480,116,28.50,78.00
2026-03-31 00:19:26,246,2511,118,28.50,78.00
2026-03-31 00:19:31,247,2493,127,28.50,77.90
2026-03-31 00:19:36,247,2400,129,28.60,78.10
2026-03-31 00:19:41,234,2443,111,28.50,78.10
2026-03-31 00:19:46,230,2453,115,28.50,78.10
2026-03-31 00:19:51,247,2449,149,28.50,78.00
2026-03-31 00:19:56,217,2466,107,28.50,77.90
2026-03-31 00:20:01,207,2481,112,28.50,77.90
2026-03-31 00:20:06,225,2475,134,28.50,77.90
2026-03-31 00:20:11,225,2494,118,28.60,77.90
2026-03-31 00:20:16,219,2432,111,28.50,77.90
2026-03-31 00:20:21,229,2442,117,28.60,77.80
2026-03-31 00:20:26,240,2382,117,28.50,77.90
2026-03-31 00:20:31,219,2416,108,28.60,77.90
2026-03-31 00:20:36,194,2431,128,28.50,77.80
2026-03-31 00:20:41,215,2437,113,28.60,77.90
2026-03-31 00:20:46,199,2486,107,28.50,77.80
2026-03-31 00:20:51,240,2478,128,28.50,77.80
2026-03-31 00:20:56,240,2475,117,28.60,77.90
2026-03-31 00:21:01,221,2414,106,28.50,77.80
2026-03-31 00:21:06,198,2384,93,28.50,77.60
2026-03-31 00:21:11,188,2401,94,28.50,77.40
2026-03-31 00:21:16,191,2414,71,28.50,77.50
2026-03-31 00:21:21,201,2416,110,28.60,77.50
2026-03-31 00:21:26,222,2366,109,28.60,77.40
2026-03-31 00:21:31,223,2401,99,28.50,77.40
2026-03-31 00:21:36,193,2433,97,28.50,77.40
2026-03-31 00:21:41,208,2437,113,28.50,77.40
2026-03-31 00:21:46,203,2368,96,28.50,77.40
2026-03-31 00:21:51,193,2435,93,28.50,77.40
2026-03-31 00:21:56,170,2383,97,28.50,77.20
2026-03-31 00:22:02,173,2377,83,28.50,77.20
2026-03-31 00:22:07,169,2434,80,28.50,77.10
2026-03-31 00:22:12,176,2419,101,28.50,77.20
2026-03-31 00:22:17,190,2463,98,28.50,77.10
2026-03-31 00:22:22,178,2416,92,28.50,77.10
2026-03-31 00:22:27,205,2400,87,28.50,77.10
2026-03-31 00:22:32,176,2384,93,28.40,76.90
2026-03-31 00:22:37,183,2398,86,28.50,76.90
2026-03-31 00:22:42,219,2444,99,28.50,76.90
2026-03-31 00:22:47,219,2448,102,28.50,76.90
2026-03-31 00:22:52,198,2411,82,28.40,76.90
2026-03-31 00:22:57,189,2409,82,28.40,77.00
2026-03-31 00:23:02,208,2426,101,28.40,77.00
2026-03-31 00:23:07,192,2475,94,28.40,77.00
2026-03-31 00:23:12,187,2390,96,28.40,77.10
2026-03-31 00:23:17,183,2448,87,28.40,77.10
2026-03-31 00:23:22,181,2429,88,28.40,77.20
2026-03-31 00:23:27,204,2423,97,28.40,77.30
2026-03-31 00:23:32,203,2447,101,28.40,77.10
2026-03-31 00:23:37,145,2447,94,28.40,77.10
2026-03-31 00:23:42,183,2403,104,28.40,77.20
2026-03-31 00:23:47,206,2406,113,28.40,77.20
2026-03-31 00:23:52,198,2428,111,28.40,77.20
2026-03-31 00:23:57,199,2464,80,28.30,77.30
2026-03-31 00:24:02,183,2459,103,28.30,77.30
2026-03-31 00:24:07,187,2399,102,28.30,77.40
2026-03-31 00:24:12,193,2391,102,28.30,77.30
2026-03-31 00:24:17,202,2367,100,28.30,77.40
2026-03-31 00:24:22,184,2389,103,28.30,77.30
2026-03-31 00:24:27,175,2425,89,28.30,77.40
2026-03-31 00:24:32,218,2448,112,28.30,77.40
2026-03-31 00:24:37,213,2458,110,28.30,77.60
2026-03-31 00:24:42,196,2474,103,28.30,77.70
2026-03-31 00:24:47,198,2465,114,28.30,77.50
2026-03-31 00:24:52,192,2434,97,28.30,77.50
2026-03-31 00:24:57,181,2464,96,28.30,77.70
2026-03-31 00:25:02,203,2443,113,28.30,77.60
2026-03-31 00:25:07,186,2471,110,28.30,77.60
2026-03-31 00:25:12,194,2419,103,28.30,77.60
2026-03-31 00:25:17,164,2439,111,28.30,77.70
2026-03-31 00:25:22,176,2422,119,28.30,77.80
2026-03-31 00:25:27,178,2420,115,28.30,77.70
2026-03-31 00:25:32,195,2438,109,28.30,77.80
2026-03-31 00:25:37,197,2389,111,28.20,77.80
2026-03-31 00:25:42,178,2470,103,28.20,77.70
2026-03-31 00:25:47,175,2438,85,28.20,77.90
2026-03-31 00:25:52,192,2419,94,28.20,77.90
2026-03-31 00:25:57,199,2403,98,28.30,77.90
2026-03-31 00:26:02,149,2462,93,28.30,77.90
2026-03-31 00:26:07,173,2462,105,28.20,78.00
2026-03-31 00:26:12,173,2401,108,28.20,77.90
2026-03-31 00:26:17,186,2417,100,28.20,78.10
2026-03-31 00:26:22,188,2404,107,28.20,78.00
2026-03-31 00:26:27,226,2453,116,28.20,78.00
2026-03-31 00:26:32,178,2444,101,28.20,78.10
2026-03-31 00:26:37,201,2495,109,28.20,78.10
2026-03-31 00:26:42,192,2455,121,28.20,78.10
2026-03-31 00:26:47,207,2451,106,28.20,78.00
2026-03-31 00:26:52,194,2467,118,28.20,78.10
2026-03-31 00:26:57,187,2447,121,28.20,78.00
2026-03-31 00:27:02,186,2416,105,28.20,78.00
2026-03-31 00:27:07,176,2429,97,28.20,78.10
2026-03-31 00:27:12,187,2407,101,28.20,78.10
2026-03-31 00:27:17,181,2414,79,28.20,78.20
2026-03-31 00:27:22,197,2470,99,28.20,78.10
2026-03-31 00:27:27,258,2462,107,28.20,78.20
2026-03-31 00:27:32,208,2432,90,28.20,78.30
2026-03-31 00:27:37,174,2465,92,28.20,78.20
2026-03-31 00:27:42,198,2455,107,28.20,78.30
2026-03-31 00:27:47,191,2400,109,28.10,78.30
2026-03-31 00:27:52,190,2422,142,28.20,78.40
2026-03-31 00:27:57,177,2443,97,28.20,78.40
2026-03-31 00:28:02,172,2423,84,28.20,78.20
2026-03-31 00:28:07,194,2427,101,28.20,78.30
2026-03-31 00:28:12,183,2427,106,28.10,78.30
2026-03-31 00:28:17,187,2399,113,28.10,78.40
2026-03-31 00:28:22,215,2437,112,28.20,78.40
2026-03-31 00:28:27,210,2467,113,28.20,78.40
2026-03-31 00:28:32,209,2419,115,28.10,78.50
2026-03-31 00:28:37,207,2451,103,28.10,78.30
2026-03-31 00:28:42,182,2479,99,28.10,78.50
2026-03-31 00:28:47,203,2433,112,28.10,78.70
2026-03-31 00:28:52,208,2418,101,28.10,78.50
2026-03-31 00:28:57,166,2444,91,28.20,78.60
2026-03-31 00:29:02,192,2464,111,28.20,78.50
2026-03-31 00:29:07,203,2401,112,28.20,78.50
2026-03-31 00:29:12,176,2421,128,28.20,78.60
2026-03-31 00:29:17,173,2429,108,28.10,78.60
2026-03-31 00:29:22,209,2374,91,28.20,78.70
2026-03-31 00:29:27,196,2437,105,28.10,78.70
2026-03-31 00:29:32,188,2437,111,28.10,78.90
2026-03-31 00:29:37,177,2449,109,28.20,78.70
2026-03-31 00:29:42,223,2430,105,28.20,78.70
2026-03-31 00:29:47,203,2498,109,28.10,78.90
2026-03-31 00:29:52,194,2448,112,28.20,78.70
2026-03-31 00:29:57,187,2431,109,28.20,78.90
2026-03-31 00:30:02,192,2454,105,28.10,78.90
2026-03-31 00:30:07,217,2437,130,28.20,78.80
2026-03-31 00:30:12,192,2480,112,28.20,78.90
2026-03-31 00:30:17,193,2475,112,28.20,78.90
2026-03-31 00:30:22,221,2451,129,28.10,78.90
2026-03-31 00:30:27,245,2459,112,28.20,78.90
2026-03-31 00:30:32,214,2479,115,28.20,79.00
2026-03-31 00:30:37,209,2486,107,28.10,78.90
2026-03-31 00:30:42,223,2473,122,28.20,78.90
2026-03-31 00:30:47,222,2510,83,28.20,79.00
2026-03-31 00:30:52,234,2416,93,28.20,78.90
2026-03-31 00:30:57,208,2414,111,28.10,78.90
2026-03-31 00:31:02,208,2433,122,28.20,78.90
2026-03-31 00:31:07,201,2445,119,28.20,78.90
2026-03-31 00:31:12,215,2476,126,28.20,79.10
2026-03-31 00:31:17,208,2479,111,28.20,78.90
2026-03-31 00:31:22,218,2490,110,28.20,79.00
2026-03-31 00:31:27,227,2447,112,28.20,78.80
2026-03-31 00:31:32,205,2474,99,28.20,79.00
2026-03-31 00:31:37,218,2473,91,28.20,78.90
2026-03-31 00:31:42,206,2455,113,28.20,78.80
2026-03-31 00:31:47,245,2410,110,28.20,78.80
2026-03-31 00:31:52,208,2421,103,28.20,78.90
2026-03-31 00:31:57,190,2421,112,28.20,78.60
2026-03-31 00:32:02,237,2458,117,28.20,78.80
2026-03-31 00:32:07,219,2447,97,28.20,78.70
2026-03-31 00:32:12,189,2469,101,28.20,78.80
2026-03-31 00:32:17,211,2371,119,28.20,78.70
2026-03-31 00:32:22,208,2449,104,28.20,78.70
2026-03-31 00:32:27,218,2487,112,28.20,78.70
2026-03-31 00:32:32,233,2469,117,28.30,78.80
2026-03-31 00:32:37,195,2434,110,28.20,78.60
2026-03-31 00:32:42,225,2439,111,28.20,78.60
2026-03-31 00:32:47,234,2448,132,28.20,78.70
2026-03-31 00:32:52,191,2401,109,28.20,78.60
2026-03-31 00:32:57,196,2390,113,28.20,78.70
2026-03-31 00:33:02,220,2419,114,28.20,78.60
2026-03-31 00:33:07,240,2383,125,28.20,78.70
2026-03-31 00:33:12,209,2398,100,28.20,78.70
2026-03-31 00:33:17,192,2399,96,28.20,78.70
2026-03-31 00:33:22,203,2411,84,28.20,78.70
2026-03-31 00:33:27,225,2384,109,28.20,78.70
2026-03-31 00:33:32,225,2376,110,28.20,78.80
2026-03-31 00:36:42,211,2369,112,28.20,79.20
2026-03-31 00:36:47,237,2358,124,28.20,79.20
2026-03-31 00:36:52,245,2352,109,28.30,79.20
2026-03-31 00:36:57,246,2384,112,28.20,79.20
2026-03-31 00:37:02,266,2374,0,28.30,79.20
2026-03-31 00:37:07,224,2320,81,28.30,79.20
2026-03-31 00:37:12,195,2323,112,28.30,79.10
2026-03-31 00:37:17,208,2364,122,28.30,79.20
2026-03-31 00:37:22,240,2336,132,28.30,79.10
2026-03-31 00:37:27,251,2379,108,28.30,79.10
2026-03-31 00:37:32,239,2368,0,28.30,79.20
2026-03-31 00:37:37,230,2358,128,28.30,79.20
2026-03-31 00:37:42,240,2411,129,28.30,79.30
2026-03-31 00:37:47,240,2403,116,28.30,79.30
2026-03-31 00:37:52,238,2384,135,28.30,79.30
2026-03-31 00:37:57,0,2407,0,28.30,79.30
2026-03-31 00:38:02,222,2402,106,28.30,79.30
2026-03-31 00:38:07,224,2401,131,28.30,79.30
2026-03-31 00:38:12,225,2377,128,28.40,79.20
2026-03-31 00:38:17,208,2386,123,28.30,79.20
2026-03-31 00:38:22,0,2339,135,28.30,79.20
2026-03-31 00:38:27,226,2357,127,28.40,79.20
2026-03-31 00:38:32,203,2366,723,28.40,79.20
2026-03-31 00:38:37,208,2348,115,28.30,79.20
2026-03-31 00:38:42,203,2353,112,28.30,79.10
2026-03-31 00:38:47,224,2358,119,28.30,79.20
2026-03-31 00:38:52,227,2347,112,28.30,79.20
2026-03-31 00:38:57,209,2352,134,28.40,79.20
2026-03-31 00:39:02,219,2377,125,28.40,79.10
2026-03-31 00:39:07,208,2368,128,28.40,79.10
2026-03-31 00:39:12,206,2361,128,28.40,79.10
2026-03-31 00:39:17,225,2368,112,28.40,79.10
2026-03-31 00:39:22,213,2363,122,28.40,79.20
2026-03-31 00:39:27,207,2363,0,28.40,79.10
2026-03-31 00:39:32,237,2384,124,28.40,79.10
2026-03-31 00:39:37,224,2400,124,28.40,79.10
2026-03-31 00:39:42,227,2423,128,28.40,79.10
2026-03-31 00:39:47,230,2411,141,28.40,79.10
2026-03-31 00:39:52,228,2410,120,28.40,79.10
2026-03-31 00:39:57,222,2403,117,28.40,79.20
2026-03-31 00:40:02,222,2515,113,28.40,79.20
2026-03-31 00:40:07,218,2512,127,28.40,79.20
2026-03-31 00:40:12,195,2635,110,28.40,79.10
2026-03-31 00:40:17,208,2517,117,28.40,79.10
2026-03-31 00:40:22,208,2511,0,28.40,79.20
2026-03-31 00:40:27,208,2519,123,28.40,79.10
2026-03-31 00:40:32,223,2512,121,28.40,79.10
2026-03-31 00:40:37,212,2511,123,28.40,79.00
2026-03-31 00:40:43,237,2496,0,28.40,79.10
2026-03-31 00:40:48,214,2512,124,28.50,79.00
2026-03-31 00:40:53,252,2512,130,28.40,78.90
2026-03-31 00:40:58,226,2491,126,28.40,78.90
2026-03-31 00:41:03,213,2514,128,28.40,78.90
2026-03-31 00:41:08,221,2533,125,28.40,78.90
2026-03-31 00:41:13,211,2517,133,28.40,78.90
2026-03-31 00:41:18,223,2514,121,28.50,78.80
2026-03-31 00:41:23,234,2493,113,28.40,78.80
2026-03-31 00:41:28,235,2485,122,28.40,78.80
2026-03-31 00:41:33,209,2502,117,28.50,78.80
2026-03-31 00:41:38,210,2605,64,28.40,78.80
2026-03-31 00:41:43,209,2533,143,28.40,78.80
2026-03-31 00:41:48,214,2503,123,28.40,78.80
2026-03-31 00:41:53,213,2519,136,28.40,78.80
2026-03-31 00:41:58,209,2512,132,28.40,78.80
2026-03-31 00:42:03,208,2514,102,28.50,78.80
2026-03-31 00:42:08,215,2512,128,28.40,78.80
2026-03-31 00:42:13,219,2512,127,28.40,78.80
2026-03-31 00:42:18,213,2530,109,28.50,78.80
2026-03-31 00:42:23,212,2514,112,28.40,78.60
2026-03-31 00:42:28,207,2523,112,28.40,78.70
2026-03-31 00:42:33,209,2493,117,28.50,78.80
2026-03-31 00:42:38,211,2507,149,28.50,78.70
2026-03-31 00:42:43,203,2500,125,28.50,78.70
2026-03-31 00:42:48,211,2495,117,28.50,78.60
2026-03-31 00:42:53,203,2514,0,28.50,78.80
2026-03-31 00:42:58,203,2489,103,28.40,78.70
2026-03-31 00:43:03,214,2497,112,28.50,78.90
2026-03-31 00:43:08,208,2442,115,28.40,78.70
2026-03-31 00:43:13,198,2525,101,28.50,78.70
2026-03-31 00:43:18,197,2512,112,28.50,78.70
2026-03-31 00:43:23,195,2513,107,28.50,78.60
2026-03-31 00:43:28,195,2507,110,28.50,78.70
2026-03-31 00:43:33,187,2480,114,28.40,78.50
2026-03-31 00:43:38,198,2512,112,28.50,78.70
2026-03-31 00:43:43,219,2401,114,28.50,78.50
2026-03-31 00:43:48,222,2378,119,28.50,78.50
2026-03-31 00:43:53,208,2477,112,28.50,78.50
2026-03-31 00:43:58,208,2416,119,28.50,78.50
2026-03-31 00:44:03,213,2398,129,28.50,78.70
2026-03-31 00:44:08,214,2411,129,28.50,78.70
2026-03-31 00:44:13,191,2412,122,28.40,78.60
2026-03-31 00:44:18,201,2421,115,28.40,78.60
2026-03-31 00:44:23,208,2405,112,28.40,78.60
2026-03-31 00:44:28,126,2415,119,28.40,78.80
2026-03-31 00:44:33,203,2413,113,28.50,78.70
2026-03-31 00:44:38,179,2422,108,28.50,78.60
2026-03-31 00:44:43,194,2410,110,28.50,78.70
2026-03-31 00:44:48,184,2388,96,28.50,78.80
2026-03-31 00:44:53,177,2391,0,28.50,78.80
2026-03-31 00:44:58,183,2404,112,28.50,78.60
2026-03-31 00:45:03,189,2413,96,28.50,78.70
2026-03-31 00:45:08,198,2429,0,28.50,78.70
2026-03-31 00:45:13,202,2434,154,28.50,78.70
2026-03-31 00:45:18,201,2410,112,28.50,78.60
2026-03-31 00:45:23,214,2442,97,28.50,78.30
2026-03-31 00:45:28,208,2427,110,28.50,78.40
2026-03-31 00:45:33,195,2432,103,28.50,78.50
2026-03-31 00:45:38,202,2406,95,28.50,78.40
2026-03-31 00:45:43,179,2407,95,28.50,78.40
2026-03-31 00:45:48,163,2508,105,28.50,78.40
2026-03-31 00:45:53,148,2422,99,28.50,78.50
2026-03-31 00:45:58,175,2441,97,28.50,78.40
2026-03-31 00:46:03,194,2387,85,28.50,78.40
2026-03-31 00:46:08,192,2413,96,28.50,78.40
2026-03-31 00:46:13,180,2409,131,28.50,78.30
2026-03-31 00:46:18,200,2426,111,28.50,78.30
2026-03-31 00:46:23,202,2414,105,28.40,78.40
2026-03-31 00:46:28,204,2405,103,28.50,78.20
2026-03-31 00:46:33,186,2416,110,28.50,78.30
2026-03-31 00:46:38,217,2437,112,28.50,78.20
2026-03-31 00:46:43,192,2399,110,28.50,78.20
2026-03-31 00:46:48,192,2419,112,28.50,78.30
2026-03-31 00:46:53,192,2401,113,28.50,78.20
2026-03-31 00:46:58,182,2384,102,28.50,78.30
2026-03-31 00:47:03,176,2395,99,28.50,78.50
2026-03-31 00:47:08,196,2429,110,28.50,78.20
2026-03-31 00:47:13,180,2410,93,28.50,78.30
2026-03-31 00:47:18,181,2435,99,28.50,78.40
2026-03-31 00:47:23,162,2417,97,28.50,78.50
2026-03-31 00:47:28,192,2426,111,28.50,78.40
2026-03-31 00:47:33,181,2421,98,28.50,78.40
2026-03-31 00:47:38,181,2432,144,28.50,78.50
2026-03-31 00:47:43,191,2434,99,28.50,78.30
2026-03-31 00:47:48,194,2435,0,28.50,78.30
2026-03-31 00:47:53,183,2433,99,28.40,78.30
2026-03-31 00:47:58,192,2400,110,28.50,78.40
2026-03-31 00:48:03,128,2416,107,28.40,78.40
2026-03-31 00:48:08,182,2411,109,28.50,78.50
2026-03-31 00:48:13,190,2402,106,28.50,78.40
2026-03-31 00:48:18,196,2409,95,28.50,78.40
2026-03-31 00:48:23,176,2417,94,28.50,78.20
2026-03-31 00:48:28,179,2387,76,28.50,78.30
2026-03-31 00:48:33,180,2376,0,28.40,78.30
2026-03-31 00:48:38,161,2414,90,28.40,78.40
2026-03-31 00:48:43,162,2411,93,28.50,78.30
2026-03-31 00:48:48,173,2442,95,28.40,78.30
2026-03-31 00:48:53,185,2431,66,28.40,78.20
2026-03-31 00:48:58,200,2427,121,28.40,78.30
2026-03-31 00:49:03,197,2434,107,28.40,78.50
2026-03-31 00:49:08,190,2493,102,28.40,78.40
2026-03-31 00:49:13,168,2489,99,28.50,78.50
2026-03-31 00:49:18,179,2496,140,28.40,78.40
2026-03-31 00:49:23,160,2480,89,28.40,78.30
2026-03-31 00:49:28,176,2530,96,28.40,78.20
2026-03-31 00:49:33,161,2525,93,28.40,78.10
2026-03-31 00:49:38,173,2415,104,28.40,77.90
2026-03-31 00:49:43,160,2400,97,28.40,78.00
2026-03-31 00:49:48,172,2396,93,28.40,78.00
2026-03-31 00:49:53,176,2491,99,28.40,77.90
2026-03-31 00:49:58,147,2433,96,28.40,77.90
2026-03-31 00:50:03,131,2503,0,28.40,78.00
2026-03-31 00:50:08,176,2414,87,28.40,78.00
2026-03-31 00:50:13,188,2415,93,28.40,78.00
2026-03-31 00:50:18,195,2398,113,28.40,78.00
2026-03-31 00:50:23,195,2416,0,28.40,78.00
2026-03-31 00:50:28,208,2420,103,28.40,78.10
2026-03-31 00:50:33,197,2403,112,28.40,78.10
2026-03-31 00:50:38,192,2398,114,28.40,78.20
2026-03-31 00:50:43,198,2399,109,28.40,78.00
2026-03-31 00:50:48,186,2416,115,28.40,78.20
2026-03-31 00:50:53,177,2398,112,28.40,78.30
2026-03-31 00:50:58,191,2407,129,28.40,78.40
2026-03-31 00:51:03,184,2416,35,28.40,78.40
2026-03-31 00:51:08,208,2399,123,28.40,78.40
2026-03-31 00:51:13,202,2400,117,28.40,78.40
2026-03-31 00:51:18,171,2437,112,28.40,78.40
2026-03-31 00:51:23,209,2448,111,28.30,78.50
2026-03-31 00:51:28,199,2438,124,28.40,78.60
2026-03-31 00:51:33,186,2403,64,28.40,78.60
2026-03-31 00:51:38,181,2432,112,28.40,78.80
2026-03-31 00:51:43,195,2395,110,28.40,78.70
2026-03-31 00:51:48,191,2422,124,28.40,78.70
2026-03-31 00:51:53,181,2397,0,28.40,78.90
2026-03-31 00:51:58,181,2387,118,28.40,78.70
2026-03-31 00:52:03,182,2409,117,28.40,78.70
2026-03-31 00:52:08,202,2411,86,28.40,78.70
2026-03-31 00:52:13,212,2439,130,28.30,78.70
2026-03-31 00:52:18,221,2433,0,28.40,78.80
2026-03-31 00:52:23,179,2416,114,28.40,78.70
2026-03-31 00:52:28,208,2442,0,28.40,78.80
2026-03-31 00:52:33,207,2405,112,28.40,78.80
2026-03-31 00:52:38,190,2436,114,28.30,78.70
2026-03-31 00:52:43,197,2480,115,28.30,78.70
2026-03-31 00:52:48,178,2432,117,28.40,78.80
2026-03-31 00:52:53,172,2423,112,28.30,78.80
2026-03-31 00:52:58,183,2429,102,28.40,78.90
2026-03-31 00:53:03,203,2463,123,28.40,78.90
2026-03-31 00:53:08,193,2448,103,28.30,78.80
2026-03-31 00:53:13,190,2428,96,28.40,78.80
2026-03-31 00:53:18,191,2408,98,28.30,78.90
2026-03-31 00:53:23,165,2468,106,28.40,78.80
2026-03-31 00:53:28,174,2487,109,28.40,78.60
2026-03-31 00:53:33,191,2421,96,28.40,78.80
2026-03-31 00:53:38,193,2449,100,28.30,78.80
2026-03-31 00:53:43,172,2457,113,28.40,78.80
2026-03-31 00:53:48,175,2470,98,28.40,78.90
2026-03-31 00:53:53,177,2475,82,28.30,78.80
2026-03-31 00:53:58,189,2467,106,28.40,78.70
2026-03-31 00:54:03,182,2427,144,28.40,78.80
2026-03-31 00:54:08,193,2449,63,28.40,78.70
2026-03-31 00:54:13,190,2448,117,28.30,78.80
2026-03-31 00:54:18,190,2442,83,28.40,78.80
2026-03-31 00:54:23,187,2450,105,28.40,78.80
2026-03-31 00:54:28,174,2419,102,28.40,78.70
2026-03-31 00:54:33,191,2415,118,28.30,78.80
2026-03-31 00:54:38,178,2377,128,28.40,78.80
2026-03-31 00:54:43,176,2419,112,28.40,78.90
2026-03-31 00:54:48,194,2430,115,28.30,78.90
2026-03-31 00:54:53,197,2426,119,28.40,78.80
2026-03-31 00:54:58,198,2384,104,28.40,78.70
2026-03-31 00:55:03,179,2382,109,28.40,78.90
2026-03-31 00:55:09,178,2416,109,28.30,78.90
2026-03-31 00:55:14,189,2395,111,28.40,78.80
2026-03-31 00:55:19,183,2416,112,28.40,78.80
2026-03-31 00:55:24,181,2430,122,28.40,78.80
2026-03-31 00:55:29,183,2415,129,28.40,78.80
2026-03-31 00:55:34,190,2416,118,28.40,78.80
2026-03-31 00:55:39,189,2415,127,28.40,78.80
2026-03-31 00:55:44,197,2409,118,28.40,78.80
2026-03-31 00:55:49,208,2416,128,28.30,78.90
2026-03-31 00:55:54,215,2401,115,28.40,78.80
2026-03-31 00:55:59,167,2413,134,28.40,79.00
2026-03-31 00:56:04,186,2406,122,28.40,79.00
2026-03-31 00:56:09,208,2467,113,28.40,79.00
2026-03-31 00:56:14,209,2431,138,28.40,78.90
2026-03-31 00:56:19,206,2415,43,28.40,78.90
2026-03-31 00:56:24,192,2422,140,28.40,79.00
2026-03-31 00:56:29,218,2447,141,28.40,79.10
2026-03-31 00:56:34,222,2432,116,28.40,79.00
2026-03-31 00:56:39,196,2413,119,28.30,79.00
2026-03-31 00:56:44,188,2410,121,28.40,79.00
2026-03-31 00:56:49,188,2432,108,28.40,79.00
2026-03-31 00:56:54,181,2401,96,28.40,79.00
2026-03-31 00:56:59,201,2379,99,28.40,79.00
2026-03-31 00:57:04,208,2423,101,28.40,79.00
2026-03-31 00:57:09,197,2409,108,28.40,78.90
2026-03-31 00:57:14,187,2432,118,28.40,78.90
2026-03-31 00:57:19,187,2420,131,28.40,78.90
2026-03-31 00:57:24,202,2409,112,28.40,78.90
2026-03-31 00:57:29,204,2418,113,28.40,79.00
2026-03-31 00:57:34,192,2387,116,28.40,79.00
2026-03-31 00:57:39,182,2367,103,28.40,78.90
2026-03-31 00:57:44,179,2399,89,28.40,78.90
2026-03-31 00:57:49,185,2405,0,28.40,78.90
2026-03-31 00:57:54,176,2416,91,28.40,78.90
2026-03-31 00:57:59,173,2414,106,28.40,78.80
2026-03-31 00:58:04,194,2408,112,28.40,78.80
2026-03-31 00:58:09,192,2453,118,28.40,78.70
2026-03-31 00:58:14,147,2442,112,28.40,78.90
2026-03-31 00:58:19,192,2430,126,28.40,78.90
2026-03-31 00:58:24,192,2407,106,28.40,78.80
2026-03-31 00:58:29,197,2405,99,28.40,78.80
2026-03-31 00:58:34,178,2416,112,28.40,78.70
2026-03-31 00:58:39,177,2446,106,28.40,78.90
2026-03-31 00:58:44,187,2398,99,28.40,78.90
2026-03-31 00:58:49,188,2401,106,28.40,78.80
2026-03-31 00:58:54,162,2420,96,28.40,78.80
2026-03-31 00:58:59,176,2423,98,28.40,78.70
2026-03-31 00:59:04,179,2397,109,28.40,78.80
2026-03-31 00:59:09,176,2437,123,28.40,78.90
2026-03-31 00:59:14,176,2439,116,28.40,78.80
2026-03-31 00:59:19,178,2435,125,28.40,78.80
2026-03-31 00:59:24,189,2431,0,28.30,78.90
2026-03-31 00:59:29,179,2427,113,28.40,78.90
2026-03-31 00:59:34,173,2445,48,28.40,78.90
2026-03-31 00:59:39,163,2422,116,28.40,78.90
2026-03-31 00:59:44,205,2395,112,28.40,78.80
2026-03-31 00:59:49,180,2416,95,28.40,78.90
2026-03-31 00:59:54,177,2429,111,28.40,78.90
2026-03-31 00:59:59,192,2447,112,28.40,78.90
2026-03-31 01:00:04,179,2441,112,28.40,78.90
2026-03-31 01:00:09,191,2434,125,28.40,78.90
2026-03-31 01:00:14,208,2437,121,28.40,78.90
2026-03-31 01:00:19,162,2415,114,28.40,78.90
2026-03-31 01:00:24,187,2428,104,28.40,78.90
2026-03-31 01:00:29,199,2413,114,28.40,78.80
2026-03-31 01:00:34,177,2407,102,28.40,78.80
2026-03-31 01:00:39,189,2463,102,28.40,78.90
2026-03-31 01:00:44,173,2416,102,28.40,78.90
2026-03-31 01:00:49,173,2421,64,28.40,78.90
2026-03-31 01:00:54,287,2417,64,28.40,78.80
2026-03-31 01:00:59,179,2403,112,28.40,78.80
2026-03-31 01:01:04,174,2375,110,28.40,78.80
2026-03-31 01:01:09,182,2405,112,28.40,78.80
2026-03-31 01:01:14,174,2446,112,28.40,78.80
2026-03-31 01:01:19,186,2448,112,28.40,78.90
2026-03-31 01:01:24,191,2430,90,28.40,78.80
2026-03-31 01:01:29,174,2442,115,28.40,78.80
2026-03-31 01:01:34,193,2437,112,28.40,78.80
2026-03-31 01:01:39,168,2438,112,28.40,78.80
2026-03-31 01:01:44,188,2425,112,28.40,78.90
2026-03-31 01:01:49,191,2427,112,28.40,78.90
2026-03-31 01:01:54,177,2647,112,28.40,78.90
2026-03-31 01:01:59,165,2373,104,28.40,78.80
2026-03-31 01:02:04,169,2407,96,28.40,78.70
2026-03-31 01:02:09,167,2397,106,28.40,78.80
2026-03-31 01:02:14,142,2390,85,28.40,78.80
2026-03-31 01:02:19,179,2391,110,28.40,78.90
2026-03-31 01:02:24,161,2407,112,28.40,78.90
2026-03-31 01:02:29,185,2426,111,28.40,78.80
2026-03-31 01:02:34,187,2401,107,28.40,78.90
2026-03-31 01:02:39,176,2393,122,28.40,78.80
2026-03-31 01:02:44,146,2388,112,28.40,78.90
2026-03-31 01:02:49,196,2406,128,28.40,78.90
2026-03-31 01:02:54,202,2643,126,28.40,78.90
2026-03-31 01:02:59,5,2517,115,28.40,78.90
2026-03-31 01:03:04,193,2500,117,28.40,78.90
2026-03-31 01:03:09,208,2512,122,28.40,78.90
2026-03-31 01:03:14,179,2512,118,28.40,78.90
2026-03-31 01:03:19,191,2515,120,28.40,78.90
2026-03-31 01:03:24,204,2494,117,28.40,78.90
2026-03-31 01:03:29,192,2521,115,28.40,79.00
2026-03-31 01:03:34,192,2480,113,28.40,79.00
2026-03-31 01:03:39,222,2496,93,28.40,78.90
2026-03-31 01:03:44,196,2499,116,28.40,78.90
2026-03-31 01:03:49,188,2495,111,28.40,79.00
2026-03-31 01:03:54,193,2415,109,28.40,78.90
2026-03-31 01:03:59,182,2415,113,28.40,78.90
2026-03-31 01:04:04,192,2416,114,28.40,78.80
2026-03-31 01:04:09,197,2448,112,28.40,78.90
2026-03-31 01:04:14,192,2509,110,28.40,78.90
2026-03-31 01:04:19,176,2477,108,28.40,78.80
2026-03-31 01:04:24,169,2515,112,28.40,78.80
2026-03-31 01:04:29,177,2502,111,28.50,78.90
2026-03-31 01:04:34,167,2512,112,28.40,78.80
2026-03-31 01:04:39,177,2521,106,28.40,78.80
2026-03-31 01:04:44,176,2511,78,28.40,78.80
2026-03-31 01:04:49,178,2493,64,28.40,78.90
2026-03-31 01:04:54,176,2423,107,28.40,78.90
2026-03-31 01:04:59,159,2435,117,28.50,78.90
2026-03-31 01:05:04,193,2417,157,28.40,78.80
2026-03-31 01:05:09,206,2431,3,28.40,78.80
2026-03-31 01:05:14,196,2410,128,28.40,78.70
2026-03-31 01:05:19,176,2402,112,28.40,78.90
2026-03-31 01:05:24,171,2414,101,28.40,78.90
2026-03-31 01:05:29,180,2427,109,28.40,78.80
2026-03-31 01:05:34,178,2389,95,28.40,78.90
2026-03-31 01:05:39,165,2394,106,28.40,78.80
2026-03-31 01:05:44,193,2474,104,28.40,78.70
2026-03-31 01:05:49,176,2427,112,28.40,78.80
2026-03-31 01:05:54,176,2393,144,28.40,78.80
2026-03-31 01:05:59,204,2383,119,28.40,78.80
2026-03-31 01:06:04,199,2385,86,28.40,78.80
2026-03-31 01:06:09,186,2385,114,28.40,78.80
2026-03-31 01:06:14,176,2379,112,28.50,78.70
2026-03-31 01:06:19,178,2403,128,28.40,78.80
2026-03-31 01:06:24,234,2387,96,28.40,78.80
2026-03-31 01:06:29,188,2395,101,28.40,78.80
2026-03-31 01:06:34,197,2425,88,28.40,78.80
2026-03-31 01:06:39,200,2421,100,28.40,78.90
2026-03-31 01:06:44,176,2419,109,28.50,78.80
2026-03-31 01:06:49,192,2400,115,28.40,79.00
2026-03-31 01:06:54,197,2425,119,28.40,78.90
2026-03-31 01:06:59,191,2432,112,28.40,78.90
2026-03-31 01:07:04,184,2432,117,28.40,78.90
2026-03-31 01:07:09,202,2432,112,28.40,79.00
2026-03-31 01:07:14,192,2445,129,28.40,79.00
2026-03-31 01:07:19,190,2411,116,28.40,78.90
2026-03-31 01:07:24,197,2373,118,28.40,79.10
2026-03-31 01:07:29,191,2375,113,28.40,79.00
2026-03-31 01:07:34,206,2371,119,28.40,79.00
2026-03-31 01:07:39,191,2384,138,28.40,79.00
2026-03-31 01:07:44,219,2374,118,28.40,79.00
2026-03-31 01:07:49,196,2379,123,28.40,79.10
2026-03-31 01:07:54,168,2382,76,28.40,79.00
2026-03-31 01:07:59,201,2382,107,28.50,79.00
2026-03-31 01:08:04,189,2383,105,28.40,79.00
2026-03-31 01:08:09,193,2384,139,28.40,79.00
2026-03-31 01:08:14,194,2377,126,28.40,79.00
2026-03-31 01:08:19,197,2391,114,28.40,79.00
2026-03-31 01:08:24,195,2382,113,28.50,79.00
2026-03-31 01:08:29,196,2397,120,28.40,79.00
2026-03-31 01:08:34,208,2409,130,28.40,79.00
2026-03-31 01:08:39,202,2384,128,28.50,79.10
2026-03-31 01:08:44,196,2371,128,28.40,78.90
2026-03-31 01:08:52,188,2389,116,28.50,79.10
2026-03-31 01:08:57,179,2382,103,28.40,79.00
2026-03-31 01:09:02,205,2398,112,28.40,79.00
2026-03-31 01:09:07,194,2432,111,28.50,79.10
2026-03-31 01:09:12,181,2370,112,28.50,79.10
2026-03-31 01:09:17,192,2372,115,28.40,79.10
2026-03-31 01:09:22,192,2354,97,28.50,79.10
2026-03-31 01:09:27,190,2368,80,28.50,79.00
2026-03-31 01:09:32,193,2359,128,28.50,79.00
2026-03-31 01:09:37,190,2373,112,28.50,79.00
2026-03-31 01:09:42,192,2410,106,28.50,79.00
2026-03-31 01:09:47,200,2423,96,28.50,79.00
2026-03-31 01:09:52,194,2419,128,28.50,79.00
2026-03-31 01:09:57,192,2439,117,28.40,78.90
2026-03-31 01:10:02,190,2463,132,28.50,79.00
2026-03-31 01:10:07,208,2448,117,28.50,78.90
2026-03-31 01:10:12,193,2449,87,28.40,79.00
2026-03-31 01:10:17,178,2448,105,28.50,79.00
2026-03-31 01:10:22,183,2433,96,28.40,78.90
2026-03-31 01:10:27,153,2405,112,28.40,78.90
2026-03-31 01:10:32,176,2399,109,28.40,78.90
2026-03-31 01:10:37,192,2400,97,28.50,78.90
2026-03-31 01:10:42,167,2400,159,28.40,79.00
2026-03-31 01:10:47,183,2416,116,28.50,78.80
2026-03-31 01:10:52,193,2416,32,28.50,78.90
2026-03-31 01:10:57,178,2441,114,28.40,78.90
2026-03-31 01:11:02,185,2473,108,28.50,78.90
2026-03-31 01:11:07,188,2455,113,28.50,78.80
2026-03-31 01:11:12,197,2449,123,28.50,78.90
2026-03-31 01:11:17,179,2416,116,28.50,78.90
2026-03-31 01:11:22,183,2416,112,28.50,78.80
2026-03-31 01:11:27,194,1957,106,28.50,78.90
2026-03-31 01:11:32,208,2417,122,28.40,79.00
2026-03-31 01:11:37,189,2429,107,28.50,78.90
2026-03-31 01:11:42,194,2407,53,28.50,78.80
2026-03-31 01:11:47,192,2404,114,28.50,78.90
2026-03-31 01:11:52,176,2416,115,28.50,78.80
2026-03-31 01:11:57,197,2422,118,28.50,78.90
2026-03-31 01:12:02,167,2414,65,28.40,78.80
2026-03-31 01:12:07,183,2412,117,28.50,78.80
2026-03-31 01:12:12,193,2424,121,28.40,78.80
2026-03-31 01:12:17,182,2398,67,28.50,78.80
2026-03-31 01:12:22,170,2430,89,28.50,78.70
2026-03-31 01:12:27,192,2407,113,28.50,78.80
2026-03-31 01:12:32,203,2423,104,28.50,78.70
2026-03-31 01:12:37,201,2426,113,28.50,78.80
2026-03-31 01:12:42,194,2400,112,28.50,78.80
2026-03-31 01:12:47,166,2382,102,28.40,78.70
2026-03-31 01:12:52,183,2400,102,28.50,78.70
2026-03-31 01:12:57,215,2430,106,28.40,78.60
2026-03-31 01:13:02,181,2400,112,28.50,78.80
2026-03-31 01:13:07,173,2418,103,28.40,78.80
2026-03-31 01:13:12,173,2431,106,28.40,78.80
2026-03-31 01:13:17,165,2416,109,28.50,78.80
2026-03-31 01:13:22,165,2432,114,28.50,78.70
2026-03-31 01:13:27,190,2448,126,28.40,78.70
2026-03-31 01:13:32,173,2403,115,28.40,78.80
2026-03-31 01:13:37,181,2406,113,28.50,78.90
2026-03-31 01:13:42,177,2419,109,28.50,78.70
2026-03-31 01:13:47,183,2434,128,28.50,78.80
2026-03-31 01:13:52,206,2438,114,28.40,78.80
2026-03-31 01:13:57,192,2429,123,28.40,78.80
2026-03-31 01:14:02,145,2422,112,28.40,78.80
2026-03-31 01:14:07,183,2416,0,28.40,78.80
2026-03-31 01:14:12,183,2419,96,28.50,78.80
2026-03-31 01:14:17,180,2370,98,28.40,78.70
2026-03-31 01:14:22,191,2377,101,28.50,78.80
2026-03-31 01:14:27,176,2406,111,28.40,78.80
2026-03-31 01:14:32,186,2382,0,28.40,79.00
2026-03-31 01:14:37,180,2400,122,28.40,78.80
2026-03-31 01:14:42,175,2390,109,28.40,78.90
2026-03-31 01:14:47,196,2380,111,28.40,78.90
2026-03-31 01:14:52,178,2382,112,28.40,78.90
2026-03-31 01:14:57,182,2403,110,28.50,78.80
2026-03-31 01:15:02,174,2449,96,28.40,78.90
2026-03-31 01:15:07,188,2418,128,28.40,78.90
2026-03-31 01:15:12,150,2435,111,28.50,78.90
2026-03-31 01:15:17,180,2409,112,28.40,78.90
2026-03-31 01:15:22,192,2391,105,28.40,78.90
2026-03-31 01:15:27,192,2419,114,28.40,78.80
2026-03-31 01:15:32,164,2441,111,28.40,78.90
2026-03-31 01:15:37,213,2451,101,28.40,78.80
2026-03-31 01:15:42,188,2422,107,28.40,78.90
2026-03-31 01:15:47,165,2460,113,28.50,78.70
2026-03-31 01:15:52,213,2444,108,28.40,78.70
2026-03-31 01:15:57,191,2399,96,28.40,78.80
2026-03-31 01:16:02,176,2406,99,28.40,78.80
2026-03-31 01:16:07,179,2423,104,28.50,78.60
2026-03-31 01:16:12,175,2442,112,28.40,78.60
2026-03-31 01:16:17,165,2427,109,28.40,78.80
2026-03-31 01:16:22,174,2406,109,28.40,78.70
2026-03-31 01:16:27,185,2391,100,28.40,78.80
2026-03-31 01:16:32,176,2413,98,28.50,78.70
2026-03-31 01:16:37,174,2402,106,28.40,78.70
2026-03-31 01:16:42,211,2394,114,28.40,78.80
2026-03-31 01:16:47,178,2413,112,28.40,78.80
2026-03-31 01:16:52,176,2397,126,28.40,78.80
2026-03-31 01:16:57,193,2428,117,28.40,78.80
2026-03-31 01:17:02,253,2386,112,28.40,78.80
2026-03-31 01:17:07,173,2413,112,28.40,78.70
2026-03-31 01:17:12,176,2410,112,28.40,78.80
2026-03-31 01:17:17,181,2406,112,28.40,78.80
2026-03-31 01:17:22,128,2412,100,28.40,78.90
2026-03-31 01:17:27,164,2382,96,28.40,78.90
2026-03-31 01:17:32,146,2401,106,28.40,78.90
2026-03-31 01:17:37,173,2432,108,28.40,78.80
2026-03-31 01:17:42,165,2430,105,28.40,78.70
2026-03-31 01:17:47,190,2442,110,28.40,78.60
2026-03-31 01:17:52,171,2427,97,28.40,78.60
2026-03-31 01:17:57,174,2394,111,28.40,78.70
2026-03-31 01:18:02,171,2429,110,28.40,78.50
2026-03-31 01:18:07,165,2429,90,28.40,78.70
2026-03-31 01:18:12,171,2407,99,28.40,78.60
2026-03-31 01:18:17,173,2416,103,28.40,78.60
2026-03-31 01:18:22,178,2407,0,28.40,78.50
2026-03-31 01:18:27,166,2416,103,28.40,78.60
2026-03-31 01:18:32,168,2398,79,28.40,78.60
2026-03-31 01:18:37,162,2408,93,28.40,78.60
2026-03-31 01:18:42,160,2427,96,28.40,78.70
2026-03-31 01:18:47,176,2417,105,28.40,78.40
2026-03-31 01:18:52,169,2412,103,28.40,78.70
2026-03-31 01:18:57,154,2394,103,28.30,78.70
2026-03-31 01:19:02,169,2369,105,28.40,78.60
2026-03-31 01:19:07,158,2358,101,28.30,78.50
2026-03-31 01:19:12,192,2403,106,28.40,78.60
2026-03-31 01:19:17,152,2323,108,28.40,78.50
2026-03-31 01:19:22,176,2379,103,28.40,78.70
2026-03-31 01:19:27,176,2391,117,28.30,78.70
2026-03-31 01:19:32,169,2405,94,28.30,78.50
2026-03-31 01:19:37,179,2367,134,28.40,78.60
2026-03-31 01:19:42,167,2359,112,28.40,78.40
2026-03-31 01:19:47,173,2371,111,28.40,78.60
2026-03-31 01:19:52,170,2384,96,28.40,78.40
2026-03-31 01:19:57,153,2379,98,28.30,78.50
2026-03-31 01:20:02,165,2387,105,28.30,78.60
2026-03-31 01:20:07,173,2431,101,28.30,78.50
2026-03-31 01:20:12,175,2415,96,28.30,78.60
2026-03-31 01:20:17,163,2397,93,28.30,78.50
2026-03-31 01:20:22,196,2413,110,28.30,78.70
2026-03-31 01:20:27,160,2381,98,28.30,78.60
2026-03-31 01:20:32,162,2398,96,28.30,78.70
2026-03-31 01:20:37,165,2417,84,28.30,78.60
2026-03-31 01:20:42,173,2401,93,28.30,78.60
2026-03-31 01:20:47,171,2407,111,28.30,78.50
2026-03-31 01:20:52,178,2414,109,28.30,78.60
2026-03-31 01:20:57,173,2430,94,28.30,78.30
2026-03-31 01:21:02,159,2397,20,28.30,78.60
2026-03-31 01:21:07,176,2426,104,28.30,78.50
2026-03-31 01:21:12,194,2416,103,28.30,78.50
2026-03-31 01:21:17,181,2441,112,28.30,78.60
2026-03-31 01:21:22,182,2448,102,28.30,78.60
2026-03-31 01:21:27,176,2471,113,28.20,78.50
2026-03-31 01:21:32,176,2463,96,28.30,78.50
2026-03-31 01:21:37,170,2461,99,28.30,78.70
2026-03-31 01:21:42,177,2465,114,28.30,78.70
2026-03-31 01:21:47,176,2470,95,28.20,78.50
2026-03-31 01:21:52,282,2481,112,28.30,78.60
2026-03-31 01:21:57,171,2494,101,28.30,78.70
2026-03-31 01:22:02,161,2508,95,28.30,78.60
2026-03-31 01:22:07,166,2481,78,28.30,78.60
2026-03-31 01:22:12,175,2521,96,28.20,78.60
2026-03-31 01:22:17,173,2497,103,28.20,78.70
2026-03-31 01:22:22,150,2485,64,28.20,78.80
2026-03-31 01:22:27,159,2480,103,28.20,78.60
2026-03-31 01:22:32,171,2490,95,28.20,78.70
2026-03-31 01:22:37,167,2486,102,28.20,78.60
2026-03-31 01:22:42,180,2479,64,28.20,78.50
2026-03-31 01:22:47,183,2526,96,28.20,78.60
2026-03-31 01:22:52,178,2512,110,28.20,78.60
2026-03-31 01:22:57,165,2483,98,28.20,78.60
2026-03-31 01:23:03,176,2441,117,28.20,78.60
2026-03-31 01:23:08,188,2446,96,28.20,78.60
2026-03-31 01:23:13,173,2473,103,28.20,78.70
2026-03-31 01:23:18,195,2468,116,28.20,78.80
2026-03-31 01:23:23,206,2482,115,28.20,78.70
2026-03-31 01:23:28,192,2465,111,28.20,78.80
2026-03-31 01:23:33,175,2480,145,28.20,78.80
2026-03-31 01:23:38,176,2447,112,28.20,78.80
2026-03-31 01:23:43,166,2443,105,28.20,78.80
2026-03-31 01:23:48,167,2434,112,28.20,78.70
2026-03-31 01:23:53,193,2448,112,28.20,78.80
2026-03-31 01:23:58,181,2451,111,28.20,78.70
2026-03-31 01:24:03,176,2464,99,28.20,78.90
2026-03-31 01:24:08,204,2444,127,28.20,78.70
2026-03-31 01:24:13,192,2475,125,28.20,78.80
2026-03-31 01:24:18,176,2437,85,28.20,78.90
2026-03-31 01:24:23,187,2463,115,28.10,78.80
2026-03-31 01:24:28,176,2446,107,28.10,78.80
2026-03-31 01:24:33,166,2436,96,28.10,78.80
2026-03-31 01:24:38,181,2426,100,28.10,78.90
2026-03-31 01:24:43,190,2402,99,28.20,78.80
2026-03-31 01:24:48,189,2466,112,28.20,78.70
2026-03-31 01:24:53,173,2432,99,28.20,78.80
2026-03-31 01:24:58,171,2421,96,28.20,78.80
2026-03-31 01:25:03,163,2425,105,28.20,78.90
2026-03-31 01:25:08,128,2431,107,28.10,78.80
2026-03-31 01:25:13,195,2450,105,28.20,78.80
2026-03-31 01:25:18,179,2252,113,28.10,79.00
2026-03-31 01:25:23,187,2443,100,28.10,78.90
2026-03-31 01:25:28,179,2452,96,28.20,78.90
2026-03-31 01:25:33,128,2430,98,28.10,78.90
2026-03-31 01:25:38,91,2439,102,28.20,78.80
2026-03-31 01:25:43,182,2443,112,28.10,78.90
2026-03-31 01:25:48,167,2432,99,28.10,78.80
2026-03-31 01:25:53,160,2430,106,28.10,78.90
2026-03-31 01:25:58,176,2433,96,28.10,79.00
2026-03-31 01:26:03,179,2451,114,28.10,78.90
2026-03-31 01:26:08,165,2443,109,28.10,78.90
2026-03-31 01:26:13,182,2464,115,28.10,79.00
2026-03-31 01:26:18,175,2458,110,28.10,79.00
2026-03-31 01:26:23,150,2462,105,28.10,79.00
2026-03-31 01:26:28,46,2449,110,28.10,78.90
2026-03-31 01:26:33,174,2464,83,28.10,79.00
2026-03-31 01:26:38,170,2451,112,28.10,79.00
2026-03-31 01:26:43,175,2448,123,28.10,78.90
2026-03-31 01:26:48,177,2439,112,28.10,78.90
2026-03-31 01:26:53,181,2429,99,28.10,78.90
2026-03-31 01:26:58,186,2431,102,28.10,78.90
2026-03-31 01:27:03,173,2406,112,28.10,78.90
2026-03-31 01:27:08,176,2445,106,28.10,79.00
2026-03-31 01:27:13,178,2426,107,28.10,78.90
2026-03-31 01:27:18,178,2352,86,28.10,78.90
2026-03-31 01:27:23,170,2423,90,28.10,79.00
2026-03-31 01:27:28,0,2433,94,28.10,78.80
2026-03-31 01:27:33,190,2422,105,28.10,78.90
2026-03-31 01:27:38,177,2419,102,28.10,79.00
2026-03-31 01:27:43,172,2425,102,28.10,78.90
2026-03-31 01:27:48,185,2441,0,28.10,79.00
2026-03-31 01:27:53,207,2467,112,28.10,78.90
2026-03-31 01:27:58,156,2469,107,28.10,79.00
2026-03-31 01:28:03,169,2460,112,28.10,79.10
2026-03-31 01:28:08,179,2461,25,28.10,79.00
2026-03-31 01:28:13,176,2429,96,28.10,79.10
2026-03-31 01:28:18,164,2449,109,28.00,79.10
2026-03-31 01:28:23,195,2477,222,28.10,79.10
2026-03-31 01:28:28,178,2457,102,28.10,79.10
2026-03-31 01:28:33,158,2463,107,28.10,79.00
2026-03-31 01:28:38,198,2480,97,28.10,79.00
2026-03-31 01:28:43,176,2470,102,28.10,79.10
2026-03-31 01:28:48,176,2477,112,28.00,79.20
2026-03-31 01:28:53,184,2460,112,28.10,79.10
2026-03-31 01:28:58,128,2448,111,28.00,79.10
2026-03-31 01:29:03,161,2454,103,28.00,79.10
2026-03-31 01:29:08,181,2462,0,28.00,79.20
2026-03-31 01:29:13,183,2457,18,28.00,79.10
2026-03-31 01:29:18,173,2474,112,28.00,79.10
2026-03-31 01:29:23,183,2469,112,28.10,79.20
2026-03-31 01:29:28,177,2483,113,28.10,79.20
2026-03-31 01:29:33,184,2466,112,28.00,79.20
2026-03-31 01:29:38,177,2449,107,28.00,79.30
2026-03-31 01:29:43,176,2431,106,28.10,79.00
2026-03-31 01:29:48,190,2453,106,28.10,79.20
2026-03-31 01:29:53,182,2451,118,28.10,79.20
2026-03-31 01:29:58,207,2450,102,28.00,79.20
2026-03-31 01:30:03,175,2443,94,28.00,79.20
2026-03-31 01:30:08,175,2419,144,28.10,79.20
2026-03-31 01:30:13,170,2427,93,28.10,79.10
2026-03-31 01:30:18,173,2448,107,28.10,79.10
2026-03-31 01:30:23,173,2453,105,28.10,79.20
2026-03-31 01:30:28,160,2640,95,28.00,79.00
2026-03-31 01:30:33,170,2415,94,28.10,79.00
2026-03-31 01:30:38,166,2428,87,28.00,79.00
2026-03-31 01:30:43,159,2433,95,28.00,79.10
2026-03-31 01:30:48,174,2432,82,28.00,79.10
2026-03-31 01:30:53,174,2442,102,28.10,79.00
2026-03-31 01:30:58,182,2423,93,28.10,79.10
2026-03-31 01:31:03,164,2450,89,28.10,79.00
2026-03-31 01:31:08,168,2426,93,28.00,79.10
2026-03-31 01:31:13,154,2406,85,28.10,79.10
2026-03-31 01:31:18,0,2427,91,28.00,79.00
2026-03-31 01:31:23,173,2418,107,28.00,79.10
2026-03-31 01:31:28,182,2447,105,28.00,79.10
2026-03-31 01:31:33,178,2426,115,28.00,79.10
2026-03-31 01:31:38,173,2429,91,28.00,79.10
2026-03-31 01:31:43,176,2393,94,28.00,79.00
2026-03-31 01:31:48,162,2399,108,28.10,79.10
2026-03-31 01:31:53,194,2399,112,28.00,79.10
2026-03-31 01:31:58,180,2384,112,28.00,79.10
2026-03-31 01:32:03,176,2409,105,28.00,79.20
2026-03-31 01:32:08,178,2399,112,28.00,79.20
2026-03-31 01:32:13,156,2379,96,28.00,79.20
2026-03-31 01:32:18,7,2371,95,28.00,79.10
2026-03-31 01:32:23,170,2383,98,28.00,79.00
2026-03-31 01:32:28,150,2371,90,28.00,79.00
2026-03-31 01:32:33,176,2401,87,28.00,79.10
2026-03-31 01:32:38,173,2391,111,28.10,79.20
2026-03-31 01:32:43,177,2401,101,28.00,79.10
2026-03-31 01:32:48,177,2401,92,28.00,79.20
2026-03-31 01:32:53,176,2422,109,28.00,79.20
2026-03-31 01:32:58,166,2447,101,28.00,79.20
2026-03-31 01:33:03,176,2432,108,28.00,79.20
2026-03-31 01:33:08,175,2382,93,28.00,79.10
2026-03-31 01:33:13,188,2451,102,28.00,79.20
2026-03-31 01:33:18,182,2395,96,28.00,79.20
2026-03-31 01:33:23,112,2397,99,28.00,79.30
2026-03-31 01:33:28,198,2415,112,28.00,79.20
2026-03-31 01:33:33,175,2414,121,28.00,79.20
2026-03-31 01:33:38,166,2416,103,28.00,79.30
2026-03-31 01:33:43,173,2394,0,28.00,79.20
2026-03-31 01:33:48,163,2428,109,28.00,79.30
2026-03-31 01:33:53,161,2398,86,28.00,79.20
2026-03-31 01:33:58,164,2417,112,28.00,79.10
2026-03-31 01:34:03,192,2441,91,28.00,79.20
2026-03-31 01:34:08,172,2417,96,28.00,79.10
2026-03-31 01:34:13,167,2387,100,28.00,79.10
2026-03-31 01:34:18,170,2379,107,28.00,79.10
2026-03-31 01:34:23,170,2395,0,28.00,79.10
2026-03-31 01:34:28,208,2430,87,28.00,79.10
2026-03-31 01:34:33,163,2419,89,28.00,79.00
2026-03-31 01:34:38,165,2418,86,28.00,79.10
2026-03-31 01:34:43,172,2399,0,28.00,79.00
2026-03-31 01:34:48,173,2416,85,28.00,79.00
2026-03-31 01:34:53,162,2407,83,28.00,79.00
2026-03-31 01:34:58,160,2414,88,28.00,79.10
2026-03-31 01:35:03,192,2416,84,28.00,78.90
2026-03-31 01:35:08,156,2416,98,28.00,79.00
2026-03-31 01:35:13,154,2388,78,27.90,79.00
2026-03-31 01:35:18,153,2421,0,28.00,78.90
2026-03-31 01:35:23,166,2399,88,27.90,79.00
2026-03-31 01:35:28,176,2433,96,28.00,79.00
2026-03-31 01:35:33,176,2416,96,28.00,78.90
2026-03-31 01:35:38,164,2397,91,27.90,79.00
2026-03-31 01:35:43,174,2417,96,28.00,79.00
2026-03-31 01:35:48,177,2402,89,28.00,79.00
2026-03-31 01:35:53,171,2411,95,28.00,78.90
2026-03-31 01:35:58,177,2399,107,28.00,79.10
2026-03-31 01:36:03,178,2483,112,27.90,79.10
2026-03-31 01:36:08,190,2437,113,28.00,79.20
2026-03-31 01:36:13,169,2417,95,27.90,79.20
2026-03-31 01:36:18,176,2405,113,27.90,79.20
2026-03-31 01:36:23,185,2421,103,28.00,79.20
2026-03-31 01:36:28,170,2410,64,27.90,79.20
2026-03-31 01:36:33,169,2391,103,28.00,79.20
2026-03-31 01:36:38,165,2403,103,27.90,79.30
2026-03-31 01:36:43,184,2411,108,27.90,79.30
2026-03-31 01:36:48,179,2409,102,28.00,79.20
2026-03-31 01:36:53,159,2387,90,28.00,79.30
2026-03-31 01:36:58,192,2486,97,27.90,79.40
2026-03-31 01:37:03,176,2443,112,27.90,79.20
2026-03-31 01:37:08,176,2426,112,28.00,79.30
2026-03-31 01:37:13,175,2432,112,28.00,79.30
2026-03-31 01:37:18,167,2416,105,27.90,79.20
2026-03-31 01:37:23,0,2398,108,28.00,79.20
2026-03-31 01:37:29,141,2393,99,27.90,79.20
2026-03-31 01:37:34,173,2410,111,27.90,79.10
2026-03-31 01:37:39,176,2423,66,27.90,79.10
2026-03-31 01:37:44,178,2427,104,27.90,78.90
2026-03-31 01:37:49,160,2399,102,27.90,78.90
2026-03-31 01:37:54,162,2385,84,27.90,78.80
2026-03-31 01:37:59,177,2384,93,27.90,78.90
2026-03-31 01:38:04,163,2393,99,27.90,78.70
2026-03-31 01:38:09,157,2421,111,27.90,78.90
2026-03-31 01:38:14,176,2386,99,27.90,78.90
2026-03-31 01:38:19,153,2384,95,27.90,78.90
2026-03-31 01:38:24,158,2389,82,27.90,78.90
2026-03-31 01:38:29,179,2389,85,27.90,79.00
2026-03-31 01:38:34,153,2386,93,27.90,78.80
2026-03-31 01:38:39,128,2389,97,27.90,78.90
2026-03-31 01:38:44,175,2397,93,27.90,79.00
2026-03-31 01:38:49,176,2384,98,27.90,79.00
2026-03-31 01:38:54,156,2389,0,27.90,79.00
2026-03-31 01:38:59,144,2380,77,27.90,78.90
2026-03-31 01:39:04,155,2390,84,27.90,79.10
2026-03-31 01:39:09,161,2391,92,27.90,79.00
2026-03-31 01:39:14,166,2383,95,27.80,79.00
2026-03-31 01:39:19,199,2363,84,27.90,78.90
2026-03-31 01:39:24,167,2372,85,27.80,78.90
2026-03-31 01:39:29,160,2370,87,27.80,79.10
2026-03-31 01:39:34,165,2393,96,27.90,79.00
2026-03-31 01:39:39,159,2390,92,27.80,79.00
2026-03-31 01:39:44,160,2400,0,27.80,79.10
2026-03-31 01:39:49,157,2399,96,27.90,79.00
2026-03-31 01:39:54,158,2402,93,27.90,79.00
2026-03-31 01:39:59,163,2403,95,27.80,78.90
2026-03-31 01:40:04,144,2413,103,27.80,78.90
2026-03-31 01:40:09,163,2384,89,27.80,79.10
2026-03-31 01:40:14,173,2385,80,27.80,79.10
2026-03-31 01:40:19,173,2414,106,27.80,79.00
2026-03-31 01:40:24,157,2414,92,27.80,79.10
2026-03-31 01:40:29,159,2423,103,27.80,79.00
2026-03-31 01:40:34,176,2418,110,27.80,79.10
2026-03-31 01:40:39,171,2434,0,27.80,79.20
2026-03-31 01:40:44,169,2422,52,27.80,79.20
2026-03-31 01:40:49,135,2393,96,27.80,79.20
2026-03-31 01:40:54,166,2398,83,27.80,79.20
2026-03-31 01:40:59,173,2507,97,27.80,79.20
2026-03-31 01:41:04,174,2357,99,27.80,79.20
2026-03-31 01:41:09,161,2390,93,27.80,79.30
2026-03-31 01:41:14,149,2391,85,27.80,79.30
2026-03-31 01:41:19,178,2399,64,27.80,79.30
2026-03-31 01:41:24,172,2371,105,27.80,79.20
2026-03-31 01:41:29,160,2352,80,27.70,79.30
2026-03-31 01:41:34,173,2387,89,27.80,79.30
2026-03-31 01:41:39,172,2509,97,27.80,79.20
2026-03-31 01:41:44,151,2411,90,27.80,79.40
2026-03-31 01:41:49,176,2410,100,27.80,79.30
2026-03-31 01:41:54,150,2432,96,27.80,79.30
2026-03-31 01:41:59,163,2426,85,27.80,79.30
2026-03-31 01:42:04,161,2339,85,27.80,79.30
2026-03-31 01:42:09,177,2416,0,27.80,79.30
2026-03-31 01:42:14,160,2385,89,27.80,79.30
2026-03-31 01:42:19,159,2417,98,27.80,79.40
2026-03-31 01:42:24,156,2396,98,27.70,79.30
2026-03-31 01:42:29,149,2395,100,27.80,79.40
2026-03-31 01:42:34,163,2386,77,27.80,79.30
2026-03-31 01:42:39,156,2410,92,27.70,79.20
2026-03-31 01:42:44,150,2401,96,27.70,79.40
2026-03-31 01:42:49,155,2402,81,27.80,79.30
2026-03-31 01:42:54,159,2411,91,27.80,79.20
2026-03-31 01:42:59,147,2389,91,27.80,79.30
2026-03-31 01:43:04,161,2401,92,27.70,79.30
2026-03-31 01:43:09,161,2426,79,27.70,79.20
2026-03-31 01:43:14,163,2389,89,27.70,79.40
2026-03-31 01:43:19,144,2400,87,27.80,79.30
2026-03-31 01:43:24,161,2398,76,27.70,79.40
2026-03-31 01:43:29,151,2384,90,27.70,79.30
2026-03-31 01:43:34,166,2369,82,27.70,79.40
2026-03-31 01:43:39,169,2371,82,27.70,79.30
2026-03-31 01:43:44,165,2343,133,27.70,79.40
2026-03-31 01:43:49,158,2386,91,27.70,79.30
2026-03-31 01:43:54,161,2401,83,27.70,79.40
2026-03-31 01:43:59,169,2410,91,27.70,79.30
2026-03-31 01:44:04,147,2420,83,27.70,79.40
2026-03-31 01:44:09,150,2439,87,27.70,79.40
2026-03-31 01:44:14,150,2413,94,27.70,79.50
2026-03-31 01:44:19,186,2413,144,27.70,79.50
2026-03-31 01:44:24,176,2393,80,27.70,79.50
2026-03-31 01:44:29,157,2377,84,27.70,79.30
2026-03-31 01:44:34,149,2386,90,27.70,79.50
2026-03-31 01:44:39,167,2416,82,27.60,79.60
2026-03-31 01:44:44,152,2403,80,27.70,79.60
2026-03-31 01:44:49,189,2403,82,27.70,79.60
2026-03-31 01:44:54,167,2395,80,27.60,79.60
2026-03-31 01:44:59,161,2371,53,27.60,79.60
2026-03-31 01:45:04,157,2395,91,27.70,79.60
2026-03-31 01:45:09,179,2421,83,27.60,79.60
2026-03-31 01:45:14,155,2400,99,27.70,79.60
2026-03-31 01:45:19,177,2407,93,27.60,79.60
2026-03-31 01:45:24,170,2417,89,27.60,79.70
2026-03-31 01:45:29,155,2435,86,27.60,79.60
2026-03-31 01:45:34,159,2428,95,27.60,79.70
2026-03-31 01:45:39,143,2412,92,27.60,79.50
2026-03-31 01:45:44,149,2442,91,27.60,79.70
2026-03-31 01:45:49,170,2454,89,27.70,79.80
2026-03-31 01:45:54,165,2447,96,27.60,79.70
2026-03-31 01:45:59,158,2445,101,27.60,79.70
2026-03-31 01:46:04,163,2416,85,27.70,79.80
2026-03-31 01:46:09,161,2447,91,27.60,79.70
2026-03-31 01:46:14,163,2462,109,27.60,79.80
2026-03-31 01:46:19,175,2416,90,27.60,79.80
2026-03-31 01:46:24,171,2419,86,27.60,80.00
2026-03-31 01:46:29,175,2422,99,27.60,79.80
2026-03-31 01:46:34,176,2445,97,27.60,79.90
2026-03-31 01:46:39,162,2416,76,27.60,79.90
2026-03-31 01:46:44,164,2434,102,27.60,79.80
2026-03-31 01:46:49,163,2432,97,27.60,79.90
2026-03-31 01:46:54,176,2431,98,27.60,80.00
2026-03-31 01:46:59,176,2434,103,27.60,80.10
2026-03-31 01:47:04,176,2416,109,27.60,80.10
2026-03-31 01:47:09,185,2448,112,27.60,80.10
2026-03-31 01:47:14,175,2447,103,27.60,80.10
2026-03-31 01:47:19,176,2451,108,27.60,80.20
2026-03-31 01:47:24,175,2437,100,27.60,80.20
2026-03-31 01:47:29,179,2425,102,27.60,80.10
2026-03-31 01:47:34,175,2440,94,27.60,80.30
2026-03-31 01:47:39,176,2437,103,27.60,80.20
2026-03-31 01:47:44,175,2431,112,27.60,80.30
2026-03-31 01:47:49,181,2443,105,27.60,80.10
2026-03-31 01:47:54,167,2385,101,27.60,80.20
2026-03-31 01:47:59,170,2449,112,27.60,80.20
2026-03-31 01:48:04,195,2415,106,27.60,80.20
2026-03-31 01:48:09,182,2415,107,27.60,80.20
2026-03-31 01:48:14,182,2442,106,27.60,80.20
2026-03-31 01:48:19,161,2422,106,27.60,80.30
2026-03-31 01:48:24,173,2409,109,27.70,80.10
2026-03-31 01:48:29,176,2436,119,27.60,80.10
2026-03-31 01:48:34,192,2411,100,27.60,80.10
2026-03-31 01:48:39,176,2407,101,27.70,80.10
2026-03-31 01:48:44,182,2424,116,27.70,80.10
2026-03-31 01:48:49,197,2442,99,27.60,80.10
2026-03-31 01:48:54,174,2458,101,27.70,80.20
2026-03-31 01:48:59,183,2426,123,27.70,80.20
2026-03-31 01:49:04,191,2438,110,27.70,80.20
2026-03-31 01:49:09,176,2421,100,27.70,80.10
2026-03-31 01:49:14,196,2442,106,27.60,80.20
2026-03-31 01:49:19,188,2449,103,27.70,80.20
2026-03-31 01:49:24,178,2448,103,27.70,80.20
2026-03-31 01:49:29,165,2433,85,27.70,80.20
2026-03-31 01:49:34,201,2462,80,27.60,80.20
2026-03-31 01:49:39,183,2471,103,27.70,80.10
2026-03-31 01:49:44,189,2455,109,27.70,80.20
2026-03-31 01:49:49,198,2474,111,27.70,80.10
2026-03-31 01:49:54,190,2465,95,27.70,80.10
2026-03-31 01:49:59,174,2450,95,27.70,80.10
2026-03-31 01:50:04,167,2470,92,27.70,80.00
2026-03-31 01:50:09,173,2450,90,27.60,80.00
2026-03-31 01:50:14,174,2458,89,27.70,79.90
2026-03-31 01:50:19,176,2470,91,27.70,80.00
2026-03-31 01:50:24,130,2447,111,27.70,79.90
2026-03-31 01:50:29,175,2445,99,27.70,80.00
2026-03-31 01:50:34,177,2438,80,27.70,79.80
2026-03-31 01:50:39,155,2496,70,27.70,79.80
2026-03-31 01:50:44,158,2411,78,27.70,79.80
2026-03-31 01:50:49,161,2391,82,27.70,79.80
2026-03-31 01:50:54,155,2387,93,27.70,79.90
2026-03-31 01:50:59,173,2445,99,27.70,79.70
2026-03-31 01:51:04,176,2416,94,27.70,79.90
2026-03-31 01:51:09,169,2422,101,27.70,79.70
2026-03-31 01:51:14,163,2435,112,27.70,79.70
2026-03-31 01:51:19,193,2493,98,27.70,79.90
2026-03-31 01:51:24,202,2463,109,27.70,79.70
2026-03-31 01:51:29,181,2458,101,27.60,79.80
2026-03-31 01:51:34,177,2442,113,27.60,79.80
2026-03-31 01:51:39,144,2439,82,27.60,79.70
2026-03-31 01:51:44,158,2447,91,27.60,79.60
2026-03-31 01:51:50,169,2431,102,27.60,79.80
2026-03-31 01:51:55,176,2418,77,27.60,79.70
2026-03-31 01:52:00,151,2395,80,27.70,79.60
2026-03-31 01:52:05,171,2400,96,27.60,79.60
2026-03-31 01:52:10,167,2445,94,27.60,79.80
2026-03-31 01:52:15,170,2451,103,27.60,79.60
2026-03-31 01:52:20,171,2480,94,27.70,79.60
2026-03-31 01:52:25,185,2458,94,27.60,79.60
2026-03-31 01:52:30,178,2449,91,27.60,79.70
2026-03-31 01:52:35,163,2430,101,27.60,79.70
2026-03-31 01:52:40,157,2433,103,27.60,79.70
2026-03-31 01:52:45,176,2421,101,27.60,79.70
2026-03-31 01:52:50,165,2420,83,27.60,79.70
2026-03-31 01:52:55,166,2426,91,27.60,79.70
2026-03-31 01:53:00,171,2437,96,27.60,79.70
2026-03-31 01:53:05,183,2416,81,27.60,79.70
2026-03-31 01:53:10,173,2410,87,27.60,79.70
2026-03-31 01:53:15,175,2416,102,27.60,79.70
2026-03-31 01:53:20,182,2439,96,27.60,79.80
2026-03-31 01:53:25,163,2427,96,27.60,79.70
2026-03-31 01:53:30,182,2390,106,27.60,79.70
2026-03-31 01:53:35,199,2405,96,27.60,79.70
2026-03-31 01:53:40,176,2397,85,27.60,79.80
2026-03-31 01:53:45,175,2405,90,27.60,79.80
2026-03-31 01:53:50,182,2416,85,27.60,79.80
2026-03-31 01:53:55,160,2404,93,27.50,79.80
2026-03-31 01:54:00,167,2443,95,27.60,79.70
2026-03-31 01:54:05,188,2465,90,27.50,79.70
2026-03-31 01:54:10,167,2487,92,27.60,79.70
2026-03-31 01:54:15,160,2423,79,27.60,79.70
2026-03-31 01:54:20,152,2421,74,27.60,79.60
2026-03-31 01:54:25,167,2448,84,27.50,79.70
2026-03-31 01:54:30,144,2419,92,27.60,79.70
2026-03-31 01:54:35,176,2452,96,27.60,79.70
2026-03-31 01:54:40,156,2438,97,27.60,79.70
2026-03-31 01:54:45,159,2608,80,27.60,79.70
2026-03-31 01:54:50,161,2434,84,27.50,79.70
2026-03-31 01:54:55,174,2449,86,27.50,79.70
2026-03-31 01:55:00,162,2426,94,27.50,79.70
2026-03-31 01:55:05,185,2428,96,27.50,79.80
2026-03-31 01:55:10,165,2430,94,27.50,79.80
2026-03-31 01:55:15,156,2426,85,27.50,79.80
2026-03-31 01:55:20,167,2450,65,27.50,79.80
2026-03-31 01:55:25,166,2455,101,27.50,79.90
2026-03-31 01:55:30,154,2425,81,27.50,79.90
2026-03-31 01:55:35,157,2432,79,27.50,79.90
2026-03-31 01:55:40,165,2459,95,27.50,79.90
2026-03-31 01:55:45,166,2482,91,27.50,79.90
2026-03-31 01:55:50,155,2443,100,27.50,79.90
2026-03-31 01:55:55,156,2434,99,27.50,79.90
2026-03-31 01:56:00,146,2448,80,27.50,80.00
2026-03-31 01:56:05,155,2450,83,27.50,79.90
2026-03-31 01:56:10,176,2441,90,27.50,79.90
2026-03-31 01:56:15,209,2431,99,27.50,79.90
2026-03-31 01:56:20,161,2411,103,27.50,79.90
2026-03-31 01:56:25,165,2407,91,27.50,80.00
2026-03-31 01:56:30,151,2399,94,27.50,79.90
2026-03-31 01:56:35,176,2420,92,27.50,80.00
2026-03-31 01:56:40,174,2422,96,27.50,80.00
2026-03-31 01:56:45,157,2433,93,27.50,79.90
2026-03-31 01:56:50,158,2449,95,27.40,80.00
2026-03-31 01:56:55,155,2407,90,27.50,80.10
2026-03-31 01:57:00,151,2415,86,27.50,80.10
2026-03-31 01:57:05,163,2402,88,27.40,80.00
2026-03-31 01:57:10,157,2371,73,27.50,80.00
2026-03-31 01:57:15,151,2320,80,27.50,80.10
2026-03-31 01:57:20,144,2405,76,27.50,80.10
2026-03-31 01:57:25,161,2419,91,27.50,80.00
2026-03-31 01:57:30,149,2383,83,27.40,80.00
2026-03-31 01:57:35,176,2416,90,27.40,80.10
2026-03-31 01:57:40,151,2421,109,27.50,80.00
2026-03-31 01:57:45,147,2417,97,27.50,80.10
2026-03-31 01:57:50,155,2398,97,27.50,80.10
2026-03-31 01:57:55,165,2416,97,27.50,80.00
2026-03-31 01:58:00,176,2416,96,27.40,80.10
2026-03-31 01:58:05,150,2418,101,27.40,80.00
2026-03-31 01:58:10,155,2414,93,27.40,80.00
2026-03-31 01:58:15,169,2425,93,27.40,80.20
2026-03-31 01:58:20,149,2429,95,27.40,80.10
2026-03-31 01:58:25,161,2439,76,27.40,80.20
2026-03-31 01:58:30,159,2426,94,27.40,80.20
2026-03-31 01:58:35,151,2457,101,27.50,80.30
2026-03-31 01:58:40,176,2439,94,27.40,80.40
2026-03-31 01:58:45,176,2419,87,27.40,80.30
2026-03-31 01:58:50,149,2432,80,27.40,80.30
2026-03-31 01:58:55,181,2443,86,27.40,80.50
2026-03-31 01:59:00,189,2459,102,27.50,80.40
2026-03-31 01:59:05,154,2443,82,27.40,80.40
2026-03-31 01:59:10,165,2450,93,27.40,80.40
2026-03-31 01:59:15,153,2396,80,27.40,80.40
2026-03-31 01:59:20,170,2446,101,27.40,80.40
2026-03-31 01:59:25,175,2436,106,27.40,80.40
2026-03-31 01:59:30,167,2461,89,27.40,80.40
2026-03-31 01:59:35,157,2451,80,27.40,80.30
2026-03-31 01:59:40,176,2432,93,27.40,80.40
2026-03-31 01:59:45,144,2419,83,27.40,80.40
2026-03-31 01:59:50,154,2433,86,27.40,80.30
2026-03-31 01:59:55,167,2422,89,27.40,80.30
2026-03-31 02:00:00,144,2436,91,27.40,80.40
2026-03-31 02:00:05,169,2419,98,27.40,80.40
2026-03-31 02:00:10,145,2431,91,27.40,80.40
2026-03-31 02:00:15,169,2441,108,27.40,80.40
2026-03-31 02:00:20,143,2419,97,27.40,80.40
2026-03-31 02:00:25,161,2441,70,27.40,80.50
2026-03-31 02:00:30,172,2464,108,27.40,80.40
2026-03-31 02:00:35,158,2448,112,27.40,80.40
2026-03-31 02:00:40,171,2464,101,27.30,80.60
2026-03-31 02:00:45,166,2435,101,27.40,80.50
2026-03-31 02:00:50,193,2411,95,27.40,80.40
2026-03-31 02:00:55,159,2426,87,27.40,80.40
2026-03-31 02:01:00,151,2396,76,27.40,80.60
2026-03-31 02:01:05,151,2422,98,27.40,80.50
2026-03-31 02:01:10,159,2457,87,27.40,80.30
2026-03-31 02:01:15,183,2467,99,27.30,80.20
2026-03-31 02:01:20,174,2448,90,27.40,80.30
2026-03-31 02:01:25,175,2443,85,27.30,80.30
2026-03-31 02:01:30,176,2452,110,27.30,80.30
2026-03-31 02:01:35,155,2450,105,27.40,80.30
2026-03-31 02:01:40,171,2445,101,27.40,80.40
2026-03-31 02:01:45,160,2430,86,27.40,80.40
2026-03-31 02:01:50,163,2429,49,27.40,80.40
2026-03-31 02:01:55,161,2401,69,27.40,80.50
2026-03-31 02:02:00,176,2407,85,27.40,80.60
2026-03-31 02:02:05,145,2433,98,27.30,80.40
2026-03-31 02:02:10,146,2411,98,27.30,80.30
2026-03-31 02:02:15,158,2419,97,27.40,80.30
2026-03-31 02:02:20,173,2427,93,27.30,80.30
2026-03-31 02:02:25,163,2306,93,27.30,80.40
2026-03-31 02:02:30,174,2409,91,27.40,80.20
2026-03-31 02:02:35,166,2379,87,27.30,80.30
2026-03-31 02:02:40,171,2370,105,27.30,80.30
2026-03-31 02:02:45,172,2358,101,27.30,80.30
2026-03-31 02:02:50,172,2403,103,27.30,80.40
2026-03-31 02:02:55,170,2375,82,27.30,80.40
2026-03-31 02:03:00,160,2364,107,27.30,80.50
2026-03-31 02:03:05,164,2396,99,27.30,80.40
2026-03-31 02:03:10,153,2415,99,27.30,80.20
2026-03-31 02:03:15,176,2419,112,27.30,80.60
2026-03-31 02:03:20,170,2423,96,27.30,80.30
2026-03-31 02:03:25,159,2417,111,27.30,80.20
2026-03-31 02:03:30,173,2416,99,27.30,80.60
2026-03-31 02:03:35,174,2411,97,27.30,80.60
2026-03-31 02:03:40,175,2429,96,27.30,80.60
2026-03-31 02:03:45,176,2414,102,27.30,80.70
2026-03-31 02:03:50,172,2402,97,27.30,80.70
2026-03-31 02:03:55,159,2398,110,27.30,80.70
2026-03-31 02:04:00,179,2384,88,27.30,80.30
2026-03-31 02:04:05,176,2364,93,27.30,80.70
2026-03-31 02:04:10,172,2377,106,27.30,80.80
2026-03-31 02:04:15,182,2362,109,27.30,80.30
2026-03-31 02:04:20,176,2291,85,27.30,80.30
2026-03-31 02:04:25,171,2318,86,27.30,80.40
2026-03-31 02:04:30,166,2395,97,27.30,80.40
2026-03-31 02:04:35,162,2399,99,27.30,80.50
2026-03-31 02:04:40,176,2383,113,27.30,80.40
2026-03-31 02:04:45,177,2403,101,27.30,80.50
2026-03-31 02:04:50,176,2403,112,27.30,80.90
2026-03-31 02:04:55,162,2419,107,27.30,81.00
2026-03-31 02:05:00,176,2412,106,27.30,80.90
2026-03-31 02:05:05,175,2365,95,27.30,80.80
2026-03-31 02:05:10,163,2368,98,27.30,81.00
2026-03-31 02:05:15,166,2399,105,27.30,80.70
2026-03-31 02:05:20,164,2406,99,27.30,80.90
2026-03-31 02:05:25,135,2371,103,27.30,80.50
2026-03-31 02:05:30,197,2389,96,27.30,80.50
2026-03-31 02:05:35,177,2414,100,27.30,80.90
2026-03-31 02:05:40,176,2425,106,27.30,81.00
2026-03-31 02:05:45,179,2421,98,27.30,80.60
2026-03-31 02:05:50,175,2405,106,27.30,80.90
2026-03-31 02:05:55,196,2407,76,27.30,81.00
2026-03-31 02:06:00,151,2409,133,27.30,81.10
2026-03-31 02:06:05,176,2398,96,27.30,80.60
2026-03-31 02:06:10,151,2414,96,27.30,80.50
2026-03-31 02:06:15,175,2398,98,27.30,80.60
2026-03-31 02:06:21,170,2413,101,27.30,80.90
2026-03-31 02:06:26,154,2412,91,27.30,80.90
2026-03-31 02:06:31,160,2416,85,27.30,80.80
2026-03-31 02:06:36,155,2397,95,27.30,80.30
2026-03-31 02:06:41,155,2410,95,27.30,80.60
2026-03-31 02:06:46,164,2386,87,27.30,80.30
2026-03-31 02:06:51,158,2394,94,27.30,80.20
2026-03-31 02:06:56,171,2363,102,27.30,80.70
2026-03-31 02:07:01,156,2348,100,27.30,80.80
2026-03-31 02:07:06,169,2381,94,27.30,80.30
2026-03-31 02:07:11,163,2381,98,27.30,80.30
2026-03-31 02:07:16,168,2413,112,27.30,80.60
2026-03-31 02:07:21,174,2399,102,27.30,80.40
2026-03-31 02:07:26,161,2414,81,27.30,80.20
2026-03-31 02:07:31,167,2412,80,27.30,80.80
2026-03-31 02:07:36,153,2414,90,27.30,80.70
2026-03-31 02:07:41,174,2395,99,27.30,80.30
2026-03-31 02:07:46,178,2397,103,27.30,80.40
2026-03-31 02:07:51,185,2419,103,27.30,80.80
2026-03-31 02:07:56,173,2429,105,27.30,80.70
2026-03-31 02:08:01,177,2402,96,27.30,80.80
2026-03-31 02:08:06,176,2405,111,27.30,80.40
2026-03-31 02:08:11,174,2402,116,27.30,80.50
2026-03-31 02:08:16,178,2399,110,27.30,81.10
2026-03-31 02:08:21,192,2410,96,27.30,80.50
2026-03-31 02:08:26,155,2416,108,27.30,80.50
2026-03-31 02:08:31,154,2416,91,27.30,80.60
2026-03-31 02:08:36,183,2406,108,27.30,81.00
2026-03-31 02:08:41,186,2425,103,27.30,81.10
2026-03-31 02:08:46,175,2418,103,27.30,80.70
2026-03-31 02:08:51,174,2421,101,27.30,80.70
2026-03-31 02:08:56,173,2403,98,27.30,80.60
2026-03-31 02:09:01,176,2395,96,27.30,80.60
2026-03-31 02:09:06,178,2427,84,27.30,80.60
2026-03-31 02:09:11,169,2412,96,27.30,80.90
2026-03-31 02:09:16,157,2412,76,27.30,80.90
2026-03-31 02:09:21,177,2391,83,27.30,80.50
2026-03-31 02:09:26,167,2379,82,27.30,80.50
2026-03-31 02:09:31,161,2407,78,27.30,80.80
2026-03-31 02:09:36,176,2418,85,27.30,80.20
2026-03-31 02:09:41,171,2416,102,27.30,80.40
2026-03-31 02:09:46,175,2383,99,27.30,80.50
2026-03-31 02:09:51,183,2394,109,27.30,80.30
2026-03-31 02:09:56,176,2414,105,27.30,80.40
2026-03-31 02:10:01,175,2374,107,27.30,80.40
2026-03-31 02:10:06,171,2387,107,27.30,80.40
2026-03-31 02:10:11,173,2377,99,27.30,80.50
2026-03-31 02:10:16,177,2394,116,27.30,80.60
2026-03-31 02:10:21,174,2391,112,27.30,80.50
2026-03-31 02:10:26,197,2416,112,27.30,80.60
2026-03-31 02:10:31,178,2377,109,27.30,80.50
2026-03-31 02:10:36,176,2398,98,27.30,80.60
2026-03-31 02:10:41,179,2384,99,27.20,80.50
2026-03-31 02:10:46,176,2416,112,27.20,80.50
2026-03-31 02:10:51,179,2394,101,27.30,80.50
2026-03-31 02:10:56,214,2387,112,27.30,80.70
2026-03-31 02:11:01,147,2384,99,27.20,80.60
2026-03-31 02:11:06,175,2390,101,27.30,81.10
2026-03-31 02:11:11,170,2407,108,27.30,80.60
2026-03-31 02:11:16,180,2414,97,27.30,80.70
2026-03-31 02:11:21,176,2391,110,27.30,80.60
2026-03-31 02:11:26,183,2385,145,27.30,80.70
2026-03-31 02:11:31,179,2385,94,27.30,80.60
2026-03-31 02:11:36,178,2401,96,27.30,80.70
2026-03-31 02:11:41,170,2405,109,27.30,80.70
2026-03-31 02:11:46,176,2431,104,27.30,80.60
2026-03-31 02:11:51,191,2451,102,27.30,80.60
2026-03-31 02:11:56,183,2447,105,27.30,80.60
2026-03-31 02:12:01,169,2417,95,27.30,80.60
2026-03-31 02:12:06,169,2395,74,27.30,80.60
2026-03-31 02:12:11,162,2387,96,27.30,80.60
2026-03-31 02:12:16,176,2432,91,27.30,80.40
2026-03-31 02:12:21,174,2429,82,27.30,80.40
2026-03-31 02:12:26,165,2396,91,27.30,80.50
2026-03-31 02:12:31,168,2384,99,27.30,80.30
2026-03-31 02:12:36,171,2401,87,27.30,80.40
2026-03-31 02:12:41,157,2413,103,27.30,80.50
2026-03-31 02:12:46,185,2430,76,27.30,80.40
2026-03-31 02:12:51,175,2391,86,27.30,80.40
2026-03-31 02:12:56,164,2427,91,27.30,80.50
2026-03-31 02:13:01,170,2422,90,27.30,80.50
2026-03-31 02:13:06,170,2421,82,27.30,80.90
2026-03-31 02:13:11,177,2431,97,27.30,80.60
2026-03-31 02:13:16,155,2418,99,27.20,80.50
2026-03-31 02:13:21,192,2432,102,27.30,80.60
2026-03-31 02:13:26,176,2443,103,27.30,80.60
2026-03-31 02:13:31,191,2439,98,27.30,80.50
2026-03-31 02:13:36,162,2327,87,27.20,80.60
2026-03-31 02:13:41,170,2422,86,27.30,80.60
2026-03-31 02:13:46,201,2431,96,27.20,80.70
2026-03-31 02:13:51,173,2411,87,27.30,80.60
2026-03-31 02:13:56,166,2378,80,27.30,80.60
2026-03-31 02:14:01,168,2361,110,27.20,80.60
2026-03-31 02:14:06,142,2352,89,27.20,80.70
2026-03-31 02:14:11,163,2394,93,27.20,80.60
2026-03-31 02:14:16,162,2326,93,27.30,80.50
2026-03-31 02:14:21,166,2395,95,27.30,80.60
2026-03-31 02:14:26,155,2397,82,27.20,80.30
2026-03-31 02:14:31,156,2427,96,27.30,80.60
2026-03-31 02:14:36,173,2409,80,27.20,80.40
2026-03-31 02:14:41,160,2369,90,27.20,80.50
2026-03-31 02:14:46,163,2410,61,27.30,80.50
2026-03-31 02:14:51,169,2389,90,27.20,80.50
2026-03-31 02:14:56,164,2416,82,27.30,80.50
2026-03-31 02:15:01,167,2394,102,27.20,80.50
2026-03-31 02:15:06,150,2397,94,27.20,80.40
2026-03-31 02:15:11,169,2375,87,27.20,80.40
2026-03-31 02:15:16,161,2420,87,27.30,80.50
2026-03-31 02:15:21,180,2411,94,27.20,80.50
2026-03-31 02:15:26,186,2416,106,27.20,80.40
2026-03-31 02:15:31,173,2413,99,27.20,80.50
2026-03-31 02:15:36,179,2400,155,27.20,80.50
2026-03-31 02:15:41,176,2368,83,27.20,80.50
2026-03-31 02:15:46,160,2397,109,27.20,80.50
2026-03-31 02:15:51,193,2411,101,27.20,80.50
2026-03-31 02:15:56,185,2395,90,27.20,80.70
2026-03-31 02:16:01,181,2387,100,27.20,80.50
2026-03-31 02:16:06,187,2390,114,27.20,80.70
2026-03-31 02:16:11,186,2352,106,27.20,80.70
2026-03-31 02:16:16,168,2368,95,27.20,80.70
2026-03-31 02:16:21,127,2363,96,27.20,80.70
2026-03-31 02:16:26,151,2368,96,27.20,80.80
2026-03-31 02:16:31,171,2364,92,27.20,80.90
2026-03-31 02:16:36,147,2375,87,27.20,80.90
2026-03-31 02:16:41,155,2372,81,27.20,80.90
2026-03-31 02:16:46,154,2368,95,27.30,80.80
2026-03-31 02:16:51,163,2384,107,27.20,81.00
2026-03-31 02:16:56,162,2387,98,27.20,81.00
2026-03-31 02:17:01,174,2430,89,27.20,81.00
2026-03-31 02:17:06,173,2418,95,27.20,81.00
2026-03-31 02:17:11,162,2416,97,27.20,80.90
2026-03-31 02:17:16,175,2416,91,27.20,80.90
2026-03-31 02:17:21,169,2384,86,27.20,80.90
2026-03-31 02:17:26,165,2413,88,27.20,80.70
2026-03-31 02:17:31,166,2401,74,27.20,80.90
2026-03-31 02:17:36,163,2407,127,27.20,80.80
2026-03-31 02:17:41,160,2406,103,27.20,80.80
2026-03-31 02:17:46,158,2397,81,27.20,80.80
2026-03-31 02:17:51,167,2384,86,27.20,80.70
2026-03-31 02:17:56,112,2382,84,27.20,80.80
2026-03-31 02:18:01,145,2374,102,27.30,80.90
2026-03-31 02:18:06,158,2403,82,27.20,80.70
2026-03-31 02:18:11,156,2403,82,27.20,80.90
2026-03-31 02:18:16,174,2391,87,27.20,80.90
2026-03-31 02:18:21,160,2391,95,27.20,80.70
2026-03-31 02:18:26,158,2415,87,27.30,80.80
2026-03-31 02:18:31,155,2415,83,27.20,80.90
2026-03-31 02:18:36,162,2384,89,27.20,80.70
2026-03-31 02:18:41,144,2417,85,27.20,80.80
2026-03-31 02:18:46,162,2428,95,27.20,80.70
2026-03-31 02:18:51,168,2400,79,27.20,80.80
2026-03-31 02:18:56,151,2399,87,27.20,80.60
2026-03-31 02:19:01,161,2415,87,27.20,80.80
2026-03-31 02:19:06,149,2414,93,27.20,80.80
2026-03-31 02:19:11,161,2435,102,27.20,80.90
2026-03-31 02:19:16,175,2391,103,27.30,80.70
2026-03-31 02:19:21,163,2381,84,27.30,80.90
2026-03-31 02:19:26,167,2429,87,27.20,80.70
2026-03-31 02:19:31,147,2402,94,27.20,80.70
2026-03-31 02:19:36,156,2394,91,27.20,80.90
2026-03-31 02:19:41,147,2390,69,27.20,80.70
2026-03-31 02:19:46,172,2422,67,27.20,80.70
2026-03-31 02:19:51,174,2412,95,27.20,80.80
2026-03-31 02:19:56,175,2407,99,27.20,80.80
2026-03-31 02:20:01,161,2387,90,27.20,80.80
2026-03-31 02:20:06,174,2363,85,27.20,80.80
2026-03-31 02:20:11,160,2353,91,27.20,81.00
2026-03-31 02:20:16,147,2384,83,27.20,80.70
2026-03-31 02:20:21,173,2397,103,27.20,80.80
2026-03-31 02:20:26,161,2399,107,27.20,80.90
2026-03-31 02:20:31,160,2390,92,27.20,80.90
2026-03-31 02:20:36,165,2411,100,27.20,80.80
2026-03-31 02:20:42,152,2426,50,27.20,80.90
2026-03-31 02:20:47,149,2420,98,27.20,80.90
2026-03-31 02:20:52,166,2416,80,27.20,80.80
2026-03-31 02:20:57,179,2417,139,27.20,80.70
2026-03-31 02:21:02,169,2409,88,27.20,80.70
2026-03-31 02:21:07,176,2386,101,27.20,80.70
2026-03-31 02:21:12,168,2390,98,27.20,80.80
2026-03-31 02:21:17,164,2401,96,27.20,80.80
2026-03-31 02:21:22,178,2407,86,27.20,80.90
2026-03-31 02:21:27,195,2419,102,27.20,80.90
2026-03-31 02:21:32,181,2421,94,27.20,80.90
2026-03-31 02:21:37,177,2430,57,27.20,81.00
2026-03-31 02:21:42,175,2417,91,27.20,81.00
2026-03-31 02:21:47,170,2403,96,27.20,80.90
2026-03-31 02:21:52,176,2391,101,27.20,81.00
2026-03-31 02:21:57,175,2420,112,27.20,80.90
2026-03-31 02:22:02,162,2410,98,27.20,80.90
2026-03-31 02:22:07,140,2420,110,27.20,81.10
2026-03-31 02:22:12,176,2418,99,27.20,80.90
2026-03-31 02:22:17,164,2430,86,27.20,81.00
2026-03-31 02:22:22,175,2403,64,27.20,81.00
2026-03-31 02:22:27,176,2416,103,27.20,81.10
2026-03-31 02:22:32,175,2410,112,27.20,81.00
2026-03-31 02:22:37,181,2390,98,27.20,81.00
2026-03-31 02:22:42,183,2421,106,27.20,81.20
2026-03-31 02:22:47,177,2419,92,27.20,81.10
2026-03-31 02:22:52,166,2399,111,27.20,81.10
2026-03-31 02:22:57,164,2402,94,27.20,81.10
2026-03-31 02:23:02,176,2398,90,27.20,81.10
2026-03-31 02:23:07,174,2419,98,27.20,81.10
2026-03-31 02:23:12,184,2398,115,27.20,81.30
2026-03-31 02:23:17,208,2418,115,27.20,81.20
2026-03-31 02:23:22,182,2416,108,27.20,81.30
2026-03-31 02:23:27,176,2394,109,27.20,81.30
2026-03-31 02:23:32,176,2389,109,27.20,81.30
2026-03-31 02:23:37,171,2373,95,27.20,81.30
2026-03-31 02:23:42,176,2391,110,27.20,81.50
2026-03-31 02:23:47,208,2416,96,27.20,81.30
2026-03-31 02:23:52,167,2397,97,27.20,81.40
2026-03-31 02:23:57,176,2390,106,27.20,81.40
2026-03-31 02:24:02,180,2386,96,27.20,81.30
2026-03-31 02:24:07,181,2416,101,27.20,81.30
2026-03-31 02:24:12,170,2379,96,27.30,81.30
2026-03-31 02:24:17,174,2384,95,27.20,81.30
2026-03-31 02:24:22,181,2396,103,27.20,81.20
2026-03-31 02:24:27,176,2390,93,27.20,81.30
2026-03-31 02:24:32,170,2385,131,27.20,81.20
2026-03-31 02:24:37,170,2386,112,27.20,81.30
2026-03-31 02:24:42,163,2373,81,27.20,81.30
2026-03-31 02:24:47,177,2384,101,27.20,81.30
2026-03-31 02:24:52,192,2405,105,27.20,81.20
2026-03-31 02:24:57,173,2385,102,27.20,81.30
2026-03-31 02:25:02,173,2343,89,27.30,81.20
2026-03-31 02:25:07,170,2386,90,27.30,81.10
2026-03-31 02:25:12,164,2411,94,27.30,81.20
2026-03-31 02:25:17,176,2405,96,27.20,81.20
2026-03-31 02:25:22,187,2413,95,27.30,81.10
2026-03-31 02:25:27,167,2377,96,27.30,81.00
2026-03-31 02:25:32,178,2374,94,27.20,81.00
2026-03-31 02:25:37,172,2383,93,27.20,81.00
2026-03-31 02:25:42,174,2397,90,27.30,80.80
2026-03-31 02:25:47,176,2384,109,27.20,80.90
2026-03-31 02:25:52,181,2371,98,27.20,80.90
2026-03-31 02:25:57,174,2379,81,27.20,81.00
2026-03-31 02:26:02,171,2369,100,27.30,81.00
2026-03-31 02:26:07,182,2377,110,27.20,80.90
2026-03-31 02:26:12,175,2387,90,27.30,81.00
2026-03-31 02:26:17,175,2378,96,27.20,81.00
2026-03-31 02:26:22,174,2391,91,27.30,80.90
2026-03-31 02:26:27,183,2390,95,27.20,81.00
2026-03-31 02:26:32,177,2371,99,27.20,81.10
2026-03-31 02:26:37,176,2358,88,27.20,81.10
2026-03-31 02:26:42,177,2362,84,27.30,81.00
2026-03-31 02:26:47,165,2387,84,27.20,81.20
2026-03-31 02:26:52,161,2368,91,27.20,80.90
2026-03-31 02:26:57,176,2390,87,27.20,81.10
2026-03-31 02:27:02,174,2378,91,27.30,81.10
2026-03-31 02:27:07,180,2387,96,27.30,81.20
2026-03-31 02:27:12,189,2386,102,27.20,81.20
2026-03-31 02:27:17,208,2383,101,27.20,81.30
2026-03-31 02:27:22,182,2407,94,27.20,81.30
2026-03-31 02:27:27,201,2411,98,27.20,81.30
2026-03-31 02:27:32,176,2429,109,27.30,81.30
2026-03-31 02:27:37,165,2401,107,27.30,81.30
2026-03-31 02:27:42,189,2361,102,27.20,81.20
2026-03-31 02:27:47,193,2368,101,27.30,81.20
2026-03-31 02:27:52,174,2353,93,27.30,81.20
2026-03-31 02:27:57,176,2350,81,27.30,81.60
2026-03-31 02:28:02,189,2384,84,27.30,81.10
2026-03-31 02:28:07,176,2373,81,27.30,81.00
2026-03-31 02:28:12,175,2392,98,27.30,81.40
2026-03-31 02:28:17,166,2368,82,27.30,80.80
2026-03-31 02:28:22,163,2402,78,27.30,80.90
2026-03-31 02:28:27,175,2366,82,27.20,80.70
2026-03-31 02:28:32,176,2368,85,27.30,80.80
2026-03-31 02:28:37,190,2379,85,27.30,80.70
2026-03-31 02:28:42,167,2360,87,27.20,80.80
2026-03-31 02:28:47,173,2358,86,27.30,80.80
2026-03-31 02:28:52,151,2365,93,27.20,80.60
2026-03-31 02:28:57,151,2373,79,27.30,80.90
2026-03-31 02:29:02,163,2371,110,27.20,80.70
2026-03-31 02:29:07,161,2371,96,27.20,80.50
2026-03-31 02:29:12,157,2384,90,27.30,80.60
2026-03-31 02:29:17,170,2414,98,27.20,80.70
2026-03-31 02:29:22,180,2397,92,27.30,80.70
2026-03-31 02:29:27,185,2397,103,27.20,80.50
2026-03-31 02:29:32,182,2382,95,27.20,80.60
2026-03-31 02:29:37,178,2384,107,27.20,80.70
2026-03-31 02:29:42,178,2387,107,27.20,80.60
2026-03-31 02:29:47,185,2379,99,27.20,80.50
2026-03-31 02:29:52,206,2391,98,27.20,80.60
2026-03-31 02:29:57,197,2391,110,27.20,80.50
2026-03-31 02:30:02,208,2371,111,27.20,80.50
2026-03-31 02:30:07,195,2371,113,27.20,80.50
2026-03-31 02:30:12,199,2375,113,27.20,80.50
2026-03-31 02:30:17,206,2353,103,27.20,80.50
2026-03-31 02:30:22,191,2359,102,27.20,80.40
2026-03-31 02:30:27,169,2375,91,27.20,80.40
2026-03-31 02:30:32,179,2377,95,27.20,80.30
2026-03-31 02:30:37,202,2389,105,27.20,80.30
2026-03-31 02:30:42,201,2394,111,27.20,80.50
2026-03-31 02:30:47,202,2394,115,27.20,80.40
2026-03-31 02:30:54,199,2378,114,27.20,80.40
2026-03-31 02:30:59,193,2369,112,27.20,80.30
2026-03-31 02:31:04,188,2357,99,27.20,80.40
2026-03-31 02:31:09,203,2350,112,27.10,80.40
2026-03-31 02:31:14,190,2357,98,27.20,80.30
2026-03-31 02:31:19,177,2375,96,27.10,80.30
2026-03-31 02:31:24,197,2405,93,27.10,80.40
2026-03-31 02:31:29,207,2352,101,27.20,80.30
2026-03-31 02:31:34,192,2343,103,27.20,80.30
2026-03-31 02:31:39,183,2352,101,27.20,80.30
2026-03-31 02:31:44,188,2361,109,27.20,80.30
2026-03-31 02:31:49,179,2352,97,27.10,80.40
2026-03-31 02:31:54,189,2352,89,27.10,80.30
2026-03-31 02:31:59,193,2331,90,27.10,80.30
2026-03-31 02:32:04,189,2324,94,27.20,80.40
2026-03-31 02:32:09,182,2353,113,27.10,80.50
2026-03-31 02:32:14,199,2391,91,27.10,80.60
2026-03-31 02:32:19,174,2395,90,27.10,80.70
2026-03-31 02:32:24,188,2371,102,27.10,80.80
2026-03-31 02:32:29,240,2382,109,27.10,80.90
2026-03-31 02:32:34,187,2387,99,27.10,80.80
2026-03-31 02:32:39,186,2419,116,27.10,80.80
2026-03-31 02:32:44,203,2434,114,27.10,80.90
2026-03-31 02:32:49,203,2455,118,27.10,80.80
2026-03-31 02:32:54,203,2438,113,27.10,81.00
2026-03-31 02:32:59,179,2454,114,27.10,81.10
2026-03-31 02:33:04,186,2449,112,27.10,81.10
2026-03-31 02:33:09,194,2400,108,27.10,81.00
2026-03-31 02:33:14,194,2400,96,27.10,81.00
2026-03-31 02:33:19,168,2384,87,27.10,81.00
2026-03-31 02:33:24,162,2398,91,27.10,81.00
2026-03-31 02:33:29,176,2400,110,27.10,81.10
2026-03-31 02:33:34,171,2384,117,27.10,80.90
2026-03-31 02:33:39,178,2379,113,27.10,81.00
2026-03-31 02:33:44,194,2348,111,27.10,80.90
2026-03-31 02:33:49,185,2366,96,27.10,80.80
2026-03-31 02:33:54,188,2381,112,27.10,80.90
2026-03-31 02:33:59,194,2389,110,27.10,81.00
2026-03-31 02:34:04,202,2368,112,27.10,81.00
2026-03-31 02:34:10,199,2416,112,27.10,81.10
2026-03-31 02:34:15,201,2375,118,27.10,81.00
2026-03-31 02:34:20,193,2384,122,27.10,81.00
2026-03-31 02:34:25,205,2363,122,27.10,81.00
2026-03-31 02:34:30,198,2393,111,27.10,81.00
2026-03-31 02:34:35,208,2381,112,27.10,81.10
2026-03-31 02:34:40,200,2394,110,27.10,81.00
2026-03-31 02:34:45,205,2376,112,27.10,81.10
2026-03-31 02:34:50,192,2384,110,27.10,81.00
2026-03-31 02:34:55,177,2391,114,27.10,81.10
2026-03-31 02:35:00,185,2347,112,27.10,81.10
2026-03-31 02:35:05,182,2384,109,27.10,81.10
2026-03-31 02:35:10,192,2366,103,27.00,81.10
2026-03-31 02:35:15,174,2341,105,27.10,81.10
2026-03-31 02:35:20,178,2345,98,27.00,81.20
2026-03-31 02:35:25,188,2352,105,27.10,81.10
2026-03-31 02:35:30,174,2349,101,27.10,81.10
2026-03-31 02:35:35,176,2363,93,27.10,81.10
2026-03-31 02:35:40,193,2352,96,27.00,81.10
2026-03-31 02:35:45,177,2386,109,27.10,81.10
2026-03-31 02:35:50,206,2384,110,27.10,81.00
2026-03-31 02:35:55,199,2339,99,27.10,81.10
2026-03-31 02:36:00,185,2352,111,27.10,81.10
2026-03-31 02:36:05,192,2349,113,27.10,81.00
2026-03-31 02:36:10,188,2355,109,27.10,81.20
2026-03-31 02:36:15,186,2339,112,27.00,81.20
2026-03-31 02:36:20,183,2327,105,27.10,81.20
2026-03-31 02:36:25,201,2356,117,27.10,81.20
2026-03-31 02:36:30,192,2353,110,27.10,81.20
2026-03-31 02:36:35,181,2355,102,27.10,81.30
2026-03-31 02:36:40,195,2370,114,27.10,81.30
2026-03-31 02:36:45,188,2369,82,27.00,81.30
2026-03-31 02:36:50,189,2367,111,27.00,81.10
2026-03-31 02:36:55,196,2355,107,27.10,81.20
2026-03-31 02:37:00,192,2363,113,27.10,81.20
2026-03-31 02:37:05,193,2379,110,27.00,81.20
2026-03-31 02:37:10,176,2355,107,27.00,81.30
2026-03-31 02:37:15,144,2352,111,27.10,81.30
2026-03-31 02:37:20,210,2359,117,27.00,81.20
2026-03-31 02:37:25,201,2396,77,27.10,81.20
2026-03-31 02:37:30,220,2410,112,27.00,81.20
2026-03-31 02:37:35,208,2405,111,27.10,81.10
2026-03-31 02:37:40,208,2410,112,27.00,81.10
2026-03-31 02:37:45,203,2403,112,27.00,81.20
2026-03-31 02:37:50,220,2403,103,27.00,81.30
2026-03-31 02:37:55,224,2401,128,27.00,81.30
2026-03-31 02:38:00,208,2382,113,27.10,81.30
2026-03-31 02:38:05,201,2400,128,27.00,81.20
2026-03-31 02:38:10,206,2397,112,27.10,81.30
2026-03-31 02:38:15,200,2395,102,27.00,81.30
2026-03-31 02:38:20,187,2370,99,27.10,81.30
2026-03-31 02:38:25,180,2367,93,27.10,81.10
2026-03-31 02:38:30,189,2363,93,27.00,81.10
2026-03-31 02:38:35,171,2368,101,27.00,81.30
2026-03-31 02:38:40,176,2369,97,27.00,81.20
2026-03-31 02:38:45,170,2363,102,27.00,81.20
2026-03-31 02:38:50,173,2375,109,27.00,81.10
2026-03-31 02:38:55,176,2358,112,27.00,81.10
2026-03-31 02:39:00,165,2353,99,27.00,81.20
2026-03-31 02:39:05,178,2390,95,27.00,81.10
2026-03-31 02:39:10,201,2385,115,27.00,81.10
2026-03-31 02:39:15,191,2427,119,27.10,81.20
2026-03-31 02:39:20,211,2423,112,27.00,81.10
2026-03-31 02:39:25,199,2426,113,27.00,81.10
2026-03-31 02:39:30,170,2456,112,27.00,81.20
2026-03-31 02:39:35,203,2434,117,27.00,81.10
2026-03-31 02:39:40,210,2433,119,27.00,81.20
2026-03-31 02:39:45,222,2462,82,27.00,81.20
2026-03-31 02:39:50,209,2446,114,27.00,81.20
2026-03-31 02:39:55,209,2427,114,27.00,81.20
2026-03-31 02:40:00,203,2413,110,27.00,81.20
2026-03-31 02:40:05,192,2404,119,27.10,81.20
2026-03-31 02:40:10,190,2405,110,27.00,81.30
2026-03-31 02:40:15,192,2409,95,27.00,81.30
2026-03-31 02:40:20,189,2399,110,27.00,81.30
2026-03-31 02:40:25,190,2388,109,27.00,81.30
2026-03-31 02:40:30,183,2359,93,27.00,81.40
2026-03-31 02:40:35,189,2350,127,27.00,81.40
2026-03-31 02:40:40,183,2357,101,27.00,81.30
2026-03-31 02:40:45,177,2374,99,27.00,81.30
2026-03-31 02:40:50,186,2406,106,27.00,81.20
2026-03-31 02:40:55,192,2405,113,27.00,81.00
2026-03-31 02:41:00,197,2435,112,27.00,81.10
2026-03-31 02:41:05,204,2427,114,27.00,81.20
2026-03-31 02:41:10,171,2393,116,27.00,81.20
2026-03-31 02:41:15,208,2434,119,27.00,81.20
2026-03-31 02:41:20,209,2412,112,27.10,81.30
2026-03-31 02:41:25,211,2407,148,27.00,81.30
2026-03-31 02:41:30,213,2434,112,27.00,81.30
2026-03-31 02:41:35,214,2445,112,27.00,81.20
2026-03-31 02:41:40,224,2431,118,27.00,81.30
2026-03-31 02:41:45,180,2417,105,27.00,81.30
2026-03-31 02:41:50,199,2443,102,27.00,81.40
2026-03-31 02:41:55,183,2413,106,27.00,81.30
2026-03-31 02:42:00,176,2427,101,27.00,81.30
2026-03-31 02:42:05,141,2407,95,27.00,81.30
2026-03-31 02:42:10,176,2387,96,27.00,81.40
2026-03-31 02:42:15,189,2399,98,27.00,81.20
2026-03-31 02:42:20,202,2386,109,27.00,81.30
2026-03-31 02:42:25,181,2350,106,27.00,81.20
2026-03-31 02:42:30,186,2384,113,27.00,81.30
2026-03-31 02:42:35,176,2375,89,27.00,81.30
2026-03-31 02:42:40,178,2367,86,27.00,81.20
2026-03-31 02:42:45,179,2392,83,27.00,81.30
2026-03-31 02:42:50,161,2403,90,27.00,81.20
2026-03-31 02:42:55,181,2415,103,27.00,81.30
2026-03-31 02:43:00,190,2404,109,27.00,81.20
2026-03-31 02:43:05,168,2378,97,27.00,81.20
2026-03-31 02:43:10,160,2418,91,27.00,81.20
2026-03-31 02:43:15,160,2398,86,27.00,81.10
2026-03-31 02:43:20,179,2394,71,27.00,81.10
2026-03-31 02:43:25,182,2397,96,27.00,81.00
2026-03-31 02:43:30,174,2379,93,27.00,81.30
2026-03-31 02:43:35,166,2416,93,27.00,81.20
2026-03-31 02:43:40,165,2366,87,27.00,81.20
2026-03-31 02:43:45,176,2383,112,27.00,81.20
2026-03-31 02:43:50,186,2361,103,27.00,81.30
2026-03-31 02:43:55,176,2368,105,27.00,81.20
2026-03-31 02:44:00,179,2374,94,27.00,81.10
2026-03-31 02:44:05,170,2384,87,27.00,81.10
2026-03-31 02:44:10,176,2399,101,26.90,81.20
2026-03-31 02:44:15,185,2390,91,26.90,81.10
2026-03-31 02:44:20,185,2411,109,27.00,81.10
2026-03-31 02:44:25,166,2409,97,27.00,81.10
2026-03-31 02:44:30,192,2410,111,26.90,81.30
2026-03-31 02:44:35,183,2467,97,26.90,81.20
2026-03-31 02:44:40,207,2435,102,26.90,81.20
2026-03-31 02:44:45,192,2447,112,27.00,81.20
2026-03-31 02:44:50,211,2455,112,26.90,81.20
2026-03-31 02:44:55,203,2466,128,26.90,81.20
2026-03-31 02:45:00,210,2455,113,26.90,81.20
2026-03-31 02:45:05,206,2457,126,26.90,81.20
2026-03-31 02:45:10,209,2448,139,26.90,81.20
2026-03-31 02:45:15,198,2432,112,26.90,81.30
2026-03-31 02:45:20,197,2431,107,26.90,81.30
2026-03-31 02:45:25,201,2415,110,26.90,81.40
2026-03-31 02:45:30,206,2399,113,26.90,81.40
2026-03-31 02:45:35,200,2398,109,26.90,81.40
2026-03-31 02:45:40,204,2396,99,26.90,81.40
2026-03-31 02:45:45,194,2387,97,26.90,81.40
2026-03-31 02:45:50,195,2398,112,26.90,81.50
2026-03-31 02:45:55,179,2480,112,26.90,81.50
2026-03-31 02:46:00,189,2390,111,26.90,81.60
2026-03-31 02:46:05,190,2416,97,26.90,81.60
2026-03-31 02:46:10,170,2407,81,26.90,81.60
2026-03-31 02:46:15,187,2382,81,26.90,81.50
2026-03-31 02:46:20,171,2366,91,26.90,81.50
2026-03-31 02:46:25,177,2378,59,26.90,81.50
2026-03-31 02:46:30,181,2379,85,26.90,81.40
2026-03-31 02:46:35,205,2385,97,26.90,81.50
2026-03-31 02:46:40,192,2385,101,26.90,81.50
2026-03-31 02:46:45,182,2421,103,26.90,81.50
2026-03-31 02:46:50,203,2404,102,26.90,81.40
2026-03-31 02:46:55,181,2405,96,26.90,81.60
2026-03-31 02:47:00,192,2383,99,26.90,81.50
2026-03-31 02:47:05,175,2379,89,26.90,81.40
2026-03-31 02:47:10,170,2333,107,26.90,81.40
2026-03-31 02:47:15,176,2341,89,26.90,81.50
2026-03-31 02:47:20,179,2343,93,26.90,81.50
2026-03-31 02:47:25,176,2384,95,26.90,81.30
2026-03-31 02:47:30,182,2368,112,26.90,81.50
2026-03-31 02:47:35,198,2395,123,26.90,81.40
2026-03-31 02:47:40,208,2395,130,26.90,81.30
2026-03-31 02:47:45,187,2437,205,26.90,81.50
2026-03-31 02:47:50,186,2443,112,26.90,81.40
2026-03-31 02:47:55,192,2426,109,26.90,81.30
2026-03-31 02:48:00,204,2394,100,26.90,81.30
2026-03-31 02:48:05,180,2399,90,26.90,81.40
2026-03-31 02:48:10,182,2375,101,26.90,81.40
2026-03-31 02:48:15,193,2361,102,26.90,81.40
2026-03-31 02:48:20,193,2387,117,26.90,81.40
2026-03-31 02:48:25,205,2377,113,26.90,81.50
2026-03-31 02:48:33,204,2384,109,26.90,81.50
2026-03-31 02:48:38,208,2416,111,26.90,81.50
2026-03-31 02:48:43,202,2432,112,26.90,81.50
2026-03-31 02:48:48,201,2430,115,26.90,81.50
2026-03-31 02:48:53,212,2410,112,26.90,81.50
2026-03-31 02:48:58,193,2379,98,26.90,81.60
2026-03-31 02:49:03,165,2368,109,26.90,81.50
2026-03-31 02:49:08,194,2373,98,26.90,81.50
2026-03-31 02:49:13,181,2383,93,26.90,81.50
2026-03-31 02:49:18,193,2343,89,26.90,81.60
2026-03-31 02:49:23,187,2333,108,26.90,81.40
2026-03-31 02:49:28,215,2377,101,26.90,81.50
2026-03-31 02:49:33,202,2368,115,26.90,81.60
2026-03-31 02:49:38,193,2415,112,26.90,81.60
2026-03-31 02:49:43,199,2395,113,26.90,81.50
2026-03-31 02:49:48,203,2399,111,26.90,81.50
2026-03-31 02:49:53,192,2375,107,26.90,81.50
2026-03-31 02:49:58,197,2394,96,26.90,81.50
2026-03-31 02:50:03,173,2397,87,26.90,81.50
2026-03-31 02:50:08,178,2390,91,26.90,81.60
2026-03-31 02:50:13,182,2383,93,26.90,81.60
2026-03-31 02:50:18,175,2370,97,26.90,81.60
2026-03-31 02:50:23,183,2379,113,26.90,81.60
2026-03-31 02:50:28,192,2375,101,26.90,81.60
2026-03-31 02:50:33,174,2368,109,26.90,81.60
2026-03-31 02:50:38,189,2355,110,26.90,81.50
2026-03-31 02:50:43,181,2358,96,26.90,81.70
2026-03-31 02:50:48,174,2356,98,26.90,81.60
2026-03-31 02:50:53,188,2374,87,26.90,81.70
2026-03-31 02:50:58,192,2368,100,26.90,81.60
2026-03-31 02:51:03,180,2401,91,26.90,81.50
2026-03-31 02:51:08,192,2357,96,26.90,81.40
2026-03-31 02:51:13,200,2362,99,26.90,81.40
2026-03-31 02:51:18,192,2349,97,26.90,81.50
2026-03-31 02:51:23,178,2352,99,26.90,81.60
2026-03-31 02:51:28,185,2363,128,26.90,81.60
2026-03-31 02:51:33,208,2351,105,26.90,81.50
2026-03-31 02:51:38,184,2355,105,26.90,81.60
2026-03-31 02:51:43,177,2363,92,26.90,81.50
2026-03-31 02:51:48,193,2368,103,26.90,81.30
2026-03-31 02:51:53,189,2367,117,26.90,81.40
2026-03-31 02:51:58,177,2352,103,26.90,81.40
2026-03-31 02:52:03,189,2365,115,26.90,81.50
2026-03-31 02:52:08,191,2367,123,26.90,81.50
2026-03-31 02:52:13,206,2385,82,26.90,81.50
2026-03-31 02:52:18,202,2367,106,26.90,81.50
2026-03-31 02:52:23,193,2351,112,26.90,81.60
2026-03-31 02:52:28,193,2379,114,26.90,81.60
2026-03-31 02:52:33,208,2367,118,26.90,81.60
2026-03-31 02:52:38,199,2344,103,26.90,81.60
2026-03-31 02:52:43,199,2340,94,26.90,81.70
2026-03-31 02:52:48,176,2320,114,26.90,81.70
2026-03-31 02:52:53,182,2336,112,26.90,81.70
2026-03-31 02:52:58,180,2327,69,26.90,81.70
2026-03-31 02:53:03,193,2331,113,26.90,81.90
2026-03-31 02:53:08,180,2327,110,26.90,81.80
2026-03-31 02:53:13,214,2353,118,26.90,81.80
2026-03-31 02:53:18,183,2321,102,26.90,81.80
2026-03-31 02:53:23,167,2326,95,26.90,81.90
2026-03-31 02:53:28,176,2339,94,26.90,81.90
2026-03-31 02:53:33,192,2349,95,26.90,81.80
2026-03-31 02:53:38,160,2350,80,26.90,81.80
2026-03-31 02:53:43,175,2341,85,26.90,81.70
2026-03-31 02:53:48,176,2352,105,26.80,81.70
2026-03-31 02:53:53,174,2357,109,26.80,81.70
2026-03-31 02:53:58,170,2350,91,26.90,81.60
2026-03-31 02:54:03,179,2425,106,26.90,81.70
2026-03-31 02:54:08,176,2379,92,26.80,81.60
2026-03-31 02:54:13,177,2373,107,26.90,81.70
2026-03-31 02:54:18,188,2371,81,26.90,81.60
2026-03-31 02:54:23,197,2385,96,26.90,81.60
2026-03-31 02:54:28,168,2380,110,26.90,81.60
2026-03-31 02:54:33,176,2397,95,26.90,81.50
2026-03-31 02:54:38,187,2383,75,26.90,81.60
2026-03-31 02:54:43,192,2358,95,26.90,81.70
2026-03-31 02:54:48,199,2363,103,26.90,81.50
2026-03-31 02:54:53,224,2379,111,26.80,81.60
2026-03-31 02:54:58,210,2359,100,26.80,81.50
2026-03-31 02:55:03,183,2369,102,26.90,81.70
2026-03-31 02:55:08,198,2355,112,26.80,81.60
2026-03-31 02:55:13,202,2356,95,26.90,81.70
2026-03-31 02:55:18,195,2374,100,26.80,81.70
2026-03-31 02:55:23,176,2352,112,26.90,81.70
2026-03-31 02:55:28,192,2337,133,26.90,81.70
2026-03-31 02:55:33,192,2341,110,26.80,81.80
2026-03-31 02:55:38,183,2321,93,26.90,81.80
2026-03-31 02:55:43,171,2315,86,26.90,81.70
2026-03-31 02:55:48,154,2326,71,26.90,81.80
2026-03-31 02:55:53,193,2342,96,26.80,81.70
2026-03-31 02:55:58,165,2347,81,26.80,81.60
2026-03-31 02:56:03,187,2335,86,26.90,81.60
2026-03-31 02:56:08,184,2337,87,26.90,81.50
2026-03-31 02:56:13,210,2319,80,26.90,81.60
2026-03-31 02:56:18,191,2322,87,26.90,81.50
2026-03-31 02:56:23,131,2337,91,26.80,81.60
2026-03-31 02:56:28,165,2346,102,26.80,81.50
2026-03-31 02:56:33,186,2342,82,26.90,81.60
2026-03-31 02:56:38,205,2369,112,26.80,81.60
2026-03-31 02:56:43,197,2368,112,26.90,81.60
2026-03-31 02:56:48,190,2385,112,26.80,81.70
2026-03-31 02:56:53,213,2401,109,26.80,81.70
2026-03-31 02:56:58,196,2409,121,26.80,81.70
2026-03-31 02:57:03,203,2380,115,26.90,81.80
2026-03-31 02:57:08,146,2390,128,26.80,81.80
2026-03-31 02:57:13,201,2384,112,26.80,81.80
2026-03-31 02:57:18,202,2334,97,26.90,81.80
2026-03-31 02:57:23,193,2323,101,26.90,81.80
2026-03-31 02:57:28,176,2359,95,26.80,82.00
2026-03-31 02:57:33,195,2342,96,26.90,81.90
2026-03-31 02:57:38,187,2350,102,26.90,81.90
2026-03-31 02:57:43,192,2323,109,26.80,81.80
2026-03-31 02:57:48,192,2345,102,26.80,81.90
2026-03-31 02:57:53,189,2354,112,26.80,81.90
2026-03-31 02:57:58,208,2361,121,26.80,81.90
2026-03-31 02:58:03,203,2342,102,26.90,82.00
2026-03-31 02:58:08,181,2331,100,26.90,81.90
2026-03-31 02:58:13,175,2351,107,26.90,81.90
2026-03-31 02:58:18,186,2382,82,26.90,81.90
2026-03-31 02:58:23,171,2384,107,26.90,81.90
2026-03-31 02:58:28,193,2383,109,26.90,81.80
2026-03-31 02:58:33,188,2381,99,26.90,81.90
2026-03-31 02:58:38,169,2378,97,26.90,81.90
2026-03-31 02:58:43,176,2366,106,26.80,81.70
2026-03-31 02:58:48,182,2348,100,26.90,81.70
2026-03-31 02:58:53,176,2353,94,26.90,81.70
2026-03-31 02:58:58,177,2333,80,26.90,81.70
2026-03-31 02:59:03,181,2352,82,26.90,81.60
2026-03-31 02:59:08,176,2359,82,26.80,81.90
2026-03-31 02:59:13,177,2339,89,26.90,81.70
2026-03-31 02:59:18,168,2379,93,26.90,81.70
2026-03-31 02:59:23,176,2373,93,26.90,81.80
2026-03-31 02:59:28,198,2390,98,26.90,81.70
2026-03-31 02:59:33,179,2358,96,26.90,81.70
2026-03-31 02:59:38,176,2352,92,26.90,81.70
2026-03-31 02:59:43,189,2366,89,26.90,81.70
2026-03-31 02:59:48,179,2347,84,26.90,81.70
2026-03-31 02:59:53,176,2329,89,26.90,81.70
2026-03-31 02:59:58,180,2357,80,26.80,81.90
2026-03-31 03:00:03,176,2371,81,26.90,81.90
2026-03-31 03:00:08,171,2346,93,26.90,81.80
2026-03-31 03:00:13,172,2346,89,26.90,81.80
2026-03-31 03:00:18,168,2358,85,26.90,81.60
2026-03-31 03:00:23,165,2367,91,26.90,81.70
2026-03-31 03:00:28,173,2375,102,26.90,81.70
2026-03-31 03:00:33,197,2365,109,26.90,81.60
2026-03-31 03:00:38,180,2374,110,26.90,81.70
2026-03-31 03:00:43,178,2350,101,26.90,81.70
2026-03-31 03:00:48,190,2336,94,26.90,81.80
2026-03-31 03:00:53,192,2354,106,26.90,81.70
2026-03-31 03:00:58,186,2340,133,26.80,81.60
2026-03-31 03:01:03,192,2337,95,26.90,81.80
2026-03-31 03:01:08,179,2346,90,26.80,81.90
2026-03-31 03:01:13,176,2354,96,26.90,81.90
2026-03-31 03:01:18,190,2345,108,26.90,81.80
2026-03-31 03:01:23,184,2352,111,26.90,81.80
2026-03-31 03:01:28,190,2379,116,26.90,81.80
2026-03-31 03:01:33,180,2369,98,26.90,81.90
2026-03-31 03:01:38,186,2358,89,26.90,81.90
2026-03-31 03:01:43,192,2337,100,26.90,81.90
2026-03-31 03:01:48,171,2335,93,26.90,81.90
2026-03-31 03:01:53,160,2323,79,26.90,82.00
2026-03-31 03:01:59,172,2353,99,26.90,82.00
2026-03-31 03:02:04,175,2367,71,26.90,82.00
2026-03-31 03:02:09,183,2363,80,26.80,81.70
2026-03-31 03:02:14,177,2342,88,26.90,81.80
2026-03-31 03:02:19,183,2353,98,26.90,81.80
2026-03-31 03:02:24,176,2341,112,26.90,81.70
2026-03-31 03:02:29,165,2361,107,26.90,81.70
2026-03-31 03:02:34,176,2445,98,26.90,81.70
2026-03-31 03:02:39,176,2317,101,26.90,81.70
2026-03-31 03:02:44,181,2323,99,26.90,81.60
2026-03-31 03:02:49,176,2319,108,26.90,81.70
2026-03-31 03:02:54,190,2357,106,26.90,81.90
2026-03-31 03:02:59,188,2345,96,26.80,81.80
2026-03-31 03:03:04,177,2345,104,26.80,81.80
2026-03-31 03:03:09,170,2353,58,26.90,81.80
2026-03-31 03:03:14,161,2352,93,26.90,81.90
2026-03-31 03:03:19,207,2367,104,26.90,81.90
2026-03-31 03:03:24,179,2352,103,26.80,81.80
2026-03-31 03:03:29,181,2346,82,26.90,81.80
2026-03-31 03:03:34,182,2365,101,26.90,81.80
2026-03-31 03:03:39,176,2349,95,26.80,81.80
2026-03-31 03:03:44,190,2351,96,26.90,81.80
2026-03-31 03:03:49,182,2355,94,26.90,81.90
2026-03-31 03:03:54,181,2341,102,26.90,81.90
2026-03-31 03:03:59,185,2347,93,26.90,81.90
2026-03-31 03:04:04,180,2333,89,26.90,81.80
2026-03-31 03:04:09,176,2342,101,26.90,81.90
2026-03-31 03:04:14,188,2355,105,26.90,81.80
2026-03-31 03:04:19,179,2371,107,26.80,81.90
2026-03-31 03:04:24,187,2383,111,26.90,81.90
2026-03-31 03:04:29,194,2384,127,26.80,81.90
2026-03-31 03:04:34,210,2387,128,26.90,81.90
2026-03-31 03:04:39,208,2379,125,26.90,81.90
