Timestamp,MQ2,MQ3,MQ135,Temperature,Humidity
2026-03-29 23:40:03,77,560,117,27.90,74.50
2026-03-29 23:40:08,66,545,121,27.90,74.60
2026-03-29 23:40:13,67,535,128,28.00,74.50
2026-03-29 23:40:18,79,528,102,27.90,74.50
2026-03-29 23:40:23,86,560,44,27.90,74.40
2026-03-29 23:40:28,66,504,100,27.90,74.50
2026-03-29 23:40:33,80,530,48,27.90,74.40
2026-03-29 23:40:38,61,496,116,27.90,74.40
2026-03-29 23:40:43,89,511,112,27.90,74.40
2026-03-29 23:40:48,86,511,116,27.90,74.40
2026-03-29 23:40:53,80,529,125,27.90,74.50
2026-03-29 23:40:58,80,582,122,27.90,74.30
2026-03-29 23:41:03,80,585,103,27.90,74.30
2026-03-29 23:41:08,64,560,107,27.90,74.20
2026-03-29 23:41:13,80,531,112,27.90,74.30
2026-03-29 23:41:18,65,528,112,28.00,74.40
2026-03-29 23:41:23,67,545,143,27.90,74.30
2026-03-29 23:41:28,66,528,128,27.90,74.30
2026-03-29 23:41:33,75,528,122,27.90,74.30
2026-03-29 23:41:38,64,574,132,28.00,74.30
2026-03-29 23:41:43,78,558,98,27.90,74.30
2026-03-29 23:41:48,66,546,129,27.90,74.30
2026-03-29 23:41:53,96,566,80,27.90,74.40
2026-03-29 23:41:58,80,562,114,27.90,74.40
2026-03-29 23:42:03,69,616,116,27.90,74.30
2026-03-29 23:42:08,66,535,130,27.90,74.30
2026-03-29 23:42:13,89,544,123,27.90,74.40
2026-03-29 23:42:18,87,528,130,27.90,74.40
2026-03-29 23:42:23,58,511,128,27.90,74.50
2026-03-29 23:42:28,64,549,121,27.90,74.50
2026-03-29 23:42:33,64,560,127,27.90,74.50
2026-03-29 23:42:40,76,560,128,27.90,74.40
2026-03-29 23:42:45,82,559,113,27.90,74.40
2026-03-29 23:42:50,77,527,111,27.90,74.50
2026-03-29 23:42:55,71,511,125,27.90,74.50
2026-03-29 23:43:00,62,608,112,27.90,74.30
2026-03-29 23:43:05,77,558,63,27.90,74.50
2026-03-29 23:43:10,80,579,123,27.90,74.40
2026-03-29 23:43:15,74,538,109,27.90,74.40
2026-03-29 23:43:20,73,549,125,27.90,74.40
2026-03-29 23:43:25,62,572,113,27.90,74.50
2026-03-29 23:43:30,80,589,147,27.90,74.50
2026-03-29 23:43:35,65,606,110,27.90,74.50
2026-03-29 23:43:40,80,609,117,27.90,74.50
2026-03-29 23:43:45,62,583,115,27.90,74.40
2026-03-29 23:43:50,80,534,128,27.90,74.40
2026-03-29 23:43:55,80,597,121,27.90,74.50
2026-03-29 23:44:00,77,578,97,27.90,74.40
2026-03-29 23:44:05,58,606,116,27.90,74.70
2026-03-29 23:44:10,55,561,92,27.90,74.60
2026-03-29 23:44:15,80,564,106,27.90,74.70
2026-03-29 23:44:20,65,575,121,27.90,74.70
2026-03-29 23:44:25,62,535,89,27.90,74.70
2026-03-29 23:44:30,81,554,106,27.90,74.80
2026-03-29 23:44:36,63,577,103,27.90,74.70
2026-03-29 23:44:41,78,566,127,27.90,74.60
2026-03-29 23:44:46,80,543,97,28.00,74.60
2026-03-29 23:44:51,73,531,129,27.90,74.80
2026-03-29 23:44:56,75,545,106,27.90,74.70
2026-03-29 23:45:01,67,572,97,27.90,74.80
2026-03-29 23:45:06,70,546,112,27.90,74.80
2026-03-29 23:45:11,80,561,95,28.00,74.80
2026-03-29 23:45:16,64,599,126,27.90,74.80
2026-03-29 23:45:21,76,576,83,27.90,74.90
2026-03-29 23:45:26,82,575,94,27.90,74.70
2026-03-29 23:45:31,67,563,115,27.90,74.70
2026-03-29 23:45:36,81,624,109,28.00,74.60
2026-03-29 23:45:41,66,570,98,27.90,74.70
2026-03-29 23:45:46,57,581,113,27.90,74.70
2026-03-29 23:45:51,74,548,103,28.00,74.80
2026-03-29 23:45:56,75,553,102,28.00,74.80
2026-03-29 23:46:01,84,560,90,28.00,74.70
2026-03-29 23:46:06,93,545,113,28.00,74.60
2026-03-29 23:46:11,74,552,119,27.90,74.70
2026-03-29 23:46:16,64,539,105,28.00,74.70
2026-03-29 23:46:21,61,567,93,28.00,74.70
2026-03-29 23:46:26,75,560,99,27.90,74.60
2026-03-29 23:46:31,79,544,111,27.90,74.70
2026-03-29 23:46:36,77,595,112,28.00,74.80
2026-03-29 23:46:41,68,557,92,28.00,74.70
2026-03-29 23:46:46,86,535,91,28.00,74.60
2026-03-29 23:46:51,71,496,107,27.90,74.80
2026-03-29 23:46:56,85,562,109,28.00,74.70
2026-03-29 23:47:01,75,560,98,28.00,74.60
2026-03-29 23:47:06,80,557,97,28.00,74.60
2026-03-29 23:47:11,80,575,118,27.90,74.60
2026-03-29 23:47:16,80,566,112,28.00,74.70
2026-03-29 23:47:21,73,563,114,28.00,74.70
2026-03-29 23:47:26,87,549,130,28.00,74.70
2026-03-29 23:47:31,63,544,96,28.00,74.70
2026-03-29 23:47:36,77,570,110,28.00,74.70
2026-03-29 23:47:41,81,565,107,28.00,74.70
2026-03-29 23:47:46,84,577,131,28.00,74.60
2026-03-29 23:47:51,74,570,94,28.00,74.60
2026-03-29 23:47:56,80,560,97,28.00,74.70
2026-03-29 23:48:01,76,583,99,28.00,74.60
2026-03-29 23:48:06,71,559,130,28.00,74.60
2026-03-29 23:48:11,71,576,95,28.00,74.60
2026-03-29 23:48:16,81,560,113,28.00,74.70
2026-03-29 23:48:21,84,555,117,28.00,74.60
2026-03-29 23:48:26,65,565,103,28.00,74.70
2026-03-29 23:48:31,80,569,116,28.00,74.70
2026-03-29 23:48:36,88,560,113,28.00,74.80
2026-03-29 23:48:41,80,602,122,28.00,74.70
2026-03-29 23:48:46,85,610,136,28.00,74.70
2026-03-29 23:48:51,70,567,99,28.00,74.60
2026-03-29 23:48:56,77,591,118,28.00,74.70
2026-03-29 23:49:01,77,606,122,28.00,74.80
2026-03-29 23:49:06,75,570,112,28.00,74.50
2026-03-29 23:49:11,60,565,103,28.00,74.60
2026-03-29 23:49:16,73,537,111,28.00,74.60
2026-03-29 23:49:21,65,560,97,28.00,74.60
2026-03-29 23:49:26,64,555,110,28.00,74.60
2026-03-29 23:49:31,71,560,119,28.00,74.60
2026-03-29 23:49:36,64,565,118,28.00,74.70
2026-03-29 23:49:41,80,551,112,28.00,74.50
2026-03-29 23:49:46,87,539,98,28.00,74.50
2026-03-29 23:49:51,85,511,115,28.00,74.50
2026-03-29 23:49:56,80,551,99,28.00,74.60
2026-03-29 23:50:01,68,555,109,28.00,74.60
2026-03-29 23:50:06,75,549,85,28.00,74.50
2026-03-29 23:50:11,73,540,112,28.00,74.60
2026-03-29 23:50:16,71,545,91,28.00,74.40
2026-03-29 23:50:21,66,525,96,28.00,74.50
2026-03-29 23:50:31,66,555,110,28.00,74.60
2026-03-29 23:50:36,81,579,92,28.00,74.60
2026-03-29 23:50:41,64,592,107,28.00,74.50
2026-03-29 23:50:46,90,575,103,28.00,74.50
2026-03-29 23:50:51,69,560,107,28.10,74.50
2026-03-29 23:50:56,91,562,93,28.00,74.50
2026-03-29 23:51:01,73,603,106,28.00,74.50
2026-03-29 23:51:06,64,576,106,28.10,74.60
2026-03-29 23:51:11,64,576,91,28.00,74.50
2026-03-29 23:51:16,73,567,113,28.00,74.40
2026-03-29 23:51:21,85,542,114,28.00,74.50
2026-03-29 23:51:26,71,557,131,28.00,74.60
2026-03-29 23:51:31,68,578,121,28.10,74.60
2026-03-29 23:51:36,63,555,91,28.00,74.50
2026-03-29 23:51:41,84,539,112,28.00,74.60
2026-03-29 23:51:46,62,537,91,28.00,74.60
2026-03-29 23:51:51,80,549,109,28.10,74.60
2026-03-29 23:51:56,69,554,98,28.10,74.40
2026-03-29 23:52:01,86,567,105,28.00,74.50
2026-03-30 01:52:22,71,636,128,28.10,74.10
2026-03-30 01:52:22,70,631,174,28.20,74.00
2026-03-30 01:52:22,70,609,112,28.10,74.00
2026-03-30 01:52:23,81,606,128,28.10,74.00
2026-03-30 01:52:54,64,592,107,28.10,73.90
2026-03-30 01:52:59,82,615,115,28.20,74.00
2026-03-30 01:53:04,71,609,115,28.10,73.90
2026-03-30 01:53:09,75,612,144,28.20,73.90
2026-03-30 01:53:14,67,658,127,28.10,73.80
2026-03-30 01:53:19,70,639,117,28.10,73.90
2026-03-30 01:53:24,80,633,119,28.10,73.80
2026-03-30 01:53:29,81,631,126,28.10,73.80
2026-03-30 01:53:34,67,596,112,28.20,73.80
2026-03-30 01:53:39,75,631,129,28.20,73.90
2026-03-30 01:53:44,81,631,133,28.10,73.70
2026-03-30 01:53:49,69,656,137,28.10,73.90
2026-03-30 01:53:54,72,691,150,28.20,73.90
2026-03-30 01:53:59,80,656,128,28.10,73.90
2026-03-30 01:54:04,67,677,135,28.10,73.80
2026-03-30 01:54:09,75,711,133,28.10,73.90
2026-03-30 01:54:14,66,749,119,28.10,73.90
2026-03-30 01:54:19,66,676,108,28.10,74.00
2026-03-30 01:54:29,87,688,123,28.10,74.00
2026-03-30 01:54:34,85,640,112,28.10,74.00
2026-03-30 01:54:39,71,620,99,28.10,73.80
2026-03-30 01:54:44,120,631,130,28.10,74.00
2026-03-30 01:54:49,76,626,119,28.20,74.10
2026-03-30 01:54:54,69,610,117,28.10,74.00
2026-03-30 01:55:00,80,621,127,28.10,74.00
2026-03-30 01:55:05,84,602,121,28.10,74.00
2026-03-30 01:55:10,77,631,99,28.10,73.90
2026-03-30 01:55:15,71,615,109,28.10,73.90
2026-03-30 01:55:20,58,624,105,28.10,73.90
2026-03-30 01:55:25,53,620,107,28.10,74.00
2026-03-30 01:55:30,64,592,123,28.10,74.00
2026-03-30 01:55:35,67,618,118,28.10,74.00
2026-03-30 01:55:40,75,649,128,28.10,74.00
2026-03-30 01:55:45,81,637,118,28.20,74.00
2026-03-30 01:55:50,82,618,112,28.20,73.90
2026-03-30 01:55:55,69,624,111,28.10,73.90
2026-03-30 01:56:00,75,643,117,28.10,73.90
2026-03-30 01:56:05,69,624,163,28.10,73.80
2026-03-30 01:56:10,70,619,93,28.10,73.90
2026-03-30 01:56:15,76,653,129,28.20,73.90
2026-03-30 01:56:20,66,622,110,28.10,73.90
2026-03-30 01:56:25,66,640,101,28.10,73.90
2026-03-30 01:56:30,85,597,112,28.10,73.90
2026-03-30 01:56:35,73,614,125,28.10,74.00
2026-03-30 01:56:40,76,602,114,28.20,73.90
2026-03-30 01:56:45,69,607,115,28.10,74.00
2026-03-30 01:56:50,73,606,111,28.10,73.80
2026-03-30 01:56:55,80,591,112,28.10,74.00
2026-03-30 01:57:00,67,620,108,28.10,74.00
2026-03-30 01:57:05,80,618,119,28.10,73.90
2026-03-30 01:57:10,78,613,119,28.10,73.90
2026-03-30 01:57:15,74,577,100,28.10,74.00
2026-03-30 01:57:20,73,640,118,28.20,74.00
2026-03-30 01:57:25,80,624,121,28.20,73.90
2026-03-30 01:57:30,65,602,128,28.20,74.10
2026-03-30 01:57:35,75,596,113,28.10,74.00
2026-03-30 01:57:40,87,624,70,28.10,74.00
2026-03-30 01:57:45,78,640,97,28.10,74.00
2026-03-30 01:57:50,71,627,117,28.10,74.00
2026-03-30 01:57:55,65,665,111,28.20,74.00
2026-03-30 01:58:00,79,638,117,28.10,73.90
2026-03-30 01:58:05,64,632,102,28.10,74.00
2026-03-30 01:58:10,64,649,113,28.10,74.00
2026-03-30 01:58:15,87,658,133,28.10,73.90
2026-03-30 01:58:20,76,646,112,28.10,73.90
2026-03-30 01:58:25,80,651,122,28.10,74.10
2026-03-30 01:58:30,55,624,122,28.20,74.00
2026-03-30 01:58:40,71,618,114,28.20,74.00
2026-03-30 01:58:45,80,611,103,28.10,74.10
2026-03-30 01:58:50,78,641,108,28.10,74.10
2026-03-30 01:58:55,69,613,97,28.10,74.00
2026-03-30 01:59:00,70,626,101,28.20,74.10
2026-03-30 01:59:05,77,617,118,28.20,74.00
2026-03-30 01:59:10,70,623,129,28.20,74.10
2026-03-30 01:59:15,131,654,113,28.20,74.00
2026-03-30 01:59:20,102,624,122,28.20,74.10
2026-03-30 01:59:25,85,651,123,28.20,74.10
2026-03-30 01:59:30,74,646,119,28.20,74.10
2026-03-30 01:59:35,212,640,112,28.10,74.10
2026-03-30 01:59:40,80,656,130,28.10,74.10
2026-03-30 01:59:45,82,649,125,28.20,74.10
2026-03-30 01:59:50,87,629,111,28.20,74.10
2026-03-30 01:59:55,111,624,97,28.20,74.00
2026-03-30 02:00:00,64,627,112,28.10,74.00
2026-03-30 02:00:05,75,603,119,28.10,73.90
2026-03-30 02:00:10,77,618,118,28.10,73.90
2026-03-30 02:00:15,77,621,92,28.20,73.90
2026-03-30 02:00:20,79,594,121,28.10,74.00
2026-03-30 02:00:25,80,583,111,28.20,74.00
2026-03-30 02:00:30,68,630,117,28.20,74.00
2026-03-30 02:00:35,80,624,122,28.20,73.90
2026-03-30 02:00:40,73,615,116,28.10,74.10
2026-03-30 02:00:45,77,624,124,28.20,74.00
2026-03-30 02:00:50,63,629,114,28.20,73.90
2026-03-30 02:00:55,79,615,127,28.10,73.90
2026-03-30 02:01:00,119,626,120,28.20,74.00
2026-03-30 02:01:05,55,621,113,28.20,74.00
2026-03-30 02:01:10,71,624,143,28.20,73.90
2026-03-30 02:01:15,87,610,144,28.20,73.90
2026-03-30 02:01:20,77,640,128,28.20,73.90
2026-03-30 02:01:25,80,647,127,28.20,74.00
2026-03-30 02:01:30,102,673,128,28.20,73.90
2026-03-30 02:01:35,70,678,128,28.20,73.90
2026-03-30 02:01:40,62,655,133,28.20,73.90
2026-03-30 02:01:45,80,649,112,28.10,73.90
2026-03-30 02:01:50,77,633,106,28.20,74.00
2026-03-30 02:01:55,64,640,128,28.20,73.90
2026-03-30 02:02:00,72,688,114,28.10,73.80
2026-03-30 02:02:05,54,651,124,28.20,73.90
2026-03-30 02:02:10,64,626,112,28.20,73.80
2026-03-30 02:02:15,55,641,110,28.10,73.80
2026-03-30 02:02:20,70,642,126,28.10,73.90
2026-03-30 02:02:25,81,656,142,28.20,74.00
2026-03-30 02:02:30,80,656,142,28.20,74.00
2026-03-30 02:02:35,59,675,141,28.20,73.90
2026-03-30 02:02:40,73,667,137,28.20,74.00
2026-03-30 02:02:45,64,663,118,28.20,73.90
2026-03-30 02:02:50,80,677,128,28.10,73.90
2026-03-30 02:02:55,61,687,122,28.10,74.00
2026-03-30 02:03:00,65,656,126,28.10,74.00
2026-03-30 02:03:05,69,672,159,28.20,74.00
2026-03-30 02:03:10,62,705,134,28.20,74.00
2026-03-30 02:03:15,60,722,126,28.20,73.90
2026-03-30 02:03:20,57,699,148,28.10,73.80
2026-03-30 02:03:25,77,653,119,28.20,73.80
2026-03-30 02:03:30,83,650,123,28.20,73.90
2026-03-30 02:03:35,64,635,117,28.10,73.80
2026-03-30 02:03:40,80,698,137,28.20,73.90
2026-03-30 02:03:45,52,665,113,28.10,74.00
2026-03-30 07:26:46,88,803,103,27.60,73.90
2026-03-30 07:26:46,83,772,116,27.60,73.90
2026-03-30 07:26:47,64,753,93,27.60,73.90
2026-03-30 07:26:47,83,743,114,27.60,73.90
2026-03-30 07:27:18,69,707,128,27.60,73.90
2026-03-30 07:27:23,83,758,128,27.60,73.90
2026-03-30 07:27:28,64,755,125,27.60,73.80
2026-03-30 07:27:33,80,725,126,27.60,73.80
2026-03-30 07:27:38,80,712,117,27.60,73.70
2026-03-30 07:27:43,72,731,98,27.60,73.70
2026-03-30 07:27:48,77,723,113,27.60,73.70
2026-03-30 07:27:53,69,732,0,27.60,73.80
2026-03-30 07:27:58,67,726,92,27.60,73.80
2026-03-30 07:28:03,103,720,99,27.60,73.70
2026-03-30 07:28:08,87,726,103,27.60,73.70
2026-03-30 07:28:13,63,738,129,27.60,73.80
2026-03-30 07:28:18,59,724,99,27.60,73.80
2026-03-30 07:28:23,71,734,107,27.60,73.60
2026-03-30 07:28:28,82,763,165,27.60,73.80
2026-03-30 07:28:33,80,745,115,27.60,73.70
2026-03-30 07:28:38,80,757,106,27.60,73.70
2026-03-30 07:28:43,69,761,128,27.60,73.60
2026-03-30 07:28:48,69,716,96,27.50,73.60
2026-03-30 07:28:53,58,725,112,27.60,73.70
2026-03-30 07:28:58,58,735,122,27.60,73.70
2026-03-30 07:29:03,79,701,90,27.60,73.70
2026-03-30 07:29:08,64,765,93,27.60,73.60
2026-03-30 07:29:13,69,763,115,27.60,73.60
2026-03-30 07:29:18,79,755,92,27.60,73.60
2026-03-30 07:29:23,80,725,73,27.60,73.60
2026-03-30 07:29:28,82,750,124,27.60,73.50
2026-03-30 07:29:33,80,765,109,27.60,73.40
2026-03-30 07:29:39,71,694,109,27.60,73.50
2026-03-30 07:29:44,65,770,95,27.50,73.50
2026-03-30 07:29:49,76,741,102,27.50,73.50
2026-03-30 07:29:54,78,725,112,27.60,73.40
2026-03-30 07:29:59,78,738,112,27.60,73.50
2026-03-30 07:30:04,64,741,106,27.60,73.40
2026-03-30 07:30:09,83,735,141,27.60,73.40
2026-03-30 07:30:14,64,677,109,27.60,73.40
2026-03-30 07:30:19,86,736,112,27.60,73.30
2026-03-30 07:30:24,77,747,93,27.60,73.40
2026-03-30 07:30:29,53,766,122,27.60,73.50
2026-03-30 07:30:34,73,734,107,27.60,73.40
2026-03-30 07:30:39,61,752,118,27.60,73.40
2026-03-30 07:30:44,78,771,75,27.60,73.50
2026-03-30 07:30:49,77,754,96,27.60,73.60
2026-03-30 07:30:54,69,751,111,27.60,73.60
2026-03-30 07:30:59,62,749,115,27.60,73.60
2026-03-30 07:31:04,68,720,128,27.60,73.60
2026-03-30 07:31:09,78,752,118,27.60,73.60
2026-03-30 07:31:14,75,742,99,27.60,73.70
2026-03-30 07:31:19,82,735,102,27.60,73.60
2026-03-30 07:31:24,67,753,100,27.60,73.60
2026-03-30 07:31:29,75,765,128,27.60,73.60
2026-03-30 07:31:34,74,762,93,27.60,73.60
2026-03-30 07:31:39,66,743,101,27.60,73.60
2026-03-30 07:31:44,74,749,109,27.50,73.60
2026-03-30 07:31:49,50,777,95,27.60,73.70
2026-03-30 07:31:54,79,785,118,27.60,73.60
2026-03-30 07:31:59,80,820,102,27.60,73.70
2026-03-30 07:32:04,107,794,115,27.50,73.70
2026-03-30 07:32:09,96,866,138,27.60,73.70
2026-03-30 07:32:14,122,913,151,27.50,73.60
2026-03-30 07:32:21,145,973,123,27.60,73.60
2026-03-30 07:32:26,336,978,165,27.60,73.60
2026-03-30 07:32:31,161,986,163,27.60,73.60
2026-03-30 07:32:36,188,1023,193,27.60,73.60
2026-03-30 07:32:41,214,1015,176,27.60,73.50
2026-03-30 07:32:46,243,1005,181,27.60,73.50
2026-03-30 07:32:51,215,1040,159,27.60,73.50
2026-03-30 07:32:56,178,1047,182,27.60,73.50
2026-03-30 07:33:01,241,1047,164,27.60,73.60
2026-03-30 07:33:06,246,1049,175,27.60,73.60
2026-03-30 07:33:11,241,1072,183,27.50,73.50
2026-03-30 07:33:16,247,1069,173,27.60,73.50
2026-03-30 07:33:21,263,1067,166,27.60,73.70
2026-03-30 07:33:26,258,1020,167,27.60,73.40
2026-03-30 07:33:31,273,1053,174,27.60,73.50
2026-03-30 07:33:36,272,1072,150,27.60,73.60
2026-03-30 07:33:41,270,1073,156,27.60,73.40
2026-03-30 07:33:46,421,1093,144,27.60,73.50
2026-03-30 07:33:51,272,1093,151,27.60,73.60
2026-03-30 07:33:56,269,1067,163,27.60,73.50
2026-03-30 07:34:01,266,1061,158,27.60,73.50
2026-03-30 07:34:06,268,1110,178,27.60,73.40
2026-03-30 07:34:11,254,1115,165,27.60,73.50
2026-03-30 07:34:16,288,1063,167,27.60,73.40
2026-03-30 07:34:21,283,1084,160,27.50,73.50
2026-03-30 07:34:26,282,1073,159,27.60,73.50
2026-03-30 07:34:31,340,1069,178,27.60,73.50
2026-03-30 07:34:36,295,1062,187,27.60,73.30
2026-03-30 07:34:41,283,1084,171,27.60,73.40
2026-03-30 07:34:46,272,1040,166,27.60,73.50
2026-03-30 07:34:51,277,1091,167,27.60,73.50
2026-03-30 07:34:56,288,1109,150,27.60,73.50
2026-03-30 07:35:01,293,1092,163,27.60,73.60
2026-03-30 07:35:06,285,1058,155,27.60,73.60
2026-03-30 07:35:11,272,1072,184,27.60,73.60
2026-03-30 07:35:16,272,1058,169,27.60,73.50
2026-03-30 07:35:21,289,1088,155,27.60,73.60
2026-03-30 07:35:26,273,1062,170,27.60,73.50
2026-03-30 07:35:31,263,1095,163,27.60,73.50
2026-03-30 07:35:36,272,1053,131,27.60,73.50
2026-03-30 07:35:41,283,1059,180,27.50,73.40
2026-03-30 07:35:46,267,1070,163,27.60,73.60
2026-03-30 07:35:51,265,1072,164,27.60,73.50
2026-03-30 07:35:56,273,1049,148,27.60,73.30
2026-03-30 07:36:01,270,1040,161,27.60,73.50
2026-03-30 07:36:06,262,1035,166,27.60,73.40
2026-03-30 07:36:11,295,1031,160,27.60,73.40
2026-03-30 07:36:16,279,1045,80,27.60,73.30
2026-03-30 07:36:21,269,1015,173,27.60,73.30
2026-03-30 07:36:26,272,1040,161,27.60,73.30
2026-03-30 07:36:31,252,1041,141,27.60,73.40
2026-03-30 07:36:36,267,1039,151,27.60,73.40
2026-03-30 07:36:41,258,1010,147,27.60,73.40
2026-03-30 07:36:46,272,1061,158,27.60,73.50
2026-03-30 07:36:51,264,1040,147,27.60,73.30
2026-03-30 07:36:56,275,1044,146,27.60,73.40
2026-03-30 07:37:01,274,1040,159,27.60,73.40
2026-03-30 07:37:06,260,1041,154,27.60,73.30
2026-03-30 07:37:11,250,954,165,27.60,73.40
2026-03-30 07:37:16,262,1008,161,27.60,73.30
2026-03-30 07:37:21,272,1041,154,27.60,73.30
2026-03-30 07:37:26,264,1009,154,27.50,73.40
2026-03-30 07:37:36,265,1020,206,27.60,73.30
2026-03-30 07:37:41,256,1013,141,27.60,73.50
2026-03-30 07:37:46,256,1046,154,27.60,73.30
2026-03-30 07:37:51,270,1022,160,27.60,73.40
2026-03-30 07:37:56,262,1022,155,27.60,73.50
2026-03-30 07:38:01,237,1031,157,27.60,73.50
2026-03-30 07:38:06,254,1008,147,27.60,73.40
2026-03-30 07:38:11,270,991,167,27.60,73.40
2026-03-30 07:38:16,227,1014,148,27.60,73.40
2026-03-30 07:38:21,256,1010,142,27.60,73.40
2026-03-30 07:38:26,254,1010,173,27.60,73.50
2026-03-30 07:38:31,284,1044,151,27.60,73.50
2026-03-30 07:38:36,259,1054,166,27.60,73.40
2026-03-30 07:38:41,259,1007,156,27.60,73.50
2026-03-30 07:38:46,256,987,158,27.60,73.50
2026-03-30 07:38:51,265,1019,144,27.60,73.60
2026-03-30 07:38:56,272,1006,134,27.60,73.30
2026-03-30 07:39:01,240,999,153,27.60,73.40
2026-03-30 07:39:06,262,1023,147,27.60,73.40
2026-03-30 07:39:11,267,1040,142,27.60,73.60
2026-03-30 07:39:16,267,1035,134,27.60,73.40
2026-03-30 07:39:21,266,1010,131,27.60,73.50
2026-03-30 07:39:26,251,1008,138,27.60,73.40
2026-03-30 07:39:31,257,1011,154,27.60,73.50
2026-03-30 07:39:36,240,997,139,27.60,73.40
2026-03-30 07:39:41,259,1009,130,27.60,73.40
2026-03-30 07:39:46,243,1007,142,27.60,73.60
2026-03-30 07:39:51,241,976,160,27.60,73.50
2026-03-30 07:39:56,237,1001,144,27.60,73.50
2026-03-30 07:40:01,240,983,155,27.60,73.40
2026-03-30 07:40:06,253,1006,157,27.60,73.60
2026-03-30 07:40:11,256,1005,217,27.60,73.60
2026-03-30 07:40:16,227,990,144,27.60,73.70
2026-03-30 07:40:21,240,1007,163,27.60,73.70
2026-03-30 07:40:26,243,985,155,27.60,73.80
2026-03-30 07:40:31,233,1008,151,27.60,73.70
2026-03-30 07:40:36,258,1037,149,27.60,73.70
2026-03-30 07:40:41,224,994,150,27.60,73.60
2026-03-30 07:40:46,234,1002,138,27.60,73.60
2026-03-30 07:40:51,238,999,140,27.60,73.70
2026-03-30 07:40:56,227,1048,132,27.60,73.80
2026-03-30 07:41:01,233,961,167,27.60,73.60
2026-03-30 07:41:06,225,976,159,27.60,73.60
2026-03-30 07:41:11,240,966,166,27.60,73.60
2026-03-30 07:41:16,253,971,148,27.60,73.60
2026-03-30 07:41:21,245,1002,144,27.60,73.50
2026-03-30 07:41:26,241,1003,143,27.60,73.60
2026-03-30 07:41:31,242,988,134,27.70,73.60
2026-03-30 07:41:36,191,976,136,27.70,73.70
2026-03-30 07:41:41,229,990,166,27.60,73.60
2026-03-30 07:41:46,233,994,163,27.60,73.40
2026-03-30 07:41:51,222,977,130,27.60,73.40
2026-03-30 07:41:56,238,979,160,27.60,73.30
2026-03-30 07:42:01,221,982,130,27.60,73.40
2026-03-30 07:42:06,222,986,137,27.70,73.40
2026-03-30 07:42:11,208,955,149,27.70,73.40
2026-03-30 07:42:16,233,966,137,27.70,73.30
2026-03-30 07:42:21,219,959,156,27.70,73.40
2026-03-30 07:42:26,224,951,150,27.60,73.40
2026-03-30 07:42:31,253,980,144,27.70,73.30
2026-03-30 07:42:36,219,945,112,27.70,73.30
2026-03-30 07:42:41,230,969,151,27.70,73.20
2026-03-30 07:42:46,208,939,144,27.70,73.40
2026-03-30 07:42:51,237,962,137,27.70,73.40
2026-03-30 07:42:57,230,973,144,27.70,73.30
2026-03-30 07:43:02,220,947,142,27.70,73.20
2026-03-30 07:43:07,230,944,166,27.70,73.40
2026-03-30 07:43:12,237,963,145,27.70,73.30
2026-03-30 07:43:17,209,976,32,27.70,73.40
2026-03-30 07:43:22,238,958,134,27.70,73.30
2026-03-30 07:43:27,236,947,155,27.70,73.40
2026-03-30 07:43:32,211,925,163,27.70,73.30
2026-03-30 07:43:37,228,944,112,27.70,73.30
2026-03-30 07:43:42,210,939,162,27.70,73.40
2026-03-30 07:43:47,208,939,158,27.70,73.30
2026-03-30 07:43:52,212,949,132,27.70,73.40
2026-03-30 07:43:57,202,914,141,27.70,73.40
2026-03-30 07:44:02,211,937,132,27.70,73.30
2026-03-30 07:44:07,210,934,158,27.70,73.30
2026-03-30 07:44:12,228,931,119,27.70,73.20
2026-03-30 09:12:58,48,725,114,27.90,68.40
2026-03-30 09:12:58,70,714,126,28.00,68.40
2026-03-30 09:12:58,70,714,126,28.00,68.40
2026-03-30 09:12:58,70,714,126,28.00,68.40
2026-03-30 09:12:58,61,703,129,28.00,68.40
2026-03-30 09:13:30,64,763,146,28.00,68.50
2026-03-30 09:13:35,69,774,144,28.00,68.50
2026-03-30 09:13:40,55,783,140,27.90,68.60
2026-03-30 09:13:45,69,801,151,27.90,68.60
2026-03-30 09:13:50,48,774,87,28.00,68.60
2026-03-30 09:13:55,69,802,125,27.90,68.60
2026-03-30 09:14:00,76,785,140,27.90,68.60
2026-03-30 09:14:05,69,781,143,27.90,68.60
2026-03-30 09:14:10,57,752,112,27.90,68.70
2026-03-30 09:14:15,51,731,126,28.00,68.60
2026-03-30 09:14:20,74,730,130,28.00,68.70
2026-03-30 09:14:25,64,729,147,27.90,68.70
2026-03-30 09:14:30,67,726,117,28.00,68.70
2026-03-30 09:14:35,67,714,154,27.90,68.70
2026-03-30 09:14:40,39,750,139,28.00,68.80
2026-03-30 09:14:45,59,743,130,28.00,68.60
2026-03-30 09:14:50,75,732,106,27.90,68.60
2026-03-30 09:14:55,63,729,144,27.90,68.70
2026-03-30 09:15:00,48,710,122,28.00,68.70
2026-03-30 09:15:05,52,739,145,27.90,68.70
2026-03-30 09:15:10,58,714,161,27.90,68.70
2026-03-30 09:15:16,71,720,154,28.00,68.80
2026-03-30 09:15:21,62,757,144,28.00,68.60
2026-03-30 09:15:26,64,726,142,27.90,68.70
2026-03-30 09:15:31,57,766,141,28.00,68.60
2026-03-30 09:15:36,51,763,158,28.00,68.70
2026-03-30 09:15:43,48,781,158,28.00,68.70
2026-03-30 09:15:48,66,758,160,27.90,68.70
2026-03-30 09:15:53,48,731,144,27.90,68.80
2026-03-30 09:15:58,47,758,131,28.00,68.60
2026-03-30 09:16:03,49,800,149,28.00,68.70
2026-03-30 09:16:08,73,757,146,28.00,68.70
2026-03-30 09:16:13,49,755,144,28.00,68.70
2026-03-30 09:16:18,54,752,110,28.00,68.60
2026-03-30 09:16:23,70,729,134,28.00,68.60
2026-03-30 09:16:28,64,758,117,28.00,68.60
2026-03-30 09:16:33,79,720,173,28.00,68.80
2026-03-30 09:16:38,48,711,128,28.00,68.70
2026-03-30 09:16:43,56,735,166,28.00,68.80
2026-03-30 09:16:48,59,771,273,28.00,68.80
2026-03-30 09:16:53,60,752,114,27.90,68.70
2026-03-30 09:16:58,65,731,116,28.00,68.80
2026-03-30 09:17:03,73,797,102,28.00,68.90
2026-03-30 09:17:08,0,848,111,28.00,68.80
2026-03-30 09:17:13,61,813,121,28.00,68.80
2026-03-30 09:17:18,67,784,125,28.00,68.90
2026-03-30 09:17:23,62,778,100,28.00,68.80
2026-03-30 09:17:28,59,737,111,28.00,68.90
2026-03-30 09:17:33,47,724,95,28.00,69.00
2026-03-30 09:17:38,53,800,127,28.00,68.90
2026-03-30 09:17:43,37,675,113,28.00,68.90
2026-03-30 09:17:48,51,765,137,28.00,68.90
2026-03-30 09:17:53,63,785,133,27.90,69.10
2026-03-30 09:17:58,48,741,134,28.00,68.90
2026-03-30 09:18:03,61,733,177,28.00,69.00
2026-03-30 09:18:08,64,729,149,28.00,69.10
2026-03-30 09:18:13,62,739,139,28.00,69.00
2026-03-30 09:18:23,42,748,132,28.00,69.00
2026-03-30 09:18:28,48,759,135,28.00,69.00
2026-03-30 09:18:33,47,736,160,28.00,69.00
2026-03-30 09:18:38,55,760,144,28.00,69.00
2026-03-30 09:18:43,75,737,125,28.00,68.90
2026-03-30 09:18:48,48,695,140,28.00,68.90
2026-03-30 09:18:53,50,707,127,28.00,68.90
2026-03-30 09:18:58,54,723,117,28.00,69.00
2026-03-30 09:19:03,44,771,125,28.00,68.90
2026-03-30 09:19:08,52,789,143,28.00,69.00
2026-03-30 09:19:13,48,742,140,28.00,69.10
2026-03-30 09:19:18,66,733,127,28.00,69.00
2026-03-30 09:19:23,62,752,107,28.00,69.00
2026-03-30 09:19:28,59,726,115,28.00,69.00
2026-03-30 09:19:33,45,722,123,28.00,69.10
2026-03-30 09:19:38,46,700,114,28.00,69.10
2026-03-30 09:19:43,64,708,86,28.00,69.00
2026-03-30 09:19:48,76,695,105,28.00,69.00
2026-03-30 09:19:53,64,708,123,28.00,69.00
2026-03-30 09:19:58,48,724,135,28.00,69.00
2026-03-30 09:20:03,51,730,129,28.00,69.10
2026-03-30 09:20:08,71,720,113,28.00,69.10
2026-03-30 09:20:13,57,738,134,28.00,69.00
2026-03-30 09:20:18,49,751,102,28.00,69.20
2026-03-30 09:20:23,97,806,129,28.00,69.10
2026-03-30 09:20:28,61,797,125,28.00,69.20
2026-03-30 09:20:33,49,805,89,28.00,69.10
2026-03-30 09:20:38,0,786,109,28.00,69.20
2026-03-30 09:20:43,62,749,126,28.00,69.20
2026-03-30 09:20:48,59,766,113,28.00,69.10
2026-03-30 09:20:53,46,782,123,28.00,69.30
2026-03-30 09:20:58,64,729,109,28.00,69.20
2026-03-30 09:21:03,56,699,103,28.00,69.30
2026-03-30 09:21:08,42,669,83,28.00,69.20
2026-03-30 09:21:13,46,688,86,28.00,69.20
2026-03-30 09:21:18,50,682,112,28.00,69.30
2026-03-30 09:21:23,65,704,107,28.00,69.30
2026-03-30 09:21:28,67,741,117,28.00,69.40
2026-03-30 09:21:33,63,723,113,28.00,69.30
2026-03-30 09:21:38,65,723,99,28.00,69.20
2026-03-30 09:21:43,59,720,111,28.00,69.30
2026-03-30 09:21:48,55,699,99,28.00,69.30
2026-03-30 09:21:53,41,731,94,28.00,69.40
2026-03-30 09:21:58,49,689,85,28.00,69.30
2026-03-30 09:22:03,76,688,102,28.00,69.40
2026-03-30 09:22:08,48,671,100,28.00,69.30
2026-03-30 09:22:13,66,681,122,28.00,69.40
2026-03-30 09:22:18,45,683,112,28.00,69.30
2026-03-30 09:22:23,48,688,109,28.00,69.30
2026-03-30 09:22:28,49,701,117,28.00,69.30
2026-03-30 09:22:33,211,687,128,28.00,69.30
2026-03-30 09:22:38,42,726,100,28.00,69.30
2026-03-30 09:22:43,62,763,102,28.00,69.30
2026-03-30 09:22:48,61,767,114,28.00,69.20
2026-03-30 09:22:53,59,760,111,28.00,69.20
2026-03-30 09:22:58,0,749,136,28.00,69.30
2026-03-30 09:23:03,42,755,134,28.00,69.20
2026-03-30 09:23:08,46,731,110,28.00,69.30
2026-03-30 09:23:13,54,743,135,28.00,69.30
2026-03-30 09:23:18,48,721,145,28.00,69.30
2026-03-30 09:23:23,57,756,131,28.00,69.20
2026-03-30 09:23:28,57,768,131,28.00,69.30
2026-03-30 09:23:33,47,751,111,28.00,69.30
2026-03-30 09:23:38,54,720,112,28.00,69.40
2026-03-30 09:23:43,50,704,115,28.00,69.30
2026-03-30 09:23:48,61,714,139,28.00,69.30
2026-03-30 09:23:53,49,723,142,28.00,69.50
2026-03-30 09:23:58,48,752,128,28.00,69.50
2026-03-30 09:24:03,59,750,134,28.00,69.40
2026-03-30 09:24:08,54,739,132,28.00,69.50
2026-03-30 09:24:13,53,775,113,28.00,69.40
2026-03-30 09:24:18,54,735,115,28.00,69.40
2026-03-30 09:24:23,55,738,134,28.00,69.50
2026-03-30 09:24:28,63,743,131,28.00,69.40
2026-03-30 09:24:33,45,766,105,28.00,69.40
2026-03-30 09:24:38,50,767,192,28.00,69.50
2026-03-30 09:24:43,53,773,122,28.00,69.50
2026-03-30 09:24:48,74,844,145,28.00,69.30
2026-03-30 09:24:53,83,1008,133,28.00,69.40
2026-03-30 09:24:58,94,1072,144,28.00,69.50
2026-03-30 09:25:03,119,1121,148,28.00,69.60
2026-03-30 09:25:08,165,1168,173,28.00,69.50
2026-03-30 09:25:13,151,1209,178,28.00,69.60
2026-03-30 09:25:18,161,1179,186,28.00,69.50
2026-03-30 09:25:23,193,1200,165,28.00,69.50
2026-03-30 09:25:28,201,1232,171,28.00,69.50
2026-03-30 09:25:33,213,1237,180,28.00,69.50
2026-03-30 09:25:38,198,1220,176,28.00,69.50
2026-03-30 09:25:43,221,1255,187,28.00,69.40
2026-03-30 09:25:48,228,1259,176,28.00,69.40
2026-03-30 09:25:53,211,1232,174,28.00,69.50
2026-03-30 09:25:58,218,1262,189,28.00,69.50
2026-03-30 09:26:03,240,1222,178,28.00,69.60
2026-03-30 09:26:08,262,1243,202,28.10,69.50
2026-03-30 09:26:13,241,1264,194,28.00,69.50
2026-03-30 09:26:18,240,1264,195,28.00,69.60
2026-03-30 09:26:23,236,1295,208,28.00,69.50
2026-03-30 09:26:28,231,1277,211,28.10,69.50
2026-03-30 09:26:33,237,1236,215,28.00,69.60
2026-03-30 09:26:38,247,1249,190,28.00,69.60
2026-03-30 09:26:43,257,1251,222,28.00,69.60
2026-03-30 09:26:48,250,1247,187,28.00,69.50
2026-03-30 09:26:53,240,1290,145,28.00,69.60
2026-03-30 09:26:58,239,1290,176,28.00,69.60
2026-03-30 09:27:03,241,1296,176,28.00,69.50
2026-03-30 09:27:08,247,1298,174,28.00,69.60
2026-03-30 09:27:13,258,1245,194,28.00,69.60
2026-03-30 09:27:18,266,1264,205,28.00,69.50
2026-03-30 09:27:23,230,1259,216,28.10,69.50
2026-03-30 09:27:28,240,1280,178,28.00,69.50
2026-03-30 09:27:33,243,1259,207,28.10,69.50
2026-03-30 09:27:38,265,1265,208,28.10,69.60
2026-03-30 09:27:43,243,1306,169,28.00,69.60
2026-03-30 09:27:48,231,1280,187,28.00,69.60
2026-03-30 09:27:53,257,1265,183,28.00,69.60
2026-03-30 09:27:58,239,1257,192,28.00,69.70
2026-03-30 09:28:03,210,1251,190,28.00,69.60
2026-03-30 09:28:08,255,1244,179,28.00,69.50
2026-03-30 09:28:13,219,1232,183,28.10,69.60
2026-03-30 09:28:18,228,1242,198,28.00,69.50
2026-03-30 09:28:23,241,1242,181,28.00,69.60
2026-03-30 09:28:28,233,1237,166,28.10,69.60
2026-03-30 09:28:33,221,1216,192,28.10,69.60
2026-03-30 09:28:39,230,1205,191,28.00,69.60
2026-03-30 09:28:44,222,1203,139,28.10,69.60
2026-03-30 09:28:49,212,1225,203,28.10,69.60
2026-03-30 09:28:54,222,1218,172,28.00,69.60
2026-03-30 11:17:17,49,740,140,28.60,68.90
2026-03-30 11:17:49,48,784,95,28.60,69.10
2026-03-30 11:17:54,59,784,112,28.70,69.10
2026-03-30 11:17:59,47,793,110,28.60,69.00
2026-03-30 11:18:04,45,766,113,28.70,69.10
2026-03-30 11:18:09,41,761,85,28.70,69.00
2026-03-30 11:18:14,53,720,107,28.60,69.10
2026-03-30 11:18:19,41,691,112,28.60,69.10
2026-03-30 11:18:24,45,691,81,28.70,69.10
2026-03-30 11:18:29,48,695,88,28.70,69.10
2026-03-30 11:18:34,39,681,112,28.70,69.10
2026-03-30 11:18:39,38,704,101,28.70,69.10
2026-03-30 11:18:44,50,713,122,28.70,69.20
2026-03-30 11:18:49,66,715,114,28.70,69.00
2026-03-30 11:18:54,51,729,95,28.70,69.00
2026-03-30 11:18:59,48,734,109,28.70,69.10
2026-03-30 11:19:04,48,706,138,28.70,69.00
2026-03-30 11:19:09,43,723,112,28.70,69.00
2026-03-30 11:19:14,34,723,107,28.70,69.10
2026-03-30 11:19:19,41,756,100,28.70,69.10
2026-03-30 11:19:24,64,802,99,28.70,69.20
2026-03-30 11:19:29,42,751,81,28.70,69.00
2026-03-30 11:19:34,64,711,85,28.70,69.00
2026-03-30 11:19:39,48,695,81,28.70,69.20
2026-03-30 11:19:44,50,718,86,28.70,69.20
2026-03-30 11:19:49,52,720,93,28.70,69.10
2026-03-30 11:19:55,59,730,83,28.70,69.10
2026-03-30 11:19:59,50,693,101,28.70,69.20
2026-03-30 11:20:05,35,719,80,28.70,69.10
2026-03-30 11:20:10,46,683,80,28.70,69.00
2026-03-30 11:20:15,39,687,78,28.70,69.10
2026-03-30 11:20:20,41,674,107,28.70,69.10
2026-03-30 11:20:25,39,690,75,28.70,69.00
2026-03-30 11:20:30,59,720,80,28.70,69.10
2026-03-30 11:20:35,48,725,110,28.70,69.10
2026-03-30 11:20:40,62,740,128,28.70,69.00
2026-03-30 11:20:45,45,790,94,28.70,69.20
2026-03-30 11:20:50,59,799,99,28.70,69.10
2026-03-30 11:20:55,62,770,99,28.70,69.20
2026-03-30 11:21:00,48,761,114,28.70,69.20
2026-03-30 11:21:05,50,758,97,28.70,68.90
2026-03-30 11:21:10,48,736,87,28.70,69.00
2026-03-30 11:21:15,55,695,109,28.70,69.00
2026-03-30 11:21:20,33,705,87,28.70,69.00
2026-03-30 11:21:25,53,659,95,28.70,69.10
2026-03-30 11:21:30,45,669,108,28.70,69.20
2026-03-30 11:21:35,153,675,107,28.70,69.10
2026-03-30 11:21:40,49,695,91,28.70,69.00
2026-03-30 11:21:45,61,687,112,28.70,69.00
2026-03-30 11:21:50,59,687,103,28.70,69.00
2026-03-30 11:21:55,47,683,104,28.70,69.00
2026-03-30 11:22:00,51,671,87,28.70,69.10
2026-03-30 11:22:05,54,692,85,28.70,69.10
2026-03-30 11:22:10,47,688,103,28.70,68.90
2026-03-30 11:22:15,62,683,129,28.70,69.10
2026-03-30 11:22:20,55,682,80,28.70,69.20
2026-03-30 11:22:25,48,647,89,28.70,69.10
2026-03-30 11:22:30,45,626,79,28.70,69.00
2026-03-30 11:22:35,59,646,69,28.70,69.00
2026-03-30 11:22:40,54,641,96,28.70,69.00
2026-03-30 11:22:45,38,595,112,28.70,69.10
2026-03-30 11:22:50,51,663,103,28.70,69.10
2026-03-30 11:22:55,47,667,102,28.70,69.10
2026-03-30 11:23:00,42,685,75,28.70,69.10
2026-03-30 11:23:05,65,647,77,28.80,69.00
2026-03-30 11:23:10,46,666,75,28.70,69.00
2026-03-30 11:23:15,42,656,71,28.70,69.10
2026-03-30 11:23:20,48,656,96,28.70,69.20
2026-03-30 11:23:25,44,667,97,28.70,69.10
2026-03-30 11:23:30,35,669,86,28.70,69.00
2026-03-30 11:23:35,42,686,82,28.80,69.10
2026-03-30 11:23:40,41,678,94,28.70,69.00
2026-03-30 11:23:45,0,685,94,28.70,69.10
2026-03-30 11:23:50,33,675,109,28.80,69.00
2026-03-30 11:23:55,58,693,103,28.70,69.00
2026-03-30 11:24:00,43,688,87,28.70,69.00
2026-03-30 11:24:05,39,677,85,28.70,69.00
2026-03-30 11:24:10,48,694,91,28.80,69.00
2026-03-30 11:24:15,28,718,96,28.70,69.00
2026-03-30 11:24:20,48,677,80,28.80,68.90
2026-03-30 11:24:25,87,719,97,28.70,69.00
2026-03-30 11:24:30,53,729,78,28.70,68.90
2026-03-30 11:24:35,38,699,100,28.70,68.90
2026-03-30 11:24:40,49,689,89,28.70,69.00
2026-03-30 11:24:45,46,684,80,28.70,68.90
2026-03-30 11:24:50,48,699,114,28.70,69.00
2026-03-30 11:24:55,67,725,108,28.80,68.90
2026-03-30 11:25:00,46,738,107,28.70,69.00
2026-03-30 11:25:05,48,704,80,28.70,68.80
2026-03-30 11:25:10,64,736,98,28.70,68.90
2026-03-30 11:25:15,48,703,90,28.70,69.00
2026-03-30 11:25:25,55,688,113,28.70,68.80
2026-03-30 11:25:30,44,706,103,28.80,68.80
2026-03-30 11:25:35,41,684,129,28.70,68.90
2026-03-30 11:25:40,66,670,86,28.70,69.00
2026-03-30 11:25:45,57,683,113,28.70,68.90
2026-03-30 11:25:50,46,682,80,28.70,68.90
2026-03-30 11:25:55,62,676,111,28.70,68.90
2026-03-30 11:26:00,49,711,98,28.70,68.90
2026-03-30 11:26:05,61,683,83,28.70,69.00
2026-03-30 11:26:10,48,701,95,28.70,68.80
2026-03-30 11:26:15,44,682,94,28.70,68.90
2026-03-30 11:26:20,29,711,104,28.80,68.90
2026-03-30 11:26:25,58,688,114,28.80,68.80
2026-03-30 11:26:30,58,694,95,28.70,68.90
2026-03-30 11:26:35,50,679,143,28.70,68.90
2026-03-30 11:26:40,49,714,110,28.70,68.90
2026-03-30 11:26:45,45,719,99,28.70,68.90
2026-03-30 11:26:50,57,697,111,28.70,68.80
2026-03-30 11:26:55,48,690,114,28.80,68.80
2026-03-30 11:27:00,41,699,97,28.70,68.80
2026-03-30 11:27:05,46,693,92,28.70,68.90
2026-03-30 11:27:10,32,688,112,28.70,68.90
2026-03-30 11:27:15,53,684,108,28.70,68.80
2026-03-30 11:27:20,46,691,100,28.80,68.90
2026-03-30 11:27:25,52,707,104,28.70,68.80
2026-03-30 11:27:30,51,701,112,28.70,68.80
2026-03-30 11:27:35,59,716,111,28.70,68.80
2026-03-30 11:27:40,59,720,98,28.70,68.80
2026-03-30 11:27:45,55,704,127,28.70,68.80
2026-03-30 11:27:50,59,682,130,28.70,68.80
2026-03-30 11:27:55,42,703,143,28.70,68.80
2026-03-30 11:28:05,45,720,131,28.70,68.90
2026-03-30 11:28:10,23,725,128,28.70,68.80
2026-03-30 11:28:15,64,738,123,28.70,68.80
2026-03-30 11:28:20,39,704,112,28.80,68.90
2026-03-30 11:28:25,63,704,102,28.70,68.90
2026-03-30 11:28:30,50,684,112,28.70,68.90
2026-03-30 11:28:35,35,672,96,28.70,69.10
2026-03-30 11:28:40,64,654,90,28.70,68.90
2026-03-30 11:28:45,45,668,110,28.70,68.90
2026-03-30 11:28:50,35,667,126,28.70,68.90
2026-03-30 11:28:55,48,660,97,28.70,68.90
2026-03-30 11:29:00,0,665,109,28.80,68.90
2026-03-30 11:29:05,50,670,96,28.70,68.90
2026-03-30 11:29:10,48,688,99,28.70,69.00
2026-03-30 11:29:15,42,681,112,28.70,68.90
2026-03-30 11:29:20,48,700,96,28.70,68.90
2026-03-30 11:29:25,66,713,85,28.70,68.90
2026-03-30 11:29:30,62,683,94,28.70,68.90
2026-03-30 11:29:35,68,681,107,28.70,68.90
2026-03-30 11:29:40,48,676,109,28.70,68.90
2026-03-30 11:29:45,37,675,97,28.70,69.00
2026-03-30 11:29:50,64,673,135,28.70,68.90
2026-03-30 11:29:55,49,687,106,28.70,68.90
2026-03-30 11:30:00,51,708,114,28.70,68.90
2026-03-30 11:30:05,63,784,130,28.70,68.90
2026-03-30 11:30:10,59,785,144,28.70,68.80
2026-03-30 11:30:15,48,772,114,28.70,68.90
2026-03-30 11:30:20,37,753,104,28.70,68.90
2026-03-30 11:30:25,48,703,81,28.70,68.80
2026-03-30 11:30:30,48,729,94,28.70,69.00
2026-03-30 11:30:35,42,706,78,28.70,69.00
2026-03-30 11:30:40,50,656,80,28.70,68.80
2026-03-30 11:30:45,48,671,94,28.70,69.00
2026-03-30 11:30:50,48,674,105,28.70,69.00
2026-03-30 11:30:55,53,655,96,28.70,68.80
2026-03-30 11:31:00,33,656,80,28.70,68.80
2026-03-30 11:31:05,52,635,88,28.70,69.00
2026-03-30 11:31:10,52,695,88,28.70,68.80
2026-03-30 11:31:16,54,656,77,28.70,68.90
2026-03-30 11:31:20,46,647,95,28.70,68.80
2026-03-30 11:31:25,53,689,101,28.70,68.90
2026-03-30 11:31:30,42,660,99,28.70,68.90
2026-03-30 11:31:35,48,678,92,28.70,69.10
2026-03-30 11:31:40,40,683,74,28.70,68.90
2026-03-30 11:31:45,47,671,94,28.70,68.90
2026-03-30 11:31:50,37,675,106,28.70,68.90
2026-03-30 11:31:56,45,713,36,28.70,68.80
2026-03-30 11:32:00,47,685,97,28.80,68.90
2026-03-30 11:32:05,96,704,82,28.70,68.90
2026-03-30 11:32:10,48,675,87,28.70,68.80
2026-03-30 11:32:15,47,688,112,28.70,68.80
2026-03-30 11:32:20,49,683,98,28.70,68.90
2026-03-30 11:32:25,45,683,112,28.70,68.80
2026-03-30 11:32:30,42,693,128,28.70,68.80
2026-03-30 11:32:35,45,693,89,28.70,68.90
2026-03-30 11:32:40,49,699,112,28.80,68.80
2026-03-30 11:32:45,46,709,100,28.70,68.80
2026-03-30 11:32:50,51,674,111,28.70,68.90
2026-03-30 11:32:55,50,706,103,28.70,68.80
2026-03-30 11:33:00,58,688,95,28.80,68.80
2026-03-30 11:33:05,55,699,98,28.70,68.80
2026-03-30 11:33:10,48,700,109,28.70,68.80
2026-03-30 11:33:15,48,693,113,28.70,68.80
2026-03-30 11:33:20,48,713,128,28.70,68.80
2026-03-30 11:33:25,34,779,117,28.80,68.80
2026-03-30 11:33:30,36,773,139,28.80,68.80
2026-03-30 11:33:35,46,737,94,28.80,68.70
2026-03-30 11:33:40,37,751,93,28.70,68.80
2026-03-30 11:33:45,50,735,77,28.70,68.80
2026-03-30 11:33:50,48,688,112,28.70,68.70
2026-03-30 11:33:55,55,685,94,28.70,68.90
2026-03-30 11:34:00,58,726,100,28.70,68.80
2026-03-30 11:34:05,49,752,81,28.70,68.80
2026-03-30 11:34:10,47,702,112,28.70,68.80
2026-03-30 11:34:15,47,685,87,28.70,68.70
2026-03-30 11:34:20,50,673,93,28.70,68.80
2026-03-30 11:34:26,58,681,86,28.80,68.80
2026-03-30 11:34:31,52,666,96,28.80,68.80
2026-03-30 11:34:36,41,688,101,28.80,68.70
2026-03-30 11:34:41,42,664,94,28.70,68.80
2026-03-30 11:34:46,64,683,112,28.80,68.80
2026-03-30 11:34:51,35,672,74,28.70,68.90
2026-03-30 11:34:56,44,683,109,28.70,68.80
2026-03-30 11:35:01,33,662,109,28.80,68.90
2026-03-30 11:35:06,57,662,97,28.70,68.80
2026-03-30 11:35:11,48,663,93,28.70,68.80
2026-03-30 11:35:16,59,688,102,28.70,68.80
2026-03-30 11:35:21,62,705,108,28.80,68.80
2026-03-30 11:35:26,48,746,90,28.70,68.80
2026-03-30 11:35:31,37,752,104,28.70,68.70
2026-03-30 11:35:36,60,757,100,28.70,68.70
2026-03-30 11:35:41,59,715,105,28.80,68.70
2026-03-30 11:35:46,49,731,105,28.80,68.70
2026-03-30 11:35:51,54,705,103,28.80,68.70
2026-03-30 11:35:56,62,720,93,28.80,68.70
2026-03-30 11:36:01,41,686,80,28.70,68.80
2026-03-30 11:36:06,57,681,81,28.80,68.80
2026-03-30 11:36:11,46,678,101,28.70,68.70
2026-03-30 11:36:16,48,671,106,28.70,68.70
2026-03-30 11:36:21,48,659,109,28.70,68.70
2026-03-30 11:36:26,53,691,102,28.80,68.70
2026-03-30 11:36:31,48,713,83,28.70,68.80
2026-03-30 11:36:36,49,704,98,28.70,68.70
2026-03-30 11:36:41,48,706,117,28.80,68.70
2026-03-30 11:36:46,53,687,94,28.70,68.70
2026-03-30 11:36:51,64,715,105,28.80,68.60
2026-03-30 11:37:01,65,681,84,28.80,68.70
2026-03-30 11:37:06,33,689,80,28.70,68.70
2026-03-30 11:37:11,43,695,95,28.80,68.70
2026-03-30 11:37:16,58,671,80,28.80,68.60
2026-03-30 11:37:21,42,657,100,28.80,68.70
2026-03-30 11:37:26,65,656,83,28.80,68.70
2026-03-30 11:37:31,59,663,96,28.70,68.70
2026-03-30 11:37:41,48,653,86,28.70,68.70
2026-03-30 11:37:46,61,667,89,28.80,68.60
2026-03-30 11:37:51,71,657,86,28.80,68.60
2026-03-30 11:37:56,55,721,111,28.80,68.60
2026-03-30 11:38:01,38,720,89,28.70,68.60
2026-03-30 11:38:06,0,688,90,28.80,68.60
2026-03-30 11:38:11,54,665,109,28.80,68.60
2026-03-30 11:43:23,62,750,115,28.80,68.50
2026-03-30 11:43:23,39,726,115,28.80,68.30
2026-03-30 11:43:55,53,689,106,28.80,68.40
2026-03-30 11:44:00,54,678,96,28.80,68.50
2026-03-30 11:44:05,42,665,62,28.80,68.40
2026-03-30 11:44:10,20,707,117,28.80,68.50
2026-03-30 11:44:15,64,692,112,28.80,68.50
2026-03-30 11:44:25,16,763,126,28.80,68.40
2026-03-30 11:44:30,44,733,101,28.80,68.40
2026-03-30 11:44:35,43,760,126,28.80,68.50
2026-03-30 11:44:40,43,707,115,28.70,68.50
2026-03-30 11:44:45,42,695,117,28.80,68.40
2026-03-30 11:44:50,49,723,131,28.80,68.50
2026-03-30 11:44:55,46,704,128,28.80,68.40
2026-03-30 11:45:00,51,743,126,28.80,68.40
2026-03-30 11:45:10,51,685,111,28.80,68.50
2026-03-30 11:45:15,60,703,108,28.80,68.50
2026-03-30 11:45:20,39,731,80,28.80,68.50
2026-03-30 11:45:25,53,711,119,28.80,68.40
2026-03-30 11:45:30,63,703,110,28.80,68.40
2026-03-30 11:45:35,36,677,128,28.80,68.40
2026-03-30 11:45:40,53,697,106,28.80,68.50
2026-03-30 11:45:45,41,672,115,28.80,68.50
2026-03-30 11:45:50,47,674,89,28.80,68.60
2026-03-30 11:45:55,60,656,120,28.80,68.50
2026-03-30 11:46:00,46,704,122,28.80,68.50
2026-03-30 11:46:05,48,720,123,28.80,68.60
2026-03-30 11:46:10,34,742,143,28.80,68.50
2026-03-30 11:46:18,48,751,119,28.80,68.40
2026-03-30 11:46:23,62,741,115,28.80,68.50
2026-03-30 11:46:28,50,742,109,28.80,68.60
2026-03-30 11:46:33,40,770,118,28.80,68.70
2026-03-30 11:46:38,48,743,111,28.80,68.60
2026-03-30 11:46:43,48,720,132,28.80,68.50
2026-03-30 11:46:48,48,749,111,28.80,68.50
2026-03-30 11:46:53,46,719,151,28.80,68.50
2026-03-30 11:46:58,57,715,135,28.80,68.50
2026-03-30 11:47:03,47,726,111,28.80,68.50
2026-03-30 11:47:08,47,726,114,28.90,68.50
2026-03-30 11:47:13,59,715,128,28.80,68.40
2026-03-30 11:47:18,36,722,144,28.90,68.60
2026-03-30 11:47:23,34,752,127,28.80,68.50
2026-03-30 11:47:28,53,805,123,28.80,68.60
2026-03-30 11:47:33,58,781,132,28.80,68.50
2026-03-30 11:47:38,41,757,134,28.80,68.30
2026-03-30 11:47:43,57,740,142,28.80,68.30
2026-03-30 11:47:48,37,717,145,28.90,68.30
2026-03-30 11:47:53,42,741,116,28.90,68.30
2026-03-30 11:47:58,58,752,124,28.80,68.30
2026-03-30 11:48:03,57,742,141,28.80,68.30
2026-03-30 11:48:08,61,767,142,28.90,68.40
2026-03-30 11:48:13,30,771,131,28.80,68.30
2026-03-30 11:48:18,63,731,145,28.90,68.30
2026-03-30 11:48:23,43,754,127,28.90,68.40
2026-03-30 11:48:28,42,747,128,28.90,68.30
2026-03-30 11:48:33,46,727,141,28.80,68.40
2026-03-30 11:48:38,45,726,138,28.90,68.30
2026-03-30 11:48:43,42,713,128,28.90,68.30
2026-03-30 11:48:48,49,705,147,28.90,68.30
2026-03-30 11:48:53,48,732,143,28.90,68.40
2026-03-30 11:48:58,58,722,141,28.90,68.20
2026-03-30 11:49:03,43,726,144,28.90,68.40
2026-03-30 11:49:08,55,722,73,28.90,68.40
2026-03-30 11:49:13,64,703,128,28.90,68.50
2026-03-30 11:49:18,51,719,132,28.90,68.20
2026-03-30 11:49:23,42,757,141,28.90,68.20
2026-03-30 11:49:28,57,734,134,28.90,68.40
2026-03-30 11:49:33,49,750,123,28.90,68.30
2026-03-30 11:49:38,35,750,149,28.90,68.20
2026-03-30 11:49:43,61,749,160,28.90,68.30
2026-03-30 11:49:48,2,775,128,28.90,68.30
2026-03-30 11:49:53,48,806,133,28.80,68.30
2026-03-30 11:49:58,48,747,126,28.90,68.20
2026-03-30 11:50:03,32,752,134,28.90,68.20
2026-03-30 11:50:08,54,726,143,28.90,68.10
2026-03-30 11:50:13,41,783,147,28.90,68.10
2026-03-30 11:50:18,48,740,117,28.90,68.10
2026-03-30 11:50:23,50,736,134,28.90,68.10
2026-03-30 11:50:28,53,790,138,28.90,68.10
2026-03-30 11:50:33,23,782,162,28.90,68.20
2026-03-30 11:50:38,49,773,135,28.90,68.10
2026-03-30 11:50:43,49,743,129,28.90,68.10
2026-03-30 11:50:48,51,727,145,28.90,68.10
2026-03-30 11:50:53,42,719,121,28.90,68.10
2026-03-30 11:50:58,35,738,113,28.90,68.10
2026-03-30 11:51:03,48,747,133,28.90,68.10
2026-03-30 11:51:08,40,765,107,28.90,68.20
2026-03-30 11:51:13,59,785,112,28.90,68.00
2026-03-30 11:51:18,48,768,116,28.90,68.20
2026-03-30 11:51:23,47,745,130,28.90,68.20
2026-03-30 11:51:28,3,741,139,29.00,68.20
2026-03-30 11:51:33,45,774,137,28.90,68.10
2026-03-30 11:51:38,49,742,165,28.90,68.10
2026-03-30 11:51:43,54,761,144,28.90,68.00
2026-03-30 11:51:48,42,750,143,28.90,67.90
2026-03-30 11:51:53,62,727,133,29.00,68.10
2026-03-30 11:51:58,38,726,139,28.90,68.00
2026-03-30 11:52:03,18,715,144,29.00,67.90
2026-03-30 11:52:08,64,709,138,28.90,68.10
2026-03-30 11:52:13,32,718,139,28.90,68.00
2026-03-30 11:52:18,48,736,144,28.90,68.00
2026-03-30 11:52:28,61,713,163,29.00,67.90
2026-03-30 11:52:33,45,710,144,28.90,68.00
2026-03-30 11:52:38,53,720,139,29.00,68.00
2026-03-30 11:52:43,34,731,144,29.00,67.90
2026-03-30 11:52:48,54,661,139,29.00,67.90
2026-03-30 11:52:53,63,698,148,29.00,67.90
2026-03-30 11:52:58,64,701,131,28.90,67.90
2026-03-30 11:53:03,43,689,146,29.00,67.90
2026-03-30 11:53:08,45,703,134,29.00,67.90
2026-03-30 11:53:13,53,704,146,29.00,67.80
2026-03-30 11:53:18,50,688,124,29.00,67.90
2026-03-30 11:53:23,45,711,144,29.00,67.80
2026-03-30 11:53:28,47,688,157,29.00,67.70
2026-03-30 11:53:35,144,714,144,29.00,67.80
2026-03-30 11:53:40,54,781,129,29.00,67.70
2026-03-30 11:53:45,48,750,110,29.00,67.80
2026-03-30 11:53:50,67,749,128,29.00,67.80
2026-03-30 12:47:11,37,817,123,29.30,68.20
2026-03-30 12:47:11,32,805,155,29.30,68.40
2026-03-30 12:47:11,33,794,135,29.30,68.20
2026-03-30 12:47:11,38,774,130,29.30,68.40
2026-03-30 12:47:43,59,791,151,29.30,68.20
2026-03-30 12:47:48,33,777,156,29.20,68.20
2026-03-30 14:36:09,144,960,336,29.40,69.30
2026-03-30 14:36:14,133,969,283,29.40,69.20
2026-03-30 14:36:19,105,897,235,29.40,69.10
2026-03-30 14:36:24,101,873,230,29.40,69.00
2026-03-30 14:36:29,78,874,203,29.40,69.10
2026-03-30 14:36:34,94,817,184,29.50,69.10
2026-03-30 14:36:39,80,782,194,29.50,69.00
2026-03-30 14:36:44,70,777,155,29.50,69.00
2026-03-30 14:36:49,98,766,160,29.50,69.10
2026-03-30 14:36:54,99,751,149,29.50,69.00
2026-03-30 14:36:59,96,752,147,29.50,69.00
2026-03-30 14:37:04,83,737,163,29.50,69.00
2026-03-30 14:37:09,83,746,153,29.50,68.90
2026-03-30 14:37:14,80,716,133,29.50,68.90
2026-03-30 14:37:19,82,688,162,29.50,68.80
2026-03-30 14:37:24,69,688,135,29.50,68.80
2026-03-30 14:37:29,67,684,144,29.50,68.90
2026-03-30 14:37:34,60,688,132,29.50,68.90
2026-03-30 14:37:39,64,656,115,29.50,68.90
2026-03-30 14:37:44,54,656,107,29.50,68.90
2026-03-30 14:37:49,55,642,107,29.50,68.90
2026-03-30 14:37:54,56,635,98,29.50,68.80
2026-03-30 14:37:59,52,647,59,29.60,68.70
2026-03-30 14:38:04,66,609,130,29.60,68.70
2026-03-30 14:38:09,66,650,112,29.60,68.80
2026-03-30 14:38:14,74,641,133,29.60,68.90
2026-03-30 14:38:19,52,656,137,29.60,68.70
2026-03-30 14:38:24,54,641,123,29.60,68.90
2026-03-30 14:38:29,105,647,135,29.60,68.80
2026-03-30 14:38:34,66,681,128,29.60,68.70
2026-03-30 14:38:39,77,659,112,29.60,68.70
2026-03-30 14:38:44,67,666,127,29.60,68.70
2026-03-30 14:38:49,65,670,132,29.60,68.50
2026-03-30 14:38:54,62,672,144,29.60,68.60
2026-03-30 14:38:59,59,679,129,29.60,68.60
2026-03-30 14:39:04,48,663,141,29.60,68.50
2026-03-30 14:39:09,64,681,144,29.60,68.60
2026-03-30 14:39:14,121,697,126,29.60,68.40
2026-03-30 14:39:19,70,709,134,29.60,68.50
2026-03-30 14:39:24,64,656,146,29.70,68.50
2026-03-30 14:39:29,60,684,159,29.60,68.40
2026-03-30 14:39:34,64,656,145,29.60,68.60
2026-03-30 14:39:39,52,669,145,29.70,68.50
2026-03-30 14:39:44,64,526,140,29.70,68.40
2026-03-30 14:39:49,54,696,130,29.70,68.30
2026-03-30 14:39:54,50,693,133,29.70,68.30
2026-03-30 14:39:59,48,702,121,29.70,68.40
2026-03-30 14:40:04,74,711,121,29.70,68.40
2026-03-30 14:40:09,57,688,160,29.70,68.40
2026-03-30 14:40:14,58,687,112,29.60,68.30
2026-03-30 14:40:19,47,668,133,29.70,68.30
2026-03-30 14:40:24,48,752,118,29.70,68.40
2026-03-30 14:40:29,52,695,142,29.70,68.40
2026-03-30 14:40:34,48,669,123,29.70,68.50
2026-03-30 14:40:39,48,656,126,29.70,68.40
2026-03-30 14:40:44,48,666,89,29.70,68.50
2026-03-30 14:40:49,80,666,133,29.70,68.50
2026-03-30 14:40:54,43,698,128,29.70,68.50
2026-03-30 14:40:59,55,667,127,29.70,68.50
2026-03-30 14:52:49,31,718,141,29.70,68.60
2026-03-30 14:52:54,54,719,128,29.70,68.60
2026-03-30 14:52:59,44,688,137,29.70,68.60
2026-03-30 14:53:04,43,709,143,29.80,68.60
2026-03-30 14:53:09,31,720,144,29.70,68.50
2026-03-30 14:53:14,63,714,131,29.70,68.60
2026-03-30 14:53:19,45,688,141,29.70,68.50
2026-03-30 14:53:24,55,720,144,29.80,68.50
2026-03-30 14:53:29,37,726,118,29.70,68.60
2026-03-30 14:53:34,52,690,140,29.70,68.80
2026-03-30 14:53:39,49,719,148,29.70,68.70
2026-03-30 14:53:44,58,714,154,29.70,68.70
2026-03-30 14:53:49,51,717,123,29.70,68.80
2026-03-30 14:53:54,64,688,144,29.70,68.80
2026-03-30 14:53:59,25,681,139,29.70,68.60
2026-03-30 14:54:04,38,722,144,29.80,68.70
2026-03-30 14:54:09,33,683,137,29.70,68.80
2026-03-30 14:54:14,42,717,145,29.70,68.70
2026-03-30 14:54:19,26,689,133,29.70,68.80
2026-03-30 14:54:24,59,709,145,29.70,68.60
2026-03-30 14:54:29,48,698,155,29.80,68.60
2026-03-30 14:54:34,57,688,148,29.70,68.80
2026-03-30 14:54:39,44,694,144,29.70,68.80
2026-03-30 14:54:44,47,718,125,29.80,68.80
2026-03-30 14:54:49,51,684,157,29.80,68.80
2026-03-30 14:54:54,48,688,164,29.70,68.80
2026-03-30 14:54:59,49,699,160,29.70,68.70
2026-03-30 14:55:04,61,701,133,29.70,68.70
2026-03-30 14:55:09,46,694,144,29.80,68.70
2026-03-30 14:55:14,28,705,144,29.80,68.60
2026-03-30 14:55:19,51,704,142,29.70,68.80
2026-03-30 14:55:24,54,690,159,29.70,68.80
2026-03-30 14:55:29,31,721,150,29.80,68.80
2026-03-30 14:55:34,42,706,140,29.70,68.80
2026-03-30 14:55:39,28,694,161,29.70,68.80
2026-03-30 14:55:44,63,713,157,29.80,68.80
2026-03-30 14:55:49,44,724,148,29.80,68.80
2026-03-30 14:55:54,39,710,133,29.80,68.80
2026-03-30 14:55:59,50,706,135,29.70,68.70
2026-03-30 14:56:04,50,697,138,29.70,68.80
2026-03-30 14:56:09,31,697,144,29.80,68.70
2026-03-30 14:56:14,59,699,139,29.70,68.70
2026-03-30 14:56:19,33,688,154,29.80,68.80
2026-03-30 14:56:24,61,706,144,29.70,68.70
2026-03-30 14:56:29,41,709,162,29.70,68.70
2026-03-30 14:56:34,38,702,144,29.70,68.80
2026-03-30 14:56:39,2,693,135,29.80,68.70
2026-03-30 14:56:44,43,704,163,29.80,68.70
2026-03-30 14:56:49,45,697,144,29.80,68.70
2026-03-30 14:56:54,54,704,166,29.80,68.70
2026-03-30 14:56:59,53,684,128,29.70,68.70
2026-03-30 14:57:04,49,723,161,29.70,68.70
2026-03-30 14:57:09,48,726,148,29.70,68.60
2026-03-30 14:57:14,48,713,144,29.70,68.70
2026-03-30 14:57:19,51,715,160,29.70,68.60
2026-03-30 14:57:24,47,721,144,29.80,68.70
2026-03-30 14:57:29,47,711,151,29.80,68.70
2026-03-30 14:57:34,61,725,146,29.70,68.70
2026-03-30 14:57:39,32,703,154,29.70,68.70
2026-03-30 14:57:44,126,688,169,29.80,68.80
2026-03-30 14:57:49,40,716,160,29.70,68.80
2026-03-30 14:57:54,74,714,144,29.80,68.70
2026-03-30 14:57:59,48,708,132,29.70,68.70
2026-03-30 14:58:04,54,705,142,29.80,68.80
2026-03-30 14:58:09,53,699,131,29.80,68.70
2026-03-30 14:58:14,66,730,151,29.80,68.70
2026-03-30 14:58:19,58,909,156,29.70,68.80
2026-03-30 14:58:24,55,711,146,29.80,68.70
2026-03-30 14:58:29,41,700,126,29.80,68.70
2026-03-30 14:58:34,48,707,125,29.70,68.90
2026-03-30 14:58:39,48,721,124,29.70,68.70
2026-03-30 14:58:44,69,719,132,29.80,68.60
2026-03-30 14:58:49,51,734,122,29.80,68.80
2026-03-30 14:58:54,53,733,159,29.70,68.80
2026-03-30 14:58:59,48,749,153,29.80,68.80
2026-03-30 14:59:04,42,731,134,29.70,68.70
2026-03-30 14:59:09,42,711,151,29.80,68.80
2026-03-30 14:59:14,25,743,137,29.80,68.80
2026-03-30 14:59:19,51,706,160,29.80,68.80
2026-03-30 14:59:24,27,714,157,29.80,68.80
2026-03-30 14:59:29,48,720,157,29.80,68.70
2026-03-30 14:59:34,39,725,157,29.80,68.70
2026-03-30 14:59:39,65,689,138,29.80,68.80
2026-03-30 14:59:44,53,715,143,29.80,68.80
2026-03-30 14:59:49,39,730,132,29.80,68.80
2026-03-30 14:59:54,43,726,134,29.80,68.60
2026-03-30 14:59:59,45,707,140,29.80,68.80
2026-03-30 15:00:04,64,709,144,29.80,68.80
2026-03-30 15:00:09,62,705,142,29.70,68.70
2026-03-30 15:00:14,48,752,158,29.70,68.70
2026-03-30 15:00:19,36,734,125,29.80,68.70
2026-03-30 15:00:24,14,745,122,29.80,68.70
2026-03-30 15:00:29,53,704,180,29.80,68.70
2026-03-30 15:00:34,41,712,128,29.80,68.70
2026-03-30 15:00:39,35,725,142,29.80,68.70
2026-03-30 15:00:44,215,713,165,29.80,68.70
2026-03-30 15:00:49,38,721,144,29.80,68.70
2026-03-30 15:00:54,45,742,143,29.80,68.70
2026-03-30 15:00:59,48,730,142,29.80,68.70
2026-03-30 15:01:04,46,735,155,29.80,68.70
2026-03-30 15:01:09,48,711,137,29.80,68.60
2026-03-30 15:01:14,32,755,135,29.80,68.70
2026-03-30 15:01:19,55,757,146,29.80,68.80
2026-03-30 15:01:24,48,727,141,29.70,68.80
2026-03-30 15:01:29,44,722,135,29.80,68.80
2026-03-30 15:01:34,22,720,135,29.80,68.70
2026-03-30 15:01:39,38,709,115,29.80,68.80
2026-03-30 15:01:44,37,716,144,29.80,68.60
2026-03-30 15:01:49,64,718,163,29.80,68.80
2026-03-30 15:01:54,50,717,169,29.80,68.80
2026-03-30 15:01:59,58,756,171,29.80,68.80
2026-03-30 15:02:04,64,702,140,29.80,68.60
2026-03-30 15:02:09,114,746,156,29.80,68.60
2026-03-30 15:02:14,47,730,162,29.80,68.60
2026-03-30 15:02:19,26,750,142,29.80,68.70
2026-03-30 15:02:24,51,735,156,29.80,68.60
2026-03-30 15:02:29,64,754,174,29.80,68.60
2026-03-30 15:02:34,35,735,153,29.80,68.70
2026-03-30 15:02:39,46,733,154,29.80,68.80
2026-03-30 15:02:44,54,739,167,29.80,68.80
2026-03-30 15:02:49,46,747,141,29.80,68.80
2026-03-30 15:02:54,37,750,162,29.80,68.80
2026-03-30 15:02:59,48,738,160,29.80,68.80
2026-03-30 15:03:04,0,731,145,29.80,68.70
2026-03-30 15:03:09,49,739,147,29.80,68.80
2026-03-30 15:03:14,30,728,144,29.80,68.70
2026-03-30 15:03:19,33,723,144,29.80,68.60
2026-03-30 15:03:24,58,726,163,29.80,68.70
2026-03-30 15:03:29,48,750,158,29.80,68.60
2026-03-30 15:03:34,67,755,164,29.80,68.80
2026-03-30 15:03:39,53,747,157,29.80,68.70
2026-03-30 15:03:44,51,763,147,29.80,68.70
2026-03-30 15:03:49,34,730,166,29.80,68.60
2026-03-30 15:03:54,51,746,150,29.70,68.70
2026-03-30 15:03:59,52,752,144,29.80,68.70
2026-03-30 15:04:04,48,767,144,29.80,68.70
2026-03-30 15:04:09,26,752,134,29.80,68.70
2026-03-30 15:04:14,46,753,173,29.80,68.60
2026-03-30 15:04:19,47,723,155,29.70,68.70
2026-03-30 15:04:24,32,726,150,29.80,68.80
2026-03-30 15:04:29,39,749,155,29.80,68.80
2026-03-30 15:04:35,49,763,162,29.80,68.80
2026-03-30 15:04:40,22,751,156,29.80,68.80
2026-03-30 15:04:45,47,743,135,29.80,68.80
2026-03-30 15:04:50,33,761,134,29.80,68.70
2026-03-30 15:04:55,50,750,150,29.80,68.80
2026-03-30 15:05:00,36,752,134,29.80,68.80
2026-03-30 15:05:05,26,753,149,29.80,68.80
2026-03-30 15:05:10,43,749,133,29.80,68.90
2026-03-30 15:05:15,46,752,141,29.80,68.90
2026-03-30 15:05:20,49,752,148,29.80,68.90
2026-03-30 15:05:25,48,771,144,29.80,68.90
2026-03-30 15:05:30,32,771,143,29.80,68.90
2026-03-30 15:05:35,48,720,144,29.80,68.90
2026-03-30 15:05:40,51,749,153,29.80,68.90
2026-03-30 15:05:45,48,769,137,29.80,68.90
2026-03-30 15:05:50,87,752,149,29.80,68.90
2026-03-30 15:05:55,42,769,144,29.80,68.90
2026-03-30 15:06:00,48,763,144,29.80,69.00
2026-03-30 15:06:05,43,747,155,29.80,68.90
2026-03-30 15:06:10,48,765,144,29.80,68.80
2026-03-30 15:06:15,36,743,147,29.80,68.90
2026-03-30 15:06:20,49,767,115,29.80,68.90
2026-03-30 15:06:25,61,752,128,29.80,68.90
2026-03-30 15:06:30,66,763,134,29.80,68.80
2026-03-30 15:06:35,50,743,127,29.80,68.90
2026-03-30 15:06:40,37,752,112,29.80,68.70
2026-03-30 15:06:45,29,753,121,29.80,68.90
2026-03-30 15:06:50,162,753,116,29.80,68.90
2026-03-30 15:06:55,48,783,128,29.80,68.90
2026-03-30 15:07:00,39,784,124,29.80,68.90
2026-03-30 15:07:05,57,773,144,29.80,68.70
2026-03-30 15:07:10,30,785,133,29.80,68.70
2026-03-30 15:07:15,59,809,175,29.80,68.70
2026-03-30 15:07:20,41,787,140,29.80,68.60
2026-03-30 15:07:25,64,791,94,29.80,68.70
2026-03-30 15:07:30,52,785,156,29.80,68.70
2026-03-30 15:07:35,48,788,126,29.80,68.70
2026-03-30 15:07:40,37,794,135,29.80,68.70
2026-03-30 15:07:45,52,816,120,29.80,68.70
2026-03-30 15:07:50,58,798,112,29.80,68.80
2026-03-30 15:07:55,42,816,101,29.80,68.80
2026-03-30 15:08:00,127,847,107,29.80,68.80
2026-03-30 15:08:05,27,883,123,29.80,68.80
2026-03-30 15:08:10,64,841,118,29.80,68.70
2026-03-30 15:08:15,47,973,71,29.80,68.80
2026-03-30 15:08:20,58,819,128,29.80,68.70
2026-03-30 15:08:25,52,848,94,29.80,68.70
2026-03-30 15:08:30,51,843,125,29.80,68.70
2026-03-30 15:08:35,44,823,151,29.80,68.70
2026-03-30 15:08:40,42,816,112,29.80,68.70
2026-03-30 15:08:45,42,794,123,29.80,68.80
2026-03-30 15:08:50,59,800,118,29.80,68.80
2026-03-30 15:08:55,1,814,107,29.80,68.80
2026-03-30 15:09:00,48,803,122,29.80,68.70
2026-03-30 15:09:05,56,838,117,29.80,68.80
2026-03-30 15:09:10,103,833,127,29.80,68.80
2026-03-30 15:09:15,71,826,128,29.80,68.80
2026-03-30 15:09:20,53,858,114,29.80,68.70
2026-03-30 15:09:25,51,817,150,29.80,68.80
2026-03-30 15:09:30,48,811,112,29.80,68.80
2026-03-30 15:09:35,64,795,140,29.80,68.70
2026-03-30 15:09:40,55,825,122,29.80,68.80
2026-03-30 15:09:45,64,822,112,29.80,68.70
2026-03-30 15:09:50,64,754,118,29.80,68.80
2026-03-30 15:09:55,64,832,131,29.80,68.80
2026-03-30 15:10:00,54,815,131,29.90,68.90
2026-03-30 15:10:05,58,823,135,29.80,68.80
2026-03-30 15:10:10,48,834,142,29.80,68.70
2026-03-30 15:10:15,65,813,144,29.80,68.80
2026-03-30 15:10:20,53,814,145,29.80,68.70
2026-03-30 15:10:25,35,814,138,29.80,68.70
2026-03-30 15:10:30,48,832,129,29.80,68.70
2026-03-30 15:10:35,48,823,110,29.80,68.70
2026-03-30 15:10:40,0,816,109,29.80,68.90
2026-03-30 15:10:45,55,833,125,29.80,68.90
2026-03-30 15:10:50,60,814,147,29.80,68.80
2026-03-30 15:10:55,48,823,132,29.90,68.90
2026-03-30 15:11:00,46,834,131,29.80,68.70
2026-03-30 15:11:05,54,837,144,29.80,68.90
2026-03-30 15:11:10,32,827,122,29.80,68.80
2026-03-30 15:11:15,50,834,122,29.80,68.90
2026-03-30 15:11:20,45,855,124,29.80,68.90
2026-03-30 15:11:25,42,861,123,29.80,68.80
2026-03-30 15:11:30,48,777,155,29.80,68.80
2026-03-30 15:11:35,48,816,126,29.80,68.70
2026-03-30 15:11:40,58,853,143,29.80,68.70
2026-03-30 15:11:45,61,833,144,29.80,68.90
2026-03-30 15:11:50,67,835,144,29.80,68.80
2026-03-30 15:11:55,0,854,132,29.80,68.70
2026-03-30 15:12:00,86,857,137,29.80,68.60
2026-03-30 15:12:05,58,842,162,29.80,68.70
2026-03-30 15:12:10,64,848,171,29.80,68.70
2026-03-30 15:12:15,55,838,181,29.80,68.60
2026-03-30 15:12:20,75,852,192,29.80,68.70
2026-03-30 15:12:25,78,836,181,29.90,68.70
2026-03-30 15:12:30,52,871,195,29.80,68.70
2026-03-30 15:12:35,63,848,205,29.80,68.70
2026-03-30 15:12:40,50,847,187,29.80,68.70
2026-03-30 15:12:45,76,867,208,29.80,68.70
2026-03-30 15:12:50,64,850,202,29.80,68.80
2026-03-30 15:12:55,70,848,207,29.80,68.70
2026-03-30 15:13:00,51,810,208,29.90,68.70
2026-03-30 15:13:05,64,849,175,29.80,68.80
2026-03-30 15:13:10,77,807,186,29.80,68.80
2026-03-30 15:13:15,73,845,163,29.80,68.70
2026-03-30 15:13:20,58,858,151,29.80,68.80
2026-03-30 15:13:25,22,850,155,29.80,68.80
2026-03-30 15:13:30,64,859,158,29.80,68.80
2026-03-30 15:13:35,86,832,154,29.80,68.90
2026-03-30 15:13:40,81,837,135,29.80,68.80
2026-03-30 15:13:45,79,805,143,29.80,68.90
2026-03-30 15:13:50,59,832,127,29.80,68.90
2026-03-30 15:13:55,65,834,149,29.80,68.90
2026-03-30 15:14:00,73,834,156,29.80,68.80
2026-03-30 15:14:05,53,828,144,29.80,68.90
2026-03-30 15:14:10,70,816,162,29.80,68.90
2026-03-30 15:14:15,81,806,176,29.80,68.80
2026-03-30 15:14:20,80,831,131,29.80,68.80
2026-03-30 15:14:25,80,798,129,29.80,68.70
2026-03-30 15:14:30,69,801,130,29.80,68.80
2026-03-30 15:14:35,74,828,138,29.80,68.90
2026-03-30 15:14:40,48,832,133,29.80,68.80
2026-03-30 15:14:45,63,800,140,29.80,68.60
2026-03-30 15:14:50,69,818,141,29.80,68.80
2026-03-30 15:14:55,80,810,169,29.80,68.70
2026-03-30 15:15:00,64,847,174,29.80,68.70
2026-03-30 15:15:05,60,809,160,29.80,68.80
2026-03-30 15:15:10,73,844,160,29.80,68.70
2026-03-30 15:15:15,64,816,182,29.80,68.70
2026-03-30 15:15:20,47,802,188,29.80,68.70
2026-03-30 15:15:25,80,822,162,29.80,68.50
2026-03-30 15:15:30,80,835,174,29.80,68.70
2026-03-30 15:15:35,73,834,178,29.90,68.70
2026-03-30 15:15:40,69,831,181,29.80,68.50
2026-03-30 15:15:45,51,835,187,29.80,68.60
2026-03-30 15:15:50,78,816,178,29.80,68.60
2026-03-30 15:15:55,57,834,163,29.80,68.70
2026-03-30 15:16:00,64,849,140,29.80,68.70
2026-03-30 15:16:05,64,835,125,29.80,68.60
2026-03-30 15:16:10,79,848,138,29.80,68.80
2026-03-30 15:16:15,80,739,150,29.80,68.70
2026-03-30 15:16:20,57,827,141,29.80,68.60
2026-03-30 15:16:25,65,835,159,29.80,68.60
2026-03-30 15:16:30,83,834,167,29.80,68.50
2026-03-30 15:16:35,65,851,147,29.80,68.70
2026-03-30 15:16:40,61,854,160,29.80,68.60
2026-03-30 15:16:45,95,848,163,29.80,68.60
2026-03-30 15:16:50,60,845,185,29.80,68.60
2026-03-30 15:16:55,81,839,174,29.80,68.50
2026-03-30 15:17:00,77,810,150,29.80,68.60
2026-03-30 15:17:05,80,838,150,29.80,68.60
2026-03-30 15:17:10,59,870,155,29.80,68.60
2026-03-30 15:17:15,59,847,179,29.80,68.60
2026-03-30 15:17:20,53,866,154,29.80,68.60
2026-03-30 15:17:25,78,855,151,29.80,68.60
2026-03-30 15:17:30,82,875,142,29.80,68.70
2026-03-30 15:17:35,78,848,141,29.80,68.60
2026-03-30 15:17:40,79,845,164,29.80,68.60
2026-03-30 15:17:45,80,828,160,29.80,68.60
2026-03-30 15:17:50,77,821,141,29.80,68.70
2026-03-30 15:17:55,61,877,144,29.80,68.80
2026-03-30 15:18:00,59,861,101,29.80,68.80
2026-03-30 15:18:05,80,848,144,29.80,68.70
2026-03-30 15:18:10,67,842,144,29.80,68.70
2026-03-30 15:18:15,51,853,144,29.80,68.70
2026-03-30 15:18:20,69,852,125,29.80,68.70
2026-03-30 15:18:25,57,831,128,29.80,68.60
2026-03-30 15:18:30,83,852,146,29.80,68.70
2026-03-30 15:18:35,78,857,128,29.80,68.60
2026-03-30 15:18:40,64,846,144,29.80,68.70
2026-03-30 15:18:45,73,847,160,29.80,68.60
2026-03-30 15:18:50,80,846,146,29.80,68.60
2026-03-30 15:18:55,60,831,161,29.80,68.60
2026-03-30 15:19:00,48,838,145,29.80,68.60
2026-03-30 15:19:06,80,826,143,29.80,68.60
2026-03-30 15:19:11,77,853,135,29.80,68.60
2026-03-30 15:19:16,60,842,163,29.80,68.50
2026-03-30 15:19:21,67,842,158,29.80,68.60
2026-03-30 15:19:26,58,829,179,29.80,68.60
2026-03-30 15:19:31,62,858,169,29.80,68.50
2026-03-30 15:19:36,80,825,168,29.80,68.60
2026-03-30 15:19:41,76,823,166,29.80,68.60
2026-03-30 15:19:46,79,836,172,29.80,68.60
2026-03-30 15:19:51,54,838,183,29.80,68.60
2026-03-30 15:19:56,58,834,163,29.80,68.60
2026-03-30 15:20:01,79,835,171,29.80,68.70
2026-03-30 15:20:06,64,832,171,29.80,68.60
2026-03-30 15:20:11,59,816,163,29.80,68.70
2026-03-30 15:20:16,83,834,203,29.80,68.60
2026-03-30 15:20:21,74,835,175,29.80,68.60
2026-03-30 15:20:26,54,807,206,29.80,68.80
2026-03-30 15:20:31,50,825,177,29.80,68.70
2026-03-30 15:20:36,53,845,178,29.80,68.60
2026-03-30 15:20:41,66,837,193,29.80,68.60
2026-03-30 15:20:46,48,820,157,29.80,68.60
2026-03-30 15:20:51,110,818,144,29.80,68.70
2026-03-30 15:20:56,69,828,166,29.80,68.60
2026-03-30 15:21:01,50,840,162,29.80,68.70
2026-03-30 15:21:06,66,833,170,29.80,68.60
2026-03-30 15:21:11,81,849,201,29.80,68.60
2026-03-30 15:21:16,50,833,179,29.80,68.60
2026-03-30 15:21:21,51,846,186,29.80,68.60
2026-03-30 15:21:26,83,829,157,29.80,68.70
2026-03-30 15:21:31,55,834,152,29.80,68.60
2026-03-30 15:21:36,62,853,181,29.80,68.70
2026-03-30 15:21:41,76,862,176,29.80,68.60
2026-03-30 15:21:46,52,880,176,29.80,68.60
2026-03-30 15:21:51,51,875,159,29.80,68.60
2026-03-30 15:21:56,80,881,158,29.80,68.60
2026-03-30 15:22:01,86,880,144,29.80,68.60
2026-03-30 15:22:06,67,865,181,29.80,68.70
2026-03-30 15:22:11,74,863,147,29.80,68.60
2026-03-30 15:22:16,64,849,175,29.80,68.70
2026-03-30 15:22:21,63,859,174,29.80,68.70
2026-03-30 15:22:26,79,858,177,29.80,68.60
2026-03-30 15:22:31,74,851,165,29.80,68.70
2026-03-30 15:22:36,67,839,173,29.80,68.70
2026-03-30 15:22:41,87,859,141,29.70,68.70
2026-03-30 15:22:46,55,869,163,29.80,68.70
2026-03-30 15:22:51,64,897,170,29.80,68.70
2026-03-30 15:22:56,64,850,169,29.80,68.70
2026-03-30 15:23:01,80,855,179,29.80,68.60
2026-03-30 15:23:06,63,848,187,29.80,68.70
2026-03-30 15:23:11,59,848,176,29.80,68.70
2026-03-30 15:23:16,32,890,178,29.80,68.70
2026-03-30 15:23:21,57,848,177,29.80,68.70
2026-03-30 15:23:26,68,869,175,29.80,68.60
2026-03-30 15:23:31,55,875,169,29.80,68.80
2026-03-30 15:23:36,66,838,153,29.80,68.60
2026-03-30 15:23:41,69,862,171,29.80,68.60
2026-03-30 15:23:46,64,816,153,29.80,68.60
2026-03-30 15:23:51,70,853,140,29.80,68.80
2026-03-30 15:23:56,67,902,155,29.80,68.60
2026-03-30 15:24:01,75,864,143,29.80,68.60
2026-03-30 15:24:06,74,886,150,29.80,68.80
2026-03-30 15:24:11,77,887,157,29.80,68.70
2026-03-30 15:24:16,75,855,143,29.80,68.70
2026-03-30 15:24:21,59,842,144,29.80,68.70
2026-03-30 15:24:26,39,871,159,29.80,68.80
2026-03-30 15:24:31,64,845,128,29.80,68.60
2026-03-30 15:24:36,58,886,155,29.80,68.70
2026-03-30 15:24:41,59,862,169,29.80,68.60
2026-03-30 15:24:46,60,865,144,29.80,68.70
2026-03-30 15:24:51,64,894,154,29.80,68.60
2026-03-30 15:24:56,77,874,162,29.80,68.70
2026-03-30 15:25:01,69,866,166,29.80,68.70
2026-03-30 15:25:06,60,875,161,29.80,68.70
2026-03-30 15:25:11,68,848,145,29.80,68.80
2026-03-30 15:25:16,66,860,170,29.80,68.70
2026-03-30 15:25:21,64,873,166,29.80,68.70
2026-03-30 15:25:26,73,837,149,29.80,68.70
2026-03-30 15:25:31,71,832,174,29.80,68.60
2026-03-30 15:25:36,16,859,176,29.80,68.70
2026-03-30 15:25:41,48,868,163,29.80,68.70
2026-03-30 15:25:46,57,871,175,29.80,68.60
2026-03-30 15:25:51,64,846,176,29.70,68.50
2026-03-30 15:25:56,64,883,183,29.80,68.60
2026-03-30 15:26:01,75,846,183,29.80,68.50
2026-03-30 15:26:06,67,834,173,29.80,68.60
2026-03-30 15:26:11,52,843,160,29.80,68.60
2026-03-30 15:26:16,54,863,183,29.80,68.70
2026-03-30 15:26:21,58,873,177,29.80,68.60
2026-03-30 15:26:26,74,870,155,29.80,68.70
2026-03-30 15:26:31,76,893,155,29.80,68.50
2026-03-30 15:26:36,80,887,148,29.80,68.70
2026-03-30 15:26:41,48,895,149,29.80,68.60
2026-03-30 15:26:46,54,887,153,29.80,68.50
2026-03-30 15:26:51,62,901,172,29.80,68.50
2026-03-30 15:26:56,80,870,149,29.70,68.50
2026-03-30 15:27:01,80,838,146,29.80,68.50
2026-03-30 15:27:06,57,854,136,29.70,68.60
2026-03-30 15:27:11,80,839,172,29.80,68.50
2026-03-30 15:27:16,70,861,161,29.80,68.60
2026-03-30 15:27:21,63,834,184,29.80,68.60
2026-03-30 15:27:26,66,859,170,29.80,68.60
2026-03-30 15:27:31,69,830,167,29.80,68.60
2026-03-30 15:27:36,64,839,197,29.70,68.60
2026-03-30 15:27:41,74,838,162,29.70,68.50
2026-03-30 15:27:46,74,823,186,29.70,68.60
2026-03-30 15:27:51,53,794,183,29.80,68.50
2026-03-30 15:27:56,61,746,194,29.80,68.60
2026-03-30 15:28:01,61,711,206,29.80,68.70
2026-03-30 15:28:06,68,703,222,29.80,68.70
2026-03-30 15:28:11,53,755,202,29.70,68.60
2026-03-30 15:28:16,49,710,219,29.80,68.70
2026-03-30 15:28:21,79,750,249,29.80,68.70
2026-03-30 15:28:26,15,746,213,29.80,68.60
2026-03-30 15:28:31,76,707,243,29.80,68.60
2026-03-30 15:28:36,69,681,256,29.70,68.50
2026-03-30 15:28:41,59,643,237,29.80,68.60
2026-03-30 15:28:46,80,621,187,29.80,68.50
2026-03-30 15:28:51,68,630,121,29.70,68.60
2026-03-30 15:28:56,57,637,126,29.80,68.60
2026-03-30 15:29:01,53,628,67,29.80,68.50
2026-03-30 15:29:06,55,654,114,29.80,68.60
2026-03-30 15:29:11,45,658,112,29.70,68.60
2026-03-30 15:29:16,56,638,103,29.80,68.70
2026-03-30 15:29:21,54,969,173,29.80,68.70
2026-03-30 15:29:26,61,1357,176,29.80,68.70
2026-03-30 15:29:31,59,1471,177,29.80,68.80
2026-03-30 15:29:36,226,1555,145,29.80,68.70
2026-03-30 15:29:41,66,1665,160,29.80,68.80
2026-03-30 15:29:46,49,1697,159,29.80,68.60
2026-03-30 15:29:51,48,1718,135,29.80,68.60
2026-03-30 15:29:56,49,1744,132,29.80,68.50
2026-03-30 15:30:01,70,1780,144,29.80,68.60
2026-03-30 15:30:06,62,1808,138,29.80,68.70
2026-03-30 15:30:11,49,1679,51,29.80,68.50
2026-03-30 15:30:16,79,1350,49,29.80,68.60
2026-03-30 15:30:21,65,1269,33,29.80,68.80
2026-03-30 15:30:26,58,1345,18,29.80,68.80
2026-03-30 15:30:31,97,1356,69,29.80,68.90
2026-03-30 15:30:36,87,1398,57,29.80,69.00
2026-03-30 15:30:41,80,0,160,29.80,68.90
2026-03-30 15:30:46,64,1428,206,29.80,68.90
2026-03-30 15:30:51,75,1490,177,29.80,68.70
2026-03-30 15:30:56,103,1526,77,29.80,68.60
2026-03-30 15:31:01,102,1437,74,29.80,68.70
2026-03-30 15:31:06,75,1477,50,29.80,68.70
2026-03-30 15:31:11,96,1355,46,29.80,68.70
2026-03-30 15:31:16,80,1409,48,29.80,68.60
2026-03-30 15:31:21,94,1171,65,29.80,68.60
2026-03-30 15:31:26,157,1334,71,29.90,69.00
2026-03-30 15:37:20,78,1445,29,29.90,67.60
2026-03-30 15:37:25,80,1479,48,29.90,67.40
2026-03-30 15:37:30,74,1581,45,29.90,67.50
2026-03-30 15:37:35,96,1600,50,29.90,67.50
2026-03-30 15:37:40,85,1582,54,29.90,67.70
2026-03-30 15:37:45,74,1565,48,29.80,67.60
2026-03-30 15:37:50,75,1607,57,29.90,67.60
2026-03-30 15:37:55,64,1525,48,29.90,67.70
2026-03-30 15:38:00,65,1430,48,29.90,67.60
2026-03-30 15:38:05,69,1456,42,29.90,67.60
2026-03-30 15:38:10,74,1515,44,29.90,67.50
2026-03-30 15:38:15,82,1441,49,29.90,67.60
2026-03-30 15:38:20,80,1321,48,29.90,67.50
2026-03-30 15:38:25,80,1450,53,29.90,67.50
2026-03-30 15:38:30,86,1535,50,29.90,67.50
2026-03-30 15:38:35,68,1506,47,29.80,67.50
2026-03-30 15:38:40,95,1395,32,29.80,67.50
2026-03-30 15:38:45,176,1460,47,29.90,67.60
2026-03-30 15:38:50,67,1535,31,29.80,67.40
2026-03-30 15:38:55,72,1435,33,29.90,67.60
2026-03-30 15:39:00,68,1369,48,29.80,67.40
2026-03-30 15:39:05,91,1376,48,29.90,67.50
2026-03-30 15:39:10,87,1344,53,29.80,67.40
2026-03-30 15:39:15,81,1523,80,29.80,67.40
2026-03-30 15:39:20,80,1489,48,29.80,67.50
2026-03-30 15:39:25,74,1509,36,29.80,67.50
2026-03-30 15:39:30,64,1520,26,29.80,67.50
2026-03-30 15:39:35,51,1535,41,29.90,67.50
2026-03-30 15:39:40,64,1473,29,29.80,67.50
2026-03-30 15:39:45,67,1521,31,29.80,67.50
2026-03-30 15:39:50,68,1498,41,29.80,67.40
2026-03-30 15:39:55,97,1626,43,29.80,67.50
2026-03-30 15:40:00,107,1495,59,29.80,67.70
2026-03-30 15:40:05,112,1644,43,29.80,67.60
2026-03-30 15:40:10,116,1499,51,29.80,67.50
2026-03-30 15:40:15,86,1504,38,29.80,67.50
2026-03-30 15:40:20,93,1533,38,29.80,67.60
2026-03-30 15:40:25,87,1530,48,29.80,67.70
2026-03-30 15:40:30,65,1522,34,29.80,67.60
2026-03-30 15:40:35,60,1527,37,29.80,67.60
2026-03-30 15:40:40,65,1475,34,29.80,67.70
2026-03-30 15:40:45,0,1472,35,29.80,67.50
2026-03-30 15:40:50,80,1561,38,29.80,67.60
2026-03-30 15:40:55,74,1603,46,29.70,67.60
2026-03-30 15:41:00,80,1463,31,29.80,67.70
2026-03-30 15:41:05,63,1431,26,29.80,67.60
2026-03-30 15:41:10,33,1514,28,29.80,67.70
2026-03-30 15:41:15,65,1459,42,29.80,67.70
2026-03-30 15:41:20,60,1520,160,29.80,67.60
2026-03-30 15:41:25,64,1501,20,29.80,67.70
2026-03-30 15:41:30,101,1320,16,29.80,67.70
2026-03-30 15:41:35,62,1269,13,29.80,67.70
2026-03-30 15:41:40,49,1328,12,29.70,67.70
2026-03-30 15:41:45,45,1442,10,29.80,67.60
2026-03-30 15:41:50,52,1457,26,29.70,67.70
2026-03-30 15:41:55,64,1504,21,29.70,67.60
2026-03-30 15:42:01,53,1487,29,29.80,67.70
2026-03-30 15:42:06,58,1416,39,29.70,67.70
2026-03-30 15:42:11,80,1461,49,29.80,67.60
2026-03-30 15:42:16,64,1535,32,29.70,67.80
2026-03-30 15:42:21,64,1422,47,29.70,67.50
2026-03-30 15:42:26,70,1527,32,29.70,67.80
2026-03-30 15:42:31,57,1465,38,29.80,67.60
2026-03-30 15:42:36,57,1500,37,29.80,67.80
2026-03-30 15:42:41,111,1555,42,29.70,67.70
2026-03-30 15:42:46,95,1530,61,29.70,67.70
2026-03-30 15:42:51,83,1558,60,29.70,67.70
2026-03-30 15:42:56,91,1631,59,29.70,67.80
2026-03-30 15:43:01,97,1559,53,29.70,67.90
2026-03-30 15:43:06,93,1592,46,29.80,67.90
2026-03-30 15:43:11,75,1587,35,29.70,67.90
2026-03-30 15:43:16,62,1472,36,29.70,67.80
2026-03-30 15:43:21,64,1557,19,29.80,68.00
2026-03-30 15:43:26,69,1632,35,29.80,67.90
2026-03-30 15:43:31,71,1619,47,29.70,67.90
2026-03-30 15:43:36,64,1503,41,29.80,67.80
2026-03-30 15:43:41,62,1527,43,29.80,67.80
2026-03-30 15:43:46,51,1494,43,29.70,67.90
2026-03-30 15:43:51,60,1600,30,29.70,67.80
2026-03-30 15:43:56,89,1582,18,29.70,67.90
2026-03-30 15:44:01,50,1591,26,29.70,67.90
2026-03-30 15:44:06,57,1559,29,29.70,68.00
2026-03-30 15:44:11,69,1587,35,29.70,67.90
2026-03-30 15:44:16,65,1563,40,29.70,68.00
2026-03-30 15:44:21,84,1318,43,29.80,68.10
2026-03-30 15:44:26,48,1408,30,29.70,68.00
2026-03-30 15:44:31,66,1429,28,29.70,68.00
2026-03-30 15:44:36,79,1529,32,29.70,68.00
2026-03-30 15:44:41,67,1483,21,29.70,68.00
2026-03-30 15:44:46,80,1454,28,29.70,68.00
2026-03-30 15:44:51,118,1399,33,29.80,68.00
2026-03-30 15:44:56,112,1582,24,29.70,68.00
2026-03-30 15:45:01,31,1535,16,29.70,68.00
2026-03-30 15:45:06,118,1456,37,29.70,68.10
2026-03-30 15:45:11,90,1515,36,29.70,68.10
2026-03-30 15:45:16,75,1601,15,29.70,68.00
2026-03-30 15:45:21,79,1632,26,29.70,68.00
2026-03-30 15:45:26,74,1525,23,29.70,68.00
2026-03-30 15:45:31,107,1633,20,29.70,68.00
2026-03-30 15:45:36,105,1631,37,29.70,67.90
2026-03-30 15:45:41,97,1510,42,29.70,68.00
2026-03-30 15:45:46,95,1469,30,29.70,68.00
2026-03-30 15:45:53,93,1530,45,29.70,68.00
2026-03-30 15:45:58,109,1478,48,29.70,68.00
2026-03-30 15:46:03,114,1408,38,29.70,68.00
2026-03-30 15:46:08,130,1425,64,29.70,68.00
2026-03-30 15:46:13,144,1516,59,29.70,68.00
2026-03-30 15:46:18,128,1597,46,29.80,68.10
2026-03-30 15:46:23,122,1535,57,29.80,68.10
2026-03-30 15:46:28,96,1526,27,29.80,68.00
2026-03-30 15:46:33,91,1463,64,29.70,68.00
2026-03-30 15:46:38,94,1344,0,29.70,68.00
2026-03-30 15:46:43,93,1515,50,29.70,68.10
2026-03-30 15:46:48,60,1415,36,29.70,68.20
2026-03-30 15:46:53,128,1453,48,29.70,68.00
2026-03-30 15:46:58,128,1529,0,29.70,68.00
2026-03-30 15:47:03,136,1379,48,29.80,68.00
2026-03-30 15:47:08,133,1459,55,29.70,68.10
2026-03-30 15:47:13,118,1606,55,29.70,67.90
2026-03-30 15:47:18,117,1413,48,29.70,68.10
2026-03-30 15:47:23,112,1474,55,29.80,68.00
2026-03-30 15:47:28,110,1488,49,29.80,68.00
2026-03-30 15:47:33,109,1535,55,29.70,68.00
2026-03-30 15:47:38,115,1670,51,29.70,68.00
2026-03-30 15:47:43,114,1514,63,29.80,68.10
2026-03-30 15:47:48,108,1479,90,29.70,68.10
2026-03-30 15:47:53,83,1520,54,29.70,68.00
2026-03-30 15:47:58,128,1437,58,29.70,68.10
2026-03-30 15:48:03,127,1535,44,29.70,68.10
2026-03-30 15:48:08,118,1577,51,29.70,68.10
2026-03-30 15:48:13,112,1456,41,29.80,68.10
2026-03-30 15:48:18,100,1554,48,29.70,68.10
2026-03-30 15:48:23,110,1495,41,29.70,67.90
2026-03-30 15:48:28,121,1619,35,29.70,68.10
2026-03-30 15:48:33,112,1635,49,29.70,68.00
2026-03-30 15:48:38,122,1525,49,29.70,68.00
2026-03-30 15:48:43,91,1394,48,29.70,68.00
2026-03-30 15:48:48,101,1401,50,29.70,67.90
2026-03-30 15:48:53,123,1344,49,29.70,68.00
2026-03-30 15:48:58,99,1342,47,29.70,68.00
2026-03-30 15:49:03,94,1499,37,29.70,67.90
2026-03-30 15:49:08,100,1535,43,29.70,67.90
2026-03-30 15:49:13,81,1558,27,29.70,67.90
2026-03-30 15:49:18,93,1406,35,29.80,68.00
2026-03-30 15:49:23,96,1429,33,29.70,67.90
2026-03-30 15:49:28,76,1531,42,29.70,67.90
2026-03-30 15:49:33,83,1445,46,29.70,67.90
2026-03-30 15:49:38,113,1505,51,29.70,68.00
2026-03-30 15:49:43,97,1535,50,29.70,68.00
2026-03-30 15:49:48,100,1601,73,29.70,67.80
2026-03-30 15:49:53,113,1649,50,29.70,68.00
2026-03-30 15:49:58,109,1471,0,29.70,68.00
2026-03-30 15:50:03,121,1395,45,29.70,67.90
2026-03-30 15:50:08,98,1501,43,29.70,68.00
2026-03-30 15:50:13,144,1465,49,29.70,67.90
2026-03-30 15:50:18,101,1379,36,29.70,67.90
2026-03-30 15:50:23,33,1459,38,29.70,68.10
2026-03-30 15:50:28,93,1393,74,29.70,68.00
2026-03-30 15:50:33,80,1382,252,29.70,67.90
2026-03-30 15:50:38,76,1605,38,29.70,67.90
2026-03-30 15:50:43,79,1460,56,29.70,68.00
2026-03-30 15:50:48,67,1520,45,29.70,68.10
2026-03-30 15:50:53,87,1440,48,29.70,68.00
2026-03-30 15:50:58,112,1462,48,29.70,67.90
2026-03-30 15:51:03,103,1532,0,29.70,68.10
2026-03-30 15:51:08,123,1598,49,29.70,68.00
2026-03-30 15:51:13,107,1520,58,29.70,68.00
2026-03-30 15:51:18,99,1488,61,29.70,68.00
2026-03-30 15:51:23,111,1504,46,29.70,68.10
2026-03-30 15:51:28,94,1511,34,29.70,68.10
2026-03-30 15:51:33,86,1470,33,29.80,68.00
2026-03-30 15:51:38,108,1472,41,29.70,68.20
2026-03-30 15:51:43,90,1581,47,29.70,68.00
2026-03-30 15:51:48,94,1598,48,29.70,68.00
2026-03-30 15:51:53,83,1560,46,29.70,68.00
2026-03-30 15:51:58,81,1573,44,29.70,68.00
2026-03-30 15:52:03,78,1535,46,29.70,68.10
2026-03-30 15:52:08,33,1577,31,29.70,68.00
2026-03-30 15:52:13,65,1590,29,29.70,68.00
2026-03-30 15:52:18,72,1501,30,29.70,67.90
2026-03-30 15:52:23,80,1519,58,29.70,68.00
2026-03-30 15:52:28,98,1381,58,29.70,68.00
2026-03-30 15:52:33,107,1481,33,29.70,68.00
2026-03-30 15:52:38,86,1535,41,29.70,68.00
2026-03-30 15:52:43,118,1561,45,29.70,67.80
2026-03-30 15:52:48,109,1613,43,29.70,67.90
2026-03-30 15:52:53,82,1577,31,29.70,68.00
2026-03-30 15:52:58,95,1535,45,29.70,68.00
2026-03-30 15:53:03,98,1559,36,29.70,68.00
2026-03-30 15:53:08,88,1564,44,29.70,68.10
2026-03-30 15:53:13,91,1508,47,29.70,68.00
2026-03-30 15:53:18,83,1561,39,29.70,68.00
2026-03-30 15:53:23,94,1452,47,29.70,68.00
2026-03-30 15:53:28,112,1533,37,29.70,68.00
2026-03-30 15:53:33,112,1610,38,29.70,68.10
2026-03-30 15:53:38,208,1618,48,29.70,68.10
2026-03-30 15:53:43,58,1392,39,29.70,68.00
2026-03-30 15:53:48,80,1440,38,29.70,68.20
2026-03-30 15:53:53,112,1427,34,29.70,67.90
2026-03-30 15:53:58,123,1581,46,29.70,68.00
2026-03-30 15:54:03,89,1595,48,29.70,67.90
2026-03-30 15:54:08,92,1579,37,29.70,68.10
2026-03-30 15:54:13,91,1534,49,29.70,68.00
2026-03-30 15:54:18,103,1477,48,29.80,68.20
2026-03-30 15:54:23,93,1505,55,29.70,68.20
2026-03-30 15:54:28,64,1532,43,29.70,68.20
2026-03-30 15:54:33,110,1504,48,29.70,68.20
2026-03-30 15:54:38,84,1578,29,29.70,68.00
2026-03-30 15:54:43,80,1534,42,29.70,68.10
2026-03-30 15:54:48,103,1560,64,29.70,68.10
2026-03-30 15:54:53,101,1625,53,29.70,68.10
2026-03-30 15:54:58,91,1482,46,29.70,68.10
2026-03-30 15:55:03,110,1345,48,29.70,68.10
2026-03-30 15:55:08,109,1514,52,29.70,68.10
2026-03-30 15:55:13,105,1453,39,29.70,68.10
2026-03-30 15:55:18,94,1535,46,29.70,68.30
2026-03-30 15:55:24,78,1487,50,29.70,68.20
2026-03-30 15:55:29,85,1366,48,29.70,68.10
2026-03-30 15:55:34,86,1328,48,29.70,68.10
2026-03-30 15:55:39,75,1518,48,29.70,68.00
2026-03-30 15:55:44,64,1563,52,29.70,68.10
2026-03-30 15:55:49,67,1625,43,29.70,68.10
2026-03-30 15:55:54,85,1456,30,29.70,68.10
2026-03-30 15:55:59,89,1465,27,29.70,68.10
2026-03-30 15:56:04,91,1446,23,29.70,68.20
2026-03-30 15:56:09,97,1435,27,29.70,68.20
2026-03-30 15:56:14,95,1433,14,29.70,68.20
2026-03-30 15:56:19,82,1507,35,29.70,68.20
2026-03-30 15:56:24,80,1535,41,29.70,68.10
2026-03-30 15:56:29,67,1558,43,29.70,68.20
2026-03-30 15:56:34,79,1483,31,29.70,68.20
2026-03-30 15:56:39,67,1565,41,29.70,68.20
2026-03-30 15:56:44,77,1563,198,29.70,68.30
2026-03-30 15:56:49,117,1406,47,29.70,68.20
2026-03-30 15:56:54,93,1488,45,29.70,68.10
2026-03-30 15:56:59,73,1490,27,29.70,68.30
2026-03-30 15:57:04,96,1383,38,29.70,68.20
2026-03-30 15:57:09,98,1578,35,29.70,68.20
2026-03-30 15:57:14,80,1563,41,29.70,68.30
2026-03-30 15:57:19,74,1619,50,29.70,68.20
2026-03-30 15:57:24,70,1622,34,29.70,68.20
2026-03-30 15:57:29,93,1425,37,29.70,68.20
2026-03-30 15:57:34,84,1439,47,29.70,68.20
2026-03-30 15:57:39,83,1535,40,29.70,68.10
2026-03-30 15:57:44,108,1406,37,29.70,68.10
2026-03-30 15:57:49,88,1504,45,29.70,68.20
2026-03-30 15:57:54,81,1487,34,29.70,68.20
2026-03-30 15:57:59,109,1295,38,29.70,68.20
2026-03-30 15:58:04,90,1429,42,29.70,68.20
2026-03-30 15:58:09,103,1393,44,29.70,68.30
2026-03-30 15:58:14,84,1517,40,29.70,68.30
2026-03-30 15:58:19,108,1581,49,29.70,68.30
2026-03-30 15:58:24,91,1442,47,29.70,68.20
2026-03-30 15:58:29,112,1535,34,29.70,68.30
2026-03-30 15:58:34,103,1610,48,29.70,68.40
2026-03-30 15:58:39,114,1580,37,29.70,68.20
2026-03-30 15:58:44,91,1535,46,29.70,68.20
2026-03-30 15:58:51,74,1375,21,29.70,68.30
2026-03-30 15:58:56,91,1519,43,29.70,68.30
2026-03-30 15:59:01,85,1553,34,29.70,68.30
2026-03-30 15:59:06,97,1616,48,29.70,68.20
2026-03-30 15:59:11,86,1642,51,29.70,68.30
2026-03-30 15:59:16,89,1600,48,29.70,68.20
2026-03-30 15:59:21,74,1600,37,29.70,68.30
2026-03-30 15:59:26,80,1520,45,29.70,68.20
2026-03-30 15:59:31,73,1531,42,29.70,68.30
2026-03-30 15:59:36,82,1495,43,29.70,68.20
2026-03-30 15:59:41,77,1552,53,29.70,68.30
2026-03-30 15:59:46,81,1505,47,29.70,68.30
2026-03-30 15:59:51,81,1601,51,29.70,68.30
2026-03-30 15:59:56,73,1492,48,29.70,68.30
2026-03-30 16:00:01,112,1491,48,29.70,68.20
2026-03-30 16:00:06,93,1611,53,29.70,68.30
2026-03-30 16:00:11,101,1633,37,29.70,68.20
2026-03-30 16:00:16,90,1615,46,29.70,68.30
2026-03-30 16:00:21,77,1631,54,29.70,68.20
2026-03-30 16:00:26,137,1472,48,29.70,68.20
2026-03-30 16:00:31,118,1570,46,29.70,68.20
2026-03-30 16:00:36,117,1639,87,29.70,68.30
2026-03-30 16:00:41,112,1510,45,29.70,68.40
2026-03-30 16:00:46,108,1603,45,29.70,68.40
2026-03-30 16:00:51,80,1574,40,29.70,68.20
2026-03-30 16:00:56,80,1401,43,29.70,68.30
2026-03-30 16:01:01,102,1263,42,29.70,68.40
2026-03-30 16:01:06,114,1454,99,29.70,68.20
2026-03-30 16:01:11,114,1598,48,29.70,68.30
2026-03-30 16:01:16,96,1602,49,29.70,68.40
2026-03-30 16:01:21,91,1534,33,29.70,68.30
2026-03-30 16:01:26,87,1524,41,29.70,68.30
2026-03-30 16:01:31,86,1516,53,29.70,68.30
2026-03-30 16:01:36,82,1431,43,29.70,68.30
2026-03-30 16:01:41,80,1558,49,29.70,68.40
2026-03-30 16:01:46,77,1595,49,29.70,68.30
2026-03-30 16:01:51,101,1418,49,29.70,68.30
2026-03-30 16:01:56,112,1491,53,29.70,68.30
2026-03-30 16:02:01,115,1634,45,29.70,68.20
2026-03-30 16:02:06,102,1566,46,29.70,68.40
2026-03-30 16:02:11,129,1588,43,29.70,68.40
2026-03-30 16:02:16,91,1385,29,29.70,68.30
2026-03-30 16:02:21,99,1393,48,29.70,68.30
2026-03-30 16:02:26,103,1531,54,29.70,68.30
2026-03-30 16:02:31,130,1505,48,29.70,68.40
2026-03-30 16:02:36,107,1535,49,29.70,68.40
2026-03-30 16:02:41,90,1435,45,29.70,68.40
2026-03-30 16:02:46,114,1367,48,29.70,68.40
2026-03-30 16:02:51,108,1456,51,29.70,68.50
2026-03-30 16:02:56,91,1456,53,29.70,68.50
2026-03-30 16:03:01,109,1459,48,29.70,68.50
2026-03-30 16:03:06,81,1517,49,29.70,68.50
2026-03-30 16:03:11,97,1503,48,29.70,68.50
2026-03-30 16:03:16,106,1520,30,29.70,68.40
2026-03-30 16:03:21,86,1584,31,29.70,68.40
2026-03-30 16:03:26,98,1527,48,29.70,68.40
2026-03-30 16:03:31,89,1587,39,29.70,68.40
2026-03-30 16:03:36,91,1601,35,29.70,68.40
2026-03-30 16:03:41,103,1424,44,29.70,68.40
2026-03-30 16:03:46,101,1526,33,29.70,68.40
2026-03-30 16:03:51,91,1330,42,29.70,68.40
2026-03-30 16:03:56,99,1488,48,29.70,68.40
2026-03-30 16:04:01,75,1394,34,29.70,68.60
2026-03-30 16:04:06,101,1405,37,29.70,68.40
2026-03-30 16:04:11,102,1605,39,29.70,68.50
2026-03-30 16:04:16,80,1651,51,29.70,68.50
2026-03-30 16:04:21,72,1571,26,29.70,68.60
2026-03-30 16:04:26,88,1595,48,29.70,68.50
2026-03-30 16:04:31,97,1520,42,29.70,68.60
2026-03-30 16:04:36,103,1562,48,29.70,68.40
2026-03-30 16:04:41,84,1535,42,29.70,68.40
2026-03-30 16:04:46,99,1473,0,29.70,68.60
2026-03-30 16:04:51,111,1629,51,29.70,68.40
2026-03-30 16:04:56,90,1611,42,29.70,68.40
2026-03-30 16:05:01,70,1603,37,29.70,68.60
2026-03-30 16:05:06,62,1615,28,29.70,68.50
2026-03-30 16:05:11,76,1554,32,29.70,68.50
2026-03-30 16:05:16,99,1360,42,29.70,68.50
2026-03-30 16:05:21,105,1459,47,29.70,68.40
2026-03-30 16:05:26,98,1454,45,29.70,68.50
2026-03-30 16:05:31,107,1360,55,29.70,68.50
2026-03-30 16:05:36,85,1519,51,29.70,68.40
2026-03-30 16:05:43,83,1424,54,29.70,68.50
2026-03-30 16:05:48,68,1527,45,29.70,68.50
2026-03-30 16:05:53,65,1489,43,29.70,68.40
2026-03-30 16:05:58,83,1519,30,29.70,68.40
2026-03-30 16:06:03,76,1584,32,29.70,68.50
2026-03-30 16:06:08,74,1562,42,29.70,68.40
2026-03-30 16:06:13,69,1535,51,29.70,68.40
2026-03-30 16:06:18,71,1614,35,29.70,68.40
2026-03-30 16:06:23,73,1574,43,29.70,68.50
2026-03-30 16:06:28,65,1561,28,29.70,68.50
2026-03-30 16:06:33,71,1535,29,29.70,68.50
2026-03-30 16:06:38,77,1487,32,29.70,68.50
2026-03-30 16:06:43,93,1514,51,29.70,68.30
2026-03-30 16:06:48,101,1598,43,29.70,68.40
2026-03-30 16:06:53,80,1631,32,29.70,68.50
2026-03-30 16:06:58,71,1621,26,29.70,68.50
2026-03-30 16:07:03,93,1466,48,29.70,68.50
2026-03-30 16:07:08,95,1630,47,29.70,68.50
2026-03-30 16:07:13,81,1582,42,29.70,68.50
2026-03-30 16:07:18,85,1505,48,29.70,68.50
2026-03-30 16:07:23,80,1651,35,29.70,68.40
2026-03-30 16:07:28,74,1610,31,29.70,68.60
2026-03-30 16:07:33,124,1634,42,29.70,68.60
2026-03-30 16:07:38,112,1648,48,29.70,68.50
2026-03-30 16:07:44,97,1569,34,29.70,68.40
2026-03-30 16:07:49,99,1395,52,29.70,68.60
2026-03-30 16:07:54,80,1471,43,29.70,68.50
2026-03-30 16:07:59,109,1375,45,29.70,68.60
2026-03-30 16:08:04,91,1488,44,29.70,68.50
2026-03-30 16:08:09,80,1567,41,29.70,68.60
2026-03-30 16:08:14,71,1581,44,29.70,68.50
2026-03-30 16:08:19,86,1520,48,29.70,68.50
2026-03-30 16:08:24,91,1475,37,29.70,68.40
2026-03-30 16:08:29,127,1563,48,29.70,68.60
2026-03-30 16:08:34,95,1626,44,29.70,68.60
2026-03-30 16:08:39,113,1459,48,29.70,68.50
2026-03-30 16:08:44,110,1611,38,29.70,68.50
2026-03-30 16:08:49,215,1583,47,29.70,68.60
2026-03-30 16:08:54,89,1568,34,29.70,68.60
2026-03-30 16:08:59,103,1520,48,29.70,68.60
2026-03-30 16:09:04,97,1510,43,29.70,68.50
2026-03-30 16:09:24,64,1584,30,29.70,68.70
2026-03-30 16:09:29,67,1628,30,29.70,68.70
2026-03-30 16:09:34,64,1615,22,29.70,68.60
2026-03-30 16:09:39,53,1370,17,29.70,68.60
2026-03-30 16:09:44,66,1371,17,29.70,68.60
2026-03-30 16:09:49,55,1535,17,29.70,68.50
2026-03-30 16:09:54,54,1497,21,29.70,68.60
2026-03-30 16:09:59,71,1505,19,29.70,68.60
2026-03-30 16:10:04,0,1554,27,29.70,68.70
2026-03-30 16:10:09,79,1561,37,29.70,68.60
2026-03-30 16:10:14,64,1516,34,29.70,68.70
2026-03-30 16:10:19,62,1638,32,29.70,68.60
2026-03-30 16:10:24,61,1606,13,29.70,68.60
2026-03-30 16:10:29,64,1595,22,29.70,68.60
2026-03-30 16:10:34,51,1605,45,29.70,68.50
2026-03-30 16:10:39,69,1510,31,29.70,68.70
2026-03-30 16:10:44,87,1414,46,29.70,68.60
2026-03-30 16:10:49,80,1573,43,29.70,68.70
2026-03-30 16:10:54,54,1479,26,29.70,68.70
2026-03-30 16:10:59,69,1570,41,29.70,68.70
2026-03-30 16:11:04,66,1457,39,29.70,68.70
2026-03-30 16:11:09,70,1584,32,29.70,68.60
2026-03-30 16:11:14,65,1600,48,29.70,68.70
2026-03-30 16:11:19,83,1577,45,29.70,68.80
2026-03-30 16:11:24,91,1441,48,29.70,68.70
2026-03-30 16:11:29,82,1378,37,29.70,68.50
2026-03-30 16:11:34,80,1555,53,29.70,68.70
2026-03-30 16:11:39,86,1389,51,29.70,68.80
2026-03-30 16:11:44,76,1450,47,29.70,68.70
2026-03-30 16:11:49,89,1371,53,29.70,68.60
2026-03-30 16:11:54,97,1460,49,29.70,68.70
2026-03-30 16:11:59,86,1567,42,29.70,68.70
2026-03-30 16:12:04,71,1535,35,29.70,68.60
2026-03-30 16:12:09,67,1508,48,29.70,68.60
2026-03-30 16:12:14,94,1591,53,29.70,68.70
2026-03-30 16:12:19,103,1475,57,29.70,68.70
2026-03-30 16:12:24,80,1623,49,29.70,68.70
2026-03-30 16:12:29,80,1617,16,29.70,68.60
2026-03-30 16:12:34,74,1621,42,29.70,68.70
2026-03-30 16:12:39,66,1606,0,29.70,68.60
2026-03-30 16:12:44,54,1456,38,29.70,68.60
2026-03-30 16:12:49,62,1579,39,29.70,68.60
2026-03-30 16:12:54,53,1653,42,29.70,68.50
2026-03-30 16:12:59,58,1634,35,29.70,68.50
2026-03-30 16:13:04,48,1624,31,29.70,68.60
2026-03-30 16:13:09,61,1680,28,29.70,68.70
2026-03-30 16:13:14,54,1616,30,29.70,68.70
2026-03-30 16:13:19,50,1653,31,29.70,68.60
2026-03-30 16:13:24,62,1589,23,29.70,68.60
2026-03-30 16:13:29,58,1589,21,29.70,68.70
2026-03-30 16:13:34,48,1653,27,29.70,68.70
2026-03-30 16:13:39,48,1653,20,29.70,68.60
2026-03-30 16:13:44,60,1563,34,29.70,68.60
2026-03-30 16:13:49,68,1633,32,29.70,68.70
2026-03-30 16:13:54,54,1630,48,29.70,68.70
2026-03-30 16:13:59,59,1610,48,29.70,68.70
2026-03-30 16:14:04,73,1686,48,29.70,68.70
2026-03-30 16:14:09,79,1693,97,29.70,68.60
2026-03-30 16:14:14,71,1616,46,29.70,68.60
2026-03-30 16:14:19,66,1638,37,29.70,68.70
2026-03-30 16:14:24,70,1646,41,29.70,68.70
2026-03-30 16:14:29,83,1587,45,29.60,68.70
2026-03-30 16:14:34,80,1707,3,29.70,68.60
2026-03-30 16:14:39,70,1573,51,29.60,68.60
2026-03-30 16:14:44,55,1683,14,29.70,68.80
2026-03-30 16:14:49,80,1683,43,29.70,68.80
2026-03-30 16:14:54,93,1697,48,29.70,68.80
2026-03-30 16:14:59,64,1616,48,29.70,68.70
2026-03-30 16:15:04,67,1582,42,29.70,68.70
2026-03-30 16:15:09,74,1535,39,29.70,68.70
2026-03-30 16:15:14,60,1630,31,29.70,68.70
2026-03-30 16:15:19,70,1535,38,29.60,68.80
2026-03-30 16:15:24,70,1579,51,29.70,68.80
2026-03-30 16:15:29,72,1623,48,29.70,68.70
2026-03-30 16:15:34,80,1608,50,29.70,68.70
2026-03-30 16:15:39,80,1625,54,29.70,68.70
2026-03-30 16:15:44,67,1651,48,29.70,68.80
2026-03-30 16:15:49,63,1688,50,29.70,68.70
2026-03-30 16:15:54,132,1609,121,29.60,68.80
2026-03-30 16:15:59,58,1514,32,29.70,68.80
2026-03-30 16:16:04,62,1616,34,29.70,68.70
2026-03-30 16:16:09,83,1577,37,29.70,68.70
2026-03-30 16:16:14,65,1574,41,29.70,68.70
2026-03-30 16:16:19,112,1626,43,29.70,68.80
2026-03-30 16:16:24,80,1645,43,29.70,68.80
2026-03-30 16:16:29,89,1585,48,29.70,68.80
2026-03-30 16:16:34,97,1648,48,29.70,68.80
2026-03-30 16:16:39,89,1681,48,29.70,68.80
2026-03-30 16:16:44,101,1665,48,29.70,68.80
2026-03-30 16:16:49,97,1658,38,29.70,68.70
2026-03-30 16:16:54,122,1467,55,29.70,68.80
2026-03-30 16:16:59,103,1554,48,29.70,68.70
2026-03-30 16:17:04,80,1607,33,29.70,68.80
2026-03-30 16:17:09,77,1603,0,29.70,68.70
2026-03-30 16:17:14,78,1637,58,29.70,68.70
2026-03-30 16:17:19,67,1691,33,29.70,68.80
2026-03-30 16:17:24,74,1603,48,29.70,68.80
2026-03-30 16:17:29,78,1611,35,29.70,68.70
2026-03-30 16:17:34,70,1660,36,29.70,68.80
2026-03-30 16:17:39,62,1638,37,29.70,68.70
2026-03-30 16:17:44,78,1617,46,29.70,68.70
2026-03-30 16:17:49,76,1535,0,29.70,68.80
2026-03-30 16:17:54,73,1614,48,29.70,68.80
2026-03-30 16:17:59,79,1669,49,29.70,68.80
2026-03-30 16:18:04,79,1651,56,29.70,68.70
2026-03-30 16:18:09,85,1675,53,29.70,68.80
2026-03-30 16:18:14,85,1616,48,29.70,68.80
2026-03-30 16:18:19,74,1675,37,29.70,68.80
2026-03-30 16:18:24,62,1677,32,29.70,68.80
2026-03-30 16:18:29,81,1601,43,29.70,68.80
2026-03-30 16:18:34,88,1617,54,29.70,68.80
2026-03-30 16:18:39,80,1603,33,29.70,68.70
2026-03-30 16:18:44,74,1662,38,29.70,68.80
2026-03-30 16:18:49,76,1612,46,29.70,68.80
2026-03-30 16:18:54,65,1630,48,29.70,68.80
2026-03-30 16:18:59,70,1533,54,29.70,68.80
2026-03-30 16:19:04,62,1629,44,29.70,68.80
2026-03-30 16:19:09,64,1584,14,29.70,68.80
2026-03-30 16:19:14,69,1605,39,29.70,68.90
2026-03-30 16:19:19,65,1505,45,29.70,68.80
2026-03-30 16:19:24,59,1657,50,29.70,68.80
2026-03-30 16:19:29,58,1690,47,29.70,68.70
2026-03-30 16:19:34,71,1713,53,29.70,68.80
2026-03-30 16:19:39,52,1589,35,29.70,68.80
2026-03-30 16:19:44,53,1617,38,29.70,68.90
2026-03-30 16:19:49,74,1630,47,29.70,68.80
2026-03-30 16:19:54,62,1577,47,29.70,68.80
2026-03-30 16:19:59,55,1535,48,29.70,68.80
2026-03-30 16:20:04,64,1557,32,29.70,68.90
2026-03-30 16:20:09,74,1506,51,29.70,68.80
2026-03-30 16:20:14,84,1662,51,29.70,68.90
2026-03-30 16:20:19,66,1611,41,29.70,68.90
2026-03-30 16:20:24,64,1488,46,29.70,68.90
2026-03-30 16:20:29,65,1616,38,29.70,68.90
2026-03-30 16:20:34,74,1489,42,29.70,68.90
2026-03-30 16:20:39,97,1647,46,29.70,69.00
2026-03-30 16:20:44,105,1649,34,29.70,69.00
2026-03-30 16:20:49,79,1614,44,29.70,68.90
2026-03-30 16:20:54,68,1637,48,29.70,68.90
2026-03-30 16:20:59,80,1758,56,29.70,68.90
2026-03-30 16:21:04,75,1523,48,29.70,69.00
2026-03-30 16:21:09,69,1613,42,29.70,69.00
2026-03-30 16:21:14,82,1510,49,29.70,68.90
2026-03-30 16:21:19,128,1479,50,29.70,69.10
2026-03-30 16:21:24,80,1610,33,29.70,69.10
2026-03-30 16:21:29,129,1533,53,29.70,69.00
2026-03-30 16:21:34,46,1498,60,29.70,69.00
2026-03-30 16:21:39,76,1578,34,29.70,69.00
2026-03-30 16:21:44,82,1616,48,29.70,69.00
2026-03-30 16:21:49,77,1555,48,29.70,69.00
2026-03-30 16:21:54,82,1503,51,29.70,69.00
2026-03-30 16:21:59,92,1509,54,29.70,69.10
2026-03-30 16:22:04,106,1648,53,29.70,69.00
2026-03-30 16:22:09,81,1653,34,29.70,69.10
2026-03-30 16:22:14,112,1683,55,29.70,69.00
2026-03-30 16:22:20,95,1708,51,29.70,68.90
2026-03-30 16:22:25,87,1726,27,29.70,69.00
2026-03-30 16:22:30,64,1700,46,29.70,69.00
2026-03-30 16:22:35,82,1648,23,29.70,69.00
2026-03-30 16:22:40,107,1647,50,29.70,69.00
2026-03-30 16:22:45,91,1817,54,29.70,69.10
2026-03-30 16:22:50,82,1552,50,29.70,69.00
2026-03-30 16:22:55,80,1503,45,29.70,69.00
2026-03-30 16:23:00,59,1587,43,29.70,69.00
2026-03-30 16:23:05,69,1664,32,29.70,69.00
2026-03-30 16:23:10,64,1681,50,29.70,69.00
2026-03-30 16:23:15,65,1603,36,29.70,69.00
2026-03-30 16:23:20,64,1659,37,29.70,69.00
2026-03-30 16:23:25,82,1629,49,29.70,69.00
2026-03-30 16:23:30,16,1617,55,29.70,69.00
2026-03-30 16:23:35,57,1571,46,29.70,69.00
2026-03-30 16:23:40,76,1629,47,29.70,69.00
2026-03-30 16:23:45,92,1631,47,29.70,69.00
2026-03-30 16:23:50,95,1586,53,29.70,69.10
2026-03-30 16:23:55,87,1682,64,29.70,69.00
2026-03-30 16:24:00,86,1754,51,29.70,69.00
2026-03-30 16:24:05,87,1767,48,29.70,69.00
2026-03-30 16:24:10,99,1648,59,29.70,69.00
2026-03-30 16:24:15,82,1510,59,29.70,68.90
2026-03-30 16:24:20,78,1582,54,29.70,69.00
2026-03-30 16:24:25,91,1440,62,29.70,69.00
2026-03-30 16:24:30,93,1412,52,29.70,68.90
2026-03-30 16:24:35,95,1534,47,29.70,69.00
2026-03-30 16:24:40,78,1567,57,29.70,69.00
2026-03-30 16:24:45,71,1607,51,29.70,69.00
2026-03-30 16:24:50,75,1631,48,29.70,69.00
2026-03-30 16:24:55,75,1616,48,29.70,69.00
2026-03-30 16:25:00,71,1616,39,29.70,69.00
2026-03-30 16:25:05,87,1641,43,29.70,68.90
2026-03-30 16:25:10,97,1535,48,29.70,69.10
2026-03-30 16:25:15,105,1624,51,29.70,69.10
2026-03-30 16:25:20,101,1570,59,29.70,69.00
2026-03-30 16:25:25,94,1638,45,29.70,69.00
2026-03-30 16:25:30,84,1613,47,29.70,69.00
2026-03-30 16:25:35,77,1504,42,29.70,69.00
2026-03-30 16:25:40,80,1564,46,29.70,69.00
2026-03-30 16:25:45,102,1582,47,29.70,69.00
2026-03-30 16:25:50,85,1658,48,29.70,69.10
2026-03-30 16:25:55,70,1553,49,29.70,68.90
2026-03-30 16:26:00,69,1507,30,29.70,68.90
2026-03-30 16:26:05,64,1587,37,29.70,69.00
2026-03-30 16:26:10,69,1675,37,29.70,69.00
2026-03-30 16:26:15,57,1639,36,29.70,68.90
2026-03-30 16:26:20,76,1530,48,29.70,69.10
2026-03-30 16:26:25,82,1637,47,29.70,69.00
2026-03-30 16:26:30,0,1663,38,29.70,69.10
2026-03-30 16:26:35,64,1651,32,29.70,69.10
2026-03-30 16:26:40,56,1615,21,29.70,69.00
2026-03-30 16:26:45,64,1619,32,29.70,69.00
2026-03-30 16:26:50,79,1689,42,29.70,68.90
2026-03-30 16:26:55,64,1685,34,29.70,69.10
2026-03-30 16:27:00,69,1680,21,29.70,69.10
2026-03-30 16:27:05,65,1703,32,29.70,69.10
2026-03-30 16:27:10,79,1654,44,29.70,69.10
2026-03-30 16:27:15,90,1613,54,29.70,69.10
2026-03-30 16:27:20,111,1712,52,29.70,69.20
2026-03-30 16:27:25,100,1743,44,29.70,69.10
2026-03-30 16:27:30,91,1672,48,29.70,69.10
2026-03-30 16:27:35,78,1694,59,29.70,69.10
2026-03-30 16:27:40,74,1611,47,29.70,69.10
2026-03-30 16:27:45,68,1606,57,29.70,69.10
2026-03-30 16:27:50,74,1616,29,29.70,69.20
2026-03-30 16:27:55,64,1600,28,29.70,69.20
2026-03-30 16:28:00,64,1641,39,29.70,69.10
2026-03-30 16:28:05,51,1679,38,29.70,69.10
2026-03-30 16:28:10,69,1599,30,29.70,69.00
2026-03-30 16:28:15,66,1520,23,29.70,69.20
2026-03-30 16:28:20,53,1566,32,29.70,69.10
2026-03-30 16:28:25,58,1427,23,29.70,69.10
2026-03-30 16:28:30,138,1381,32,29.70,69.20
2026-03-30 16:28:35,139,1486,51,29.70,69.10
2026-03-30 16:28:40,87,1489,53,29.70,69.10
2026-03-30 16:28:45,94,1510,50,29.70,69.10
2026-03-30 16:28:50,107,1357,55,29.70,69.10
2026-03-30 16:28:55,93,1444,48,29.70,69.10
2026-03-30 16:29:00,29,1463,49,29.70,69.10
2026-03-30 16:29:05,80,1380,48,29.70,69.10
2026-03-30 16:29:10,77,1425,48,29.70,69.20
2026-03-30 16:29:15,75,1435,44,29.70,69.10
2026-03-30 16:29:20,72,1504,48,29.70,69.10
2026-03-30 16:29:25,79,1583,47,29.70,69.00
2026-03-30 16:29:30,65,1609,39,29.70,69.10
2026-03-30 16:29:35,62,1605,53,29.70,68.90
2026-03-30 16:29:40,70,1583,36,29.70,69.10
2026-03-30 16:29:45,64,1621,34,29.70,69.10
2026-03-30 16:29:50,67,1591,23,29.70,69.00
2026-03-30 16:29:55,61,1626,32,29.70,69.00
2026-03-30 16:30:00,90,1569,48,29.70,69.10
2026-03-30 16:30:05,118,1690,48,29.70,69.00
2026-03-30 16:30:10,101,1535,46,29.70,69.10
2026-03-30 16:30:15,107,1586,59,29.70,69.10
2026-03-30 16:30:20,83,1652,53,29.70,69.20
2026-03-30 16:30:25,80,1621,42,29.70,69.20
2026-03-30 16:30:30,89,1450,45,29.70,69.10
2026-03-30 16:30:35,71,1459,34,29.70,69.10
2026-03-30 16:30:40,96,1531,45,29.70,69.00
2026-03-30 16:30:45,79,1558,48,29.70,69.00
2026-03-30 16:30:50,72,1586,45,29.70,69.10
2026-03-30 16:30:55,60,1670,36,29.70,69.10
2026-03-30 16:31:00,78,1651,47,29.70,69.00
2026-03-30 16:31:05,62,1646,36,29.70,69.10
2026-03-30 16:31:10,83,1553,52,29.70,69.00
2026-03-30 16:31:15,74,1667,55,29.70,69.00
2026-03-30 16:31:20,84,1574,48,29.70,69.00
2026-03-30 16:31:25,34,1632,51,29.70,69.00
2026-03-30 16:31:30,80,1648,43,29.70,69.10
2026-03-30 16:31:35,76,1683,57,29.70,69.00
2026-03-30 16:31:40,70,1719,64,29.70,69.20
2026-03-30 16:31:45,64,1713,46,29.70,69.00
2026-03-30 16:31:50,59,1730,55,29.70,69.10
2026-03-30 16:31:55,69,1531,36,29.70,69.00
2026-03-30 16:32:00,67,1583,48,29.70,69.00
2026-03-30 16:32:05,70,1615,48,29.70,69.10
2026-03-30 16:32:10,52,1584,48,29.60,69.00
2026-03-30 16:32:15,80,1609,55,29.70,69.00
2026-03-30 16:32:20,78,1679,46,29.70,69.00
2026-03-30 16:32:25,83,1683,54,29.60,69.10
2026-03-30 16:32:30,72,1668,45,29.60,69.00
2026-03-30 16:32:35,71,1616,28,29.70,69.00
2026-03-30 16:32:40,65,1648,20,29.70,69.20
2026-03-30 16:32:45,67,1610,39,29.70,69.10
2026-03-30 16:32:50,61,1582,41,29.60,69.00
2026-03-30 16:32:55,51,1682,27,29.60,68.90
2026-03-30 16:33:00,72,1721,53,29.70,69.00
2026-03-30 16:33:05,70,1651,33,29.60,69.10
2026-03-30 16:33:10,68,1632,42,29.70,68.90
2026-03-30 16:33:15,72,1535,0,29.60,69.10
2026-03-30 16:33:20,54,1567,41,29.70,69.00
2026-03-30 16:33:25,64,1555,44,29.70,69.10
2026-03-30 16:33:30,61,1662,42,29.70,69.10
2026-03-30 16:33:35,62,1657,39,29.70,69.00
2026-03-30 16:33:40,67,1587,47,29.70,69.00
2026-03-30 16:33:45,64,1643,42,29.70,69.00
2026-03-30 16:33:50,84,1589,48,29.70,69.00
2026-03-30 16:33:55,111,1682,49,29.70,69.00
2026-03-30 16:34:00,98,1619,45,29.70,68.90
2026-03-30 16:34:05,87,1671,37,29.70,69.00
2026-03-30 16:34:10,67,1621,26,29.60,69.00
2026-03-30 16:34:15,64,1563,45,29.70,69.00
2026-03-30 16:34:20,75,1509,38,29.60,69.00
2026-03-30 16:34:25,71,1646,46,29.70,69.00
2026-03-30 16:34:30,75,1684,53,29.70,69.00
2026-03-30 16:34:35,53,1714,47,29.60,69.00
2026-03-30 16:34:40,73,1659,48,29.70,69.10
2026-03-30 16:34:45,68,1599,50,29.70,69.10
2026-03-30 16:34:50,61,1605,48,29.70,69.10
2026-03-30 16:34:55,61,1642,48,29.70,69.10
2026-03-30 16:35:00,57,1489,51,29.70,69.20
2026-03-30 16:35:05,65,1535,43,29.60,69.00
2026-03-30 16:35:10,69,1610,35,29.70,69.00
2026-03-30 16:35:15,67,1658,41,29.60,69.00
2026-03-30 16:35:20,63,1645,35,29.60,69.10
2026-03-30 16:35:25,71,1535,45,29.70,69.10
2026-03-30 16:35:30,55,1580,42,29.60,69.10
2026-03-30 16:35:35,63,1562,53,29.70,69.10
2026-03-30 16:35:40,85,1535,48,29.60,69.10
2026-03-30 16:35:45,77,1535,40,29.60,69.10
2026-03-30 16:35:50,80,1690,49,29.70,69.20
2026-03-30 16:35:55,64,1666,59,29.60,69.30
2026-03-30 16:36:00,61,1654,52,29.60,69.20
2026-03-30 16:36:05,71,1575,48,29.70,69.20
2026-03-30 16:36:10,95,1681,61,29.60,69.10
2026-03-30 16:36:15,104,1625,48,29.70,69.10
2026-03-30 16:36:20,109,1574,53,29.70,69.20
2026-03-30 16:36:25,93,1458,55,29.60,69.10
2026-03-30 16:36:30,87,1535,60,29.70,69.10
2026-03-30 16:36:36,93,1612,52,29.60,69.20
2026-03-30 16:36:41,79,1616,64,29.60,69.10
2026-03-30 16:36:46,71,1674,53,29.60,69.20
2026-03-30 16:36:51,80,1557,57,29.60,69.10
2026-03-30 16:36:56,75,1605,48,29.70,69.20
2026-03-30 16:37:01,80,1530,30,29.60,69.20
2026-03-30 16:37:06,48,1607,44,29.60,69.20
2026-03-30 16:37:11,80,1679,45,29.60,69.20
2026-03-30 16:37:16,77,1609,59,29.60,69.30
2026-03-30 16:37:21,73,1674,47,29.70,69.20
2026-03-30 16:37:26,76,1659,48,29.60,69.40
2026-03-30 16:37:31,70,1619,50,29.70,69.20
2026-03-30 16:37:36,73,1648,38,29.70,69.20
2026-03-30 16:37:41,81,1422,48,29.70,69.30
2026-03-30 16:37:46,102,1600,47,29.70,69.10
2026-03-30 16:37:51,114,1597,59,29.60,69.20
2026-03-30 16:37:56,107,1684,53,29.60,69.30
2026-03-30 16:38:01,97,1633,54,29.70,69.30
2026-03-30 16:38:06,80,1648,37,29.60,69.30
2026-03-30 16:38:11,66,1680,51,29.70,69.30
2026-03-30 16:38:16,75,1703,48,29.70,69.40
2026-03-30 16:38:21,112,1487,48,29.60,69.30
2026-03-30 16:38:26,81,1499,45,29.60,69.30
2026-03-30 16:38:31,75,1569,47,29.60,69.30
2026-03-30 16:38:36,74,1642,47,29.70,69.30
2026-03-30 16:38:41,80,1576,56,29.70,69.30
2026-03-30 16:38:46,97,1505,48,29.70,69.60
2026-03-30 16:38:51,72,1586,42,29.70,69.50
2026-03-30 16:38:56,105,1630,54,29.70,69.50
2026-03-30 16:39:01,112,1454,48,29.70,69.50
2026-03-30 16:39:06,94,1469,42,29.70,69.50
2026-03-30 16:39:11,74,1535,41,29.70,69.60
2026-03-30 16:39:16,69,1479,47,29.70,69.60
2026-03-30 16:39:21,71,1419,43,29.70,69.50
2026-03-30 16:39:26,60,1443,29,29.60,69.40
2026-03-30 16:39:31,71,1566,34,29.70,69.50
2026-03-30 16:39:36,80,1472,31,29.70,69.40
2026-03-30 16:39:41,65,1570,52,29.70,69.40
2026-03-30 16:39:46,107,1575,48,29.70,69.40
2026-03-30 16:39:51,109,1679,47,29.70,69.50
2026-03-30 16:39:56,98,1601,48,29.70,69.50
2026-03-30 16:40:01,89,1619,51,29.70,69.40
2026-03-30 16:40:06,71,1568,51,29.70,69.50
2026-03-30 16:40:11,83,1431,49,29.70,69.50
2026-03-30 16:40:16,37,1372,48,29.70,69.50
2026-03-30 16:40:21,73,1424,38,29.70,69.50
2026-03-30 16:40:26,78,1275,39,29.70,69.40
2026-03-30 16:40:31,107,1375,45,29.70,69.50
2026-03-30 16:40:36,110,1491,41,29.70,69.40
2026-03-30 16:40:41,122,1458,53,29.70,69.40
2026-03-30 16:40:46,77,1456,40,29.70,69.40
2026-03-30 16:40:51,90,1344,59,29.70,69.40
2026-03-30 16:40:56,96,1457,52,29.70,69.40
2026-03-30 16:41:01,92,1491,48,29.70,69.50
2026-03-30 16:41:06,104,1513,41,29.70,69.40
2026-03-30 16:41:11,91,1584,45,29.70,69.50
2026-03-30 16:41:16,80,1463,48,29.70,69.50
2026-03-30 16:41:21,80,1436,43,29.70,69.50
2026-03-30 16:41:26,64,1408,37,29.70,69.50
2026-03-30 16:41:31,70,1370,44,29.70,69.50
2026-03-30 16:41:36,69,1296,39,29.70,69.40
2026-03-30 16:41:41,79,1488,43,29.70,69.40
2026-03-30 16:41:46,86,1454,40,29.70,69.40
2026-03-30 16:41:51,80,1457,48,29.70,69.50
2026-03-30 16:41:56,103,1610,48,29.70,69.40
2026-03-30 16:42:01,107,1610,35,29.70,69.40
2026-03-30 16:42:06,82,1589,36,29.70,69.40
2026-03-30 16:42:11,78,1579,39,29.70,69.30
2026-03-30 16:42:16,71,1509,37,29.70,69.30
2026-03-30 16:42:21,83,1492,39,29.70,69.30
2026-03-30 16:42:26,84,1411,48,29.70,69.20
2026-03-30 16:42:31,77,1491,30,29.70,69.20
2026-03-30 16:42:36,70,1568,47,29.70,69.20
2026-03-30 16:42:41,77,1515,48,29.70,69.20
2026-03-30 16:42:46,66,1584,33,29.70,69.20
2026-03-30 16:42:51,79,1437,47,29.70,69.30
2026-03-30 16:42:56,71,1491,49,29.70,69.20
2026-03-30 16:43:01,64,1589,49,29.80,69.20
2026-03-30 16:43:06,70,1535,48,29.70,69.20
2026-03-30 16:43:11,79,1648,58,29.70,69.20
2026-03-30 16:43:16,93,1670,47,29.70,69.10
2026-03-30 16:43:21,97,1458,58,29.70,69.20
2026-03-30 16:43:26,83,1568,64,29.70,69.30
2026-03-30 16:43:31,85,1581,52,29.70,69.10
2026-03-30 16:43:36,79,1566,32,29.70,69.20
2026-03-30 16:43:41,57,1370,38,29.70,69.20
2026-03-30 16:43:46,65,1594,32,29.70,69.10
2026-03-30 16:43:51,116,1594,38,29.70,69.30
2026-03-30 16:43:56,71,1603,85,29.70,69.20
2026-03-30 16:44:01,69,1599,42,29.70,69.10
2026-03-30 16:44:06,74,1593,34,29.70,69.20
2026-03-30 16:44:11,98,1648,48,29.80,69.20
2026-03-30 16:44:16,93,1446,35,29.70,69.20
2026-03-30 16:44:21,90,1569,49,29.70,69.20
2026-03-30 16:44:26,83,1587,50,29.70,69.20
2026-03-30 16:44:31,73,1589,57,29.70,69.10
2026-03-30 16:44:36,70,1409,33,29.70,69.10
2026-03-30 16:44:41,67,1457,29,29.70,69.10
2026-03-30 16:44:46,67,1564,41,29.70,69.00
2026-03-30 16:44:51,69,1521,40,29.70,69.10
2026-03-30 16:44:56,77,1573,46,29.70,69.20
2026-03-30 16:45:01,64,1578,45,29.70,69.10
2026-03-30 16:45:06,51,1622,23,29.70,69.10
2026-03-30 16:45:11,62,1687,34,29.70,69.20
2026-03-30 16:45:16,78,1597,38,29.70,69.20
2026-03-30 16:45:21,96,1651,46,29.70,69.20
2026-03-30 16:45:26,87,1616,37,29.70,69.10
2026-03-30 16:45:31,79,1599,22,29.70,69.10
2026-03-30 16:45:36,66,1623,29,29.70,69.20
2026-03-30 16:45:41,75,1655,40,29.70,69.10
2026-03-30 16:45:46,65,1648,18,29.70,69.30
2026-03-30 16:45:51,62,1712,31,29.70,69.10
2026-03-30 16:45:56,74,1687,33,29.70,69.10
2026-03-30 16:46:01,64,1714,48,29.70,69.10
2026-03-30 16:46:06,67,1623,48,29.70,69.10
2026-03-30 16:46:11,65,1568,32,29.70,69.10
2026-03-30 16:46:16,62,1619,41,29.70,69.20
2026-03-30 16:46:21,76,1570,32,29.70,69.00
2026-03-30 16:46:26,74,1483,30,29.70,69.10
2026-03-30 16:46:31,53,1522,33,29.70,69.10
2026-03-30 16:46:36,64,1577,32,29.70,69.10
2026-03-30 16:46:41,79,1502,32,29.70,69.20
2026-03-30 16:46:46,68,1535,27,29.70,69.30
2026-03-30 16:46:51,58,1575,20,29.70,69.20
2026-03-30 16:46:56,48,1626,28,29.70,69.20
2026-03-30 16:47:01,71,1406,32,29.70,69.10
2026-03-30 16:47:06,69,1446,38,29.70,69.10
2026-03-30 16:47:11,66,1494,0,29.70,69.20
2026-03-30 16:47:16,63,1563,47,29.70,69.30
2026-03-30 16:47:21,57,1520,45,29.70,69.10
2026-03-30 16:47:26,64,1553,50,29.70,69.20
2026-03-30 16:47:31,75,1634,35,29.70,69.10
2026-03-30 16:47:36,73,1535,48,29.70,69.10
2026-03-30 16:47:41,80,1530,48,29.70,69.20
2026-03-30 16:47:46,74,1632,42,29.70,69.20
2026-03-30 16:47:51,113,1591,46,29.80,69.30
2026-03-30 16:47:56,97,1653,39,29.70,69.30
2026-03-30 16:48:01,75,1553,37,29.70,69.20
2026-03-30 16:48:06,65,1562,45,29.70,69.20
2026-03-30 16:48:11,75,1535,55,29.70,69.40
2026-03-30 16:48:16,42,1579,58,29.70,69.20
2026-03-30 16:48:21,64,1525,46,29.70,69.20
2026-03-30 16:48:26,63,1393,26,29.70,69.20
2026-03-30 16:48:31,55,1515,28,29.70,69.20
2026-03-30 16:48:36,52,1417,67,29.70,69.20
2026-03-30 16:48:41,77,1341,34,29.80,69.30
2026-03-30 16:48:46,80,1471,33,29.70,69.40
2026-03-30 16:48:51,77,1420,48,29.70,69.30
2026-03-30 16:48:56,76,1455,34,29.70,69.30
2026-03-30 16:49:01,79,1328,31,29.70,69.20
2026-03-30 16:49:06,64,1452,35,29.70,69.20
2026-03-30 16:49:11,64,1489,36,29.70,69.20
2026-03-30 16:49:16,65,1446,48,29.70,69.30
2026-03-30 16:49:21,80,1408,38,29.70,69.30
2026-03-30 16:49:26,93,1438,49,29.70,69.30
2026-03-30 16:49:31,79,1530,49,29.70,69.20
2026-03-30 16:49:36,48,1503,19,29.70,69.10
2026-03-30 16:49:41,21,1602,36,29.70,69.20
2026-03-30 16:49:46,60,1596,36,29.70,69.30
2026-03-30 16:49:51,70,1618,34,29.70,69.20
2026-03-30 16:49:56,67,1563,42,29.70,69.30
2026-03-30 16:50:01,64,1605,20,29.70,69.20
2026-03-30 16:50:06,65,1494,31,29.70,69.20
2026-03-30 16:50:11,52,1456,30,29.70,69.20
2026-03-30 16:50:16,54,1535,38,29.70,69.30
2026-03-30 16:50:21,64,1647,26,29.70,69.20
2026-03-30 16:50:26,55,1503,48,29.70,69.30
2026-03-30 16:50:31,51,1431,32,29.70,69.40
2026-03-30 16:50:36,59,1491,25,29.70,69.20
2026-03-30 16:50:41,64,1518,31,29.70,69.30
2026-03-30 16:50:46,60,1616,37,29.70,69.30
2026-03-30 16:50:51,66,1511,48,29.70,69.30
2026-03-30 16:50:56,92,1417,51,29.70,69.30
2026-03-30 16:51:01,106,1423,55,29.70,69.20
2026-03-30 16:51:07,111,1346,49,29.70,69.30
2026-03-30 16:51:12,103,1363,48,29.70,69.30
2026-03-30 16:51:17,80,1523,47,29.70,69.30
2026-03-30 16:51:22,64,1405,26,29.70,69.20
2026-03-30 16:51:27,67,1395,15,29.70,69.30
2026-03-30 16:51:32,59,1466,36,29.70,69.20
2026-03-30 16:51:37,55,1279,18,29.70,69.20
2026-03-30 16:51:42,50,1344,26,29.70,69.20
2026-03-30 16:51:47,64,1503,32,29.70,69.30
2026-03-30 16:51:52,55,1608,36,29.70,69.30
2026-03-30 16:51:57,51,1623,18,29.70,69.30
2026-03-30 16:52:02,63,1580,30,29.70,69.30
2026-03-30 16:52:07,64,1555,45,29.70,69.30
2026-03-30 16:52:12,49,1623,21,29.70,69.40
2026-03-30 16:52:17,59,1573,32,29.70,69.30
2026-03-30 16:52:22,57,1365,25,29.70,69.30
2026-03-30 16:52:27,50,1532,26,29.70,69.30
2026-03-30 16:52:32,71,1566,38,29.70,69.30
2026-03-30 16:52:37,48,1530,27,29.70,69.30
2026-03-30 16:52:42,61,1535,22,29.70,69.20
2026-03-30 16:52:47,52,1441,27,29.70,69.20
2026-03-30 16:52:52,48,1535,21,29.70,69.30
2026-03-30 16:52:57,62,1405,21,29.70,69.30
2026-03-30 16:53:02,52,1297,10,29.70,69.40
2026-03-30 16:53:07,59,1504,18,29.70,69.30
2026-03-30 16:53:12,55,1567,29,29.70,69.50
2026-03-30 16:53:17,45,1583,33,29.70,69.40
2026-03-30 16:53:22,54,1663,35,29.70,69.30
2026-03-30 16:53:27,67,1651,38,29.70,69.30
2026-03-30 16:53:32,57,1584,37,29.70,69.30
2026-03-30 16:53:37,79,1519,38,29.70,69.30
2026-03-30 16:53:42,60,1392,34,29.70,69.30
2026-03-30 16:53:47,55,1523,26,29.70,69.40
2026-03-30 16:53:52,69,1495,35,29.70,69.30
2026-03-30 16:53:57,55,1454,35,29.60,69.40
2026-03-30 16:54:02,59,1429,42,29.70,69.40
2026-03-30 16:54:07,59,1498,58,29.70,69.40
2026-03-30 16:54:12,58,1457,38,29.70,69.30
2026-03-30 16:54:17,58,1506,31,29.70,69.50
2026-03-30 16:54:22,49,1581,33,29.70,69.40
2026-03-30 16:54:27,67,1588,33,29.70,69.50
2026-03-30 16:54:32,75,1529,36,29.70,69.40
2026-03-30 16:54:37,50,1525,39,29.70,69.40
2026-03-30 16:54:42,55,1610,43,29.70,69.50
2026-03-30 16:54:47,71,1597,48,29.70,69.40
2026-03-30 16:54:52,65,1518,43,29.70,69.40
2026-03-30 16:54:57,58,1520,48,29.70,69.50
2026-03-30 16:55:02,66,1584,54,29.70,69.50
2026-03-30 16:55:07,70,1587,37,29.70,69.40
2026-03-30 16:55:12,68,1405,46,29.70,69.50
2026-03-30 16:55:17,70,1328,29,29.70,69.40
2026-03-30 16:55:22,80,1502,48,29.70,69.40
2026-03-30 16:55:27,82,1605,41,29.70,69.30
2026-03-30 16:55:32,64,1594,35,29.70,69.50
2026-03-30 16:55:37,69,1599,32,29.70,69.40
2026-03-30 16:55:42,68,1535,42,29.70,69.50
2026-03-30 16:55:47,54,1475,29,29.70,69.40
2026-03-30 16:55:52,64,1486,26,29.70,69.50
2026-03-30 16:55:57,64,1490,38,29.70,69.50
2026-03-30 16:56:02,55,1535,23,29.70,69.40
2026-03-30 16:56:07,45,1617,31,29.70,69.40
2026-03-30 16:56:12,65,1601,35,29.70,69.30
2026-03-30 16:56:17,91,1503,38,29.70,69.40
2026-03-30 16:56:22,77,1485,48,29.70,69.40
2026-03-30 16:56:27,76,1535,43,29.70,69.40
2026-03-30 16:56:32,80,1650,51,29.70,69.50
2026-03-30 16:56:37,91,1621,48,29.70,69.50
2026-03-30 16:56:42,87,1535,64,29.70,69.50
2026-03-30 16:56:47,77,1510,44,29.70,69.50
2026-03-30 16:56:52,78,1555,52,29.70,69.40
2026-03-30 16:56:57,82,1667,49,29.70,69.50
2026-03-30 16:57:02,79,1572,51,29.70,69.50
2026-03-30 16:57:07,65,1612,42,29.70,69.50
2026-03-30 16:57:12,11,1579,29,29.70,69.40
2026-03-30 16:57:17,48,1488,37,29.70,69.50
2026-03-30 16:57:22,69,1520,25,29.70,69.40
2026-03-30 16:57:27,81,1478,38,29.70,69.50
2026-03-30 16:57:32,70,1533,48,29.70,69.50
2026-03-30 16:57:37,76,1635,47,29.70,69.50
2026-03-30 16:57:42,57,1680,38,29.60,69.50
2026-03-30 16:57:47,69,1570,47,29.70,69.50
2026-03-30 16:57:52,119,1501,74,29.70,69.60
2026-03-30 16:57:57,69,1629,32,29.70,69.50
2026-03-30 16:58:02,77,1659,47,29.70,69.60
2026-03-30 16:58:07,80,1698,43,29.70,69.60
2026-03-30 16:58:12,70,1694,41,29.70,69.60
2026-03-30 16:58:17,69,1629,32,29.70,69.60
2026-03-30 16:58:22,57,1648,33,29.70,69.60
2026-03-30 16:58:27,63,1641,34,29.70,69.50
2026-03-30 16:58:32,65,1647,80,29.70,69.60
2026-03-30 16:58:37,60,1626,45,29.70,69.60
2026-03-30 16:58:42,0,1679,43,29.70,69.60
2026-03-30 16:58:47,63,1535,48,29.70,69.60
2026-03-30 16:58:52,68,1691,54,29.70,69.50
2026-03-30 16:58:57,69,1664,62,29.70,69.60
2026-03-30 16:59:02,69,1665,35,29.70,69.50
2026-03-30 16:59:07,71,1614,43,29.70,69.50
2026-03-30 16:59:12,75,1603,48,29.70,69.60
2026-03-30 16:59:17,61,1524,41,29.70,69.50
2026-03-30 16:59:22,66,1535,34,29.70,69.70
2026-03-30 16:59:27,69,1631,44,29.70,69.50
2026-03-30 16:59:32,65,1567,34,29.70,69.70
2026-03-30 16:59:37,58,1535,43,29.70,69.60
2026-03-30 16:59:42,59,1583,46,29.70,69.60
2026-03-30 16:59:47,58,1456,45,29.70,69.60
2026-03-30 16:59:52,55,1498,46,29.70,69.70
2026-03-30 16:59:57,62,1625,39,29.70,69.50
2026-03-30 17:00:02,65,1712,25,29.70,69.50
2026-03-30 17:00:07,65,1648,35,29.70,69.60
2026-03-30 17:00:12,67,1655,34,29.70,69.60
2026-03-30 17:00:17,64,1678,38,29.70,69.60
2026-03-30 17:00:22,51,1684,100,29.70,69.50
2026-03-30 17:00:27,80,1597,53,29.70,69.60
2026-03-30 17:00:32,84,1616,42,29.70,69.60
2026-03-30 17:00:37,65,1635,28,29.70,69.60
2026-03-30 17:00:42,62,1456,22,29.70,69.60
2026-03-30 17:00:47,50,1330,30,29.70,69.60
2026-03-30 17:00:52,50,1473,31,29.70,69.60
2026-03-30 17:00:57,58,1585,43,29.70,69.60
2026-03-30 17:01:02,53,1591,42,29.70,69.60
2026-03-30 17:01:07,63,1680,38,29.70,69.60
2026-03-30 17:01:12,69,1483,23,29.70,69.60
2026-03-30 17:01:17,64,1597,19,29.70,69.50
2026-03-30 17:01:22,71,1587,48,29.70,69.50
2026-03-30 17:01:27,81,1717,0,29.70,69.70
2026-03-30 17:01:32,79,1636,37,29.70,69.70
2026-03-30 17:01:37,75,1467,0,29.70,69.60
2026-03-30 17:01:42,65,1600,21,29.70,69.60
2026-03-30 17:01:47,55,1458,16,29.70,69.60
2026-03-30 17:01:52,49,1295,9,29.70,69.60
2026-03-30 17:01:57,51,1351,15,29.70,69.60
2026-03-30 17:02:02,61,1520,21,29.70,69.60
2026-03-30 17:02:07,55,1520,17,29.70,69.60
2026-03-30 17:02:12,67,1493,28,29.70,69.60
2026-03-30 17:02:17,48,1553,28,29.70,69.60
2026-03-30 17:02:22,69,1500,45,29.70,69.60
2026-03-30 17:02:27,79,1430,46,29.70,69.60
2026-03-30 17:02:32,95,1427,41,29.70,69.60
2026-03-30 17:02:37,81,1578,29,29.70,69.70
2026-03-30 17:02:42,64,1634,32,29.70,69.70
2026-03-30 17:02:47,59,1493,27,29.70,69.50
2026-03-30 17:02:52,79,1558,27,29.70,69.50
2026-03-30 17:02:57,61,1614,63,29.70,69.70
2026-03-30 17:03:02,71,1588,44,29.70,69.70
2026-03-30 17:03:07,55,1567,0,29.70,69.70
2026-03-30 17:03:12,63,1606,29,29.70,69.60
2026-03-30 17:03:17,54,1672,30,29.70,69.60
2026-03-30 17:03:22,20,1690,22,29.70,69.60
2026-03-30 17:03:27,64,1584,27,29.70,69.60
2026-03-30 17:03:32,50,1488,32,29.70,69.60
2026-03-30 17:03:37,47,1623,33,29.70,69.70
2026-03-30 17:03:42,41,1647,29,29.70,69.50
2026-03-30 17:03:47,49,1601,0,29.70,69.60
2026-03-30 17:03:52,53,1577,16,29.70,69.50
2026-03-30 17:03:57,51,1616,16,29.70,69.60
2026-03-30 17:04:02,59,1642,18,29.70,69.60
2026-03-30 17:04:07,44,1629,24,29.70,69.50
2026-03-30 17:04:12,55,1582,22,29.70,69.60
2026-03-30 17:04:17,2,1648,23,29.70,69.70
2026-03-30 17:04:22,61,1616,35,29.70,69.60
2026-03-30 17:04:27,61,1618,24,29.70,69.60
2026-03-30 17:04:32,49,1648,42,29.70,69.60
2026-03-30 17:04:37,66,1601,33,29.70,69.70
2026-03-30 17:04:42,45,1496,19,29.70,69.70
2026-03-30 17:04:47,66,1594,16,29.70,69.60
2026-03-30 17:04:52,43,1611,27,29.60,69.60
2026-03-30 17:04:57,49,1626,14,29.70,69.60
2026-03-30 17:05:02,48,1619,20,29.70,69.60
2026-03-30 17:05:07,48,1581,26,29.70,69.60
2026-03-30 17:05:12,46,1578,14,29.70,69.70
2026-03-30 17:05:17,64,1507,31,29.70,69.70
2026-03-30 17:05:25,82,1472,129,29.60,69.50
2026-03-30 17:05:30,82,1588,38,29.70,69.60
2026-03-30 17:05:35,64,1499,16,29.70,69.60
2026-03-30 17:05:40,65,1392,27,29.70,69.60
2026-03-30 17:05:45,62,1499,31,29.70,69.60
2026-03-30 17:05:50,63,1610,51,29.60,69.60
2026-03-30 17:05:55,64,1599,32,29.70,69.60
2026-03-30 17:06:00,29,1593,30,29.60,69.60
2026-03-30 17:06:05,55,1617,28,29.70,69.60
2026-03-30 17:06:10,67,1611,31,29.70,69.50
2026-03-30 17:06:15,59,1443,30,29.60,69.50
2026-03-30 17:06:20,67,1520,37,29.70,69.40
2026-03-30 17:06:25,55,1488,29,29.60,69.40
2026-03-30 17:06:30,70,1527,32,29.70,69.50
2026-03-30 17:06:35,64,1344,30,29.60,69.40
2026-03-30 17:06:40,75,1451,22,29.60,69.50
2026-03-30 17:06:45,81,1377,23,29.60,69.30
2026-03-30 17:06:50,64,1219,24,29.60,69.50
2026-03-30 17:06:55,77,1247,64,29.70,69.30
2026-03-30 17:07:00,66,1165,7,29.60,69.30
2026-03-30 17:07:05,70,1161,24,29.60,69.30
2026-03-30 17:07:10,70,1260,16,29.60,69.30
2026-03-30 17:07:15,93,1441,35,29.60,69.20
2026-03-30 17:07:20,96,1603,41,29.60,69.30
2026-03-30 17:07:25,78,1529,26,29.60,69.20
2026-03-30 17:07:30,73,1465,30,29.60,69.30
2026-03-30 17:07:35,64,1520,27,29.60,69.20
2026-03-30 17:07:40,70,1257,23,29.60,69.20
2026-03-30 17:07:45,64,1525,30,29.60,69.30
2026-03-30 17:07:50,64,1475,27,29.60,69.20
2026-03-30 17:07:55,67,1520,19,29.60,69.10
2026-03-30 17:08:00,61,1535,16,29.60,69.10
2026-03-30 17:08:05,64,1498,24,29.60,69.20
2026-03-30 17:08:10,64,1594,26,29.60,69.20
2026-03-30 17:08:15,58,1630,16,29.60,69.20
2026-03-30 17:08:20,62,1515,26,29.60,69.10
2026-03-30 17:08:25,57,1421,22,29.60,69.10
2026-03-30 17:08:30,65,1479,27,29.60,69.10
2026-03-30 17:08:35,81,1468,35,29.60,69.10
2026-03-30 17:08:40,71,1647,18,29.60,69.10
2026-03-30 17:08:45,73,1532,27,29.60,69.20
2026-03-30 17:08:50,60,1580,27,29.60,69.20
2026-03-30 17:08:55,80,1579,41,29.60,69.20
2026-03-30 17:09:00,59,1689,25,29.60,69.20
2026-03-30 17:09:05,82,1591,42,29.60,69.20
2026-03-30 17:09:10,88,1569,19,29.60,69.10
2026-03-30 17:09:15,79,1438,30,29.60,69.00
2026-03-30 17:09:20,114,1581,41,29.60,69.00
2026-03-30 17:09:25,88,1535,42,29.60,69.20
2026-03-30 17:09:30,80,1587,30,29.60,69.10
2026-03-30 17:09:35,80,1573,47,29.60,69.20
2026-03-30 17:09:40,78,1562,48,29.60,69.20
2026-03-30 17:09:45,64,1527,25,29.60,69.20
2026-03-30 17:09:50,74,1643,30,29.60,69.20
2026-03-30 17:09:55,71,1712,31,29.60,69.20
2026-03-30 17:10:00,64,1718,46,29.50,69.10
2026-03-30 17:10:05,62,1561,31,29.60,69.20
2026-03-30 17:10:10,63,1621,28,29.50,69.00
2026-03-30 17:10:15,65,1598,35,29.50,69.00
2026-03-30 17:10:20,58,1571,32,29.60,69.00
2026-03-30 17:10:25,64,1635,26,29.60,69.20
2026-03-30 17:10:30,74,1535,38,29.50,69.10
2026-03-30 17:10:35,73,1621,21,29.50,69.00
2026-03-30 17:10:40,62,1663,35,29.50,68.90
2026-03-30 17:10:45,59,1535,31,29.50,69.10
2026-03-30 17:10:50,45,1604,31,29.50,69.00
2026-03-30 17:10:55,71,1535,0,29.50,69.00
2026-03-30 17:11:00,51,1456,46,29.50,69.00
2026-03-30 17:11:05,59,1398,31,29.50,68.90
2026-03-30 17:11:10,65,1535,51,29.50,69.00
2026-03-30 17:11:15,53,1601,38,29.50,69.10
2026-03-30 17:11:20,64,1637,33,29.50,69.00
2026-03-30 17:11:25,71,1621,31,29.50,69.10
2026-03-30 17:11:30,49,1606,45,29.50,69.10
2026-03-30 17:11:35,64,1535,27,29.50,69.10
2026-03-30 17:11:40,86,1600,34,29.50,68.90
2026-03-30 17:11:45,64,1660,39,29.50,69.00
2026-03-30 17:11:50,78,1581,43,29.50,69.10
2026-03-30 17:11:55,62,1601,26,29.50,69.10
2026-03-30 17:12:00,64,1604,33,29.50,69.20
2026-03-30 17:12:05,63,1595,41,29.50,69.20
2026-03-30 17:12:10,67,1616,41,29.50,69.10
2026-03-30 17:12:15,73,1673,33,29.50,69.20
2026-03-30 17:12:20,61,1605,34,29.50,69.20
2026-03-30 17:12:25,67,1632,41,29.50,69.20
2026-03-30 17:12:30,48,1584,48,29.50,69.20
2026-03-30 17:12:35,64,1616,0,29.50,69.20
2026-03-30 17:12:40,71,1613,60,29.50,69.20
2026-03-30 17:12:45,58,1495,43,29.50,69.20
2026-03-30 17:12:50,62,1567,27,29.50,69.10
2026-03-30 17:12:55,50,1628,26,29.50,69.10
2026-03-30 17:13:00,50,1636,34,29.50,69.00
2026-03-30 17:13:05,52,1558,22,29.50,69.10
2026-03-30 17:13:10,59,1614,33,29.50,69.10
2026-03-30 17:13:15,48,1533,29,29.50,69.10
2026-03-30 17:13:20,6,1535,37,29.50,69.10
2026-03-30 17:13:25,80,1561,37,29.50,69.20
2026-03-30 17:13:30,90,1647,45,29.50,69.10
2026-03-30 17:13:35,94,1558,61,29.50,69.20
2026-03-30 17:13:40,79,1533,37,29.50,69.20
2026-03-30 17:13:45,77,1402,43,29.50,69.10
2026-03-30 17:13:50,82,1498,34,29.50,69.20
2026-03-30 17:13:55,96,1478,29,29.50,69.20
2026-03-30 17:14:00,59,1506,6,29.50,69.10
2026-03-30 17:14:05,71,1581,28,29.50,69.10
2026-03-30 17:14:10,71,1659,7,29.50,69.10
2026-03-30 17:14:15,57,1680,39,29.50,69.20
2026-03-30 17:14:20,64,1645,23,29.50,69.20
2026-03-30 17:14:25,63,1638,21,29.50,69.20
2026-03-30 17:14:30,74,1559,33,29.50,69.30
2026-03-30 17:14:35,43,1678,43,29.50,69.40
2026-03-30 17:14:40,81,1511,63,29.50,69.30
2026-03-30 17:14:45,22,1558,56,29.50,69.20
2026-03-30 17:14:50,91,1651,48,29.50,69.30
2026-03-30 17:14:55,77,1634,48,29.50,69.20
2026-03-30 17:15:00,75,1579,44,29.50,69.30
2026-03-30 17:15:05,66,1643,45,29.50,69.20
2026-03-30 17:15:10,65,1571,48,29.50,69.20
2026-03-30 17:15:15,76,1553,121,29.50,69.30
2026-03-30 17:15:20,59,1607,39,29.50,69.30
2026-03-30 17:15:25,64,1643,42,29.50,69.30
2026-03-30 17:15:30,65,1648,50,29.50,69.30
2026-03-30 17:15:35,61,1594,74,29.50,69.20
2026-03-30 17:15:40,71,1494,64,29.50,69.20
2026-03-30 17:15:45,83,1519,59,29.40,69.30
2026-03-30 17:15:50,57,1519,54,29.50,69.30
2026-03-30 17:15:57,78,1613,58,29.50,69.30
2026-03-30 17:16:02,64,1600,44,29.50,69.40
2026-03-30 17:16:07,62,1554,38,29.50,69.20
2026-03-30 17:16:12,60,1569,70,29.50,69.30
2026-03-30 17:16:17,61,1610,49,29.50,69.30
2026-03-30 17:16:22,73,1487,48,29.50,69.20
2026-03-30 17:16:27,57,1569,46,29.50,69.30
2026-03-30 17:16:32,59,1585,38,29.50,69.30
2026-03-30 17:16:37,59,1679,33,29.50,69.40
2026-03-30 17:16:42,69,1714,29,29.50,69.30
2026-03-30 17:16:47,61,1712,32,29.50,69.30
2026-03-30 17:16:52,60,1657,35,29.50,69.20
2026-03-30 17:16:57,68,1691,29,29.50,69.20
2026-03-30 17:17:02,71,1665,22,29.50,69.30
2026-03-30 17:17:07,60,1592,26,29.50,69.40
2026-03-30 17:17:12,47,1637,15,29.50,69.20
2026-03-30 17:17:17,52,1578,22,29.50,69.30
2026-03-30 17:17:22,58,1517,26,29.50,69.30
2026-03-30 17:17:27,68,1446,25,29.50,69.30
2026-03-30 17:17:32,64,1389,14,29.50,69.30
2026-03-30 17:17:37,48,1493,15,29.50,69.30
2026-03-30 17:17:42,49,1485,16,29.50,69.30
2026-03-30 17:17:48,42,1315,35,29.50,69.20
2026-03-30 17:17:53,50,1403,18,29.50,69.10
2026-03-30 17:17:58,48,1311,5,29.50,69.20
2026-03-30 17:18:03,58,1442,22,29.50,69.10
2026-03-30 17:18:08,48,1507,54,29.50,69.20
2026-03-30 17:18:13,63,1451,23,29.50,69.30
2026-03-30 17:18:18,58,1519,17,29.50,69.30
2026-03-30 17:18:23,53,1517,0,29.50,69.30
2026-03-30 17:18:28,54,1584,46,29.50,69.30
2026-03-30 17:18:33,56,1645,15,29.50,69.40
2026-03-30 17:18:38,61,1664,48,29.50,69.30
2026-03-30 17:18:43,64,1654,44,29.50,69.30
2026-03-30 17:18:48,55,1669,38,29.50,69.40
2026-03-30 17:18:53,80,1688,48,29.50,69.30
2026-03-30 17:18:58,67,1712,48,29.50,69.40
2026-03-30 17:19:03,64,1705,36,29.50,69.30
2026-03-30 17:19:08,55,1581,39,29.50,69.50
2026-03-30 17:19:13,51,1580,23,29.50,69.40
2026-03-30 17:19:18,60,1595,29,29.50,69.40
2026-03-30 17:19:23,48,1458,16,29.50,69.40
2026-03-30 17:19:28,61,1341,25,29.50,69.40
2026-03-30 17:19:33,69,1366,22,29.50,69.30
2026-03-30 17:19:38,58,1429,33,29.50,69.40
2026-03-30 17:19:43,64,1507,29,29.50,69.40
2026-03-30 17:19:48,50,1525,29,29.50,69.40
2026-03-30 17:19:53,62,1629,26,29.50,69.40
2026-03-30 17:19:58,48,1493,31,29.50,69.40
2026-03-30 17:20:03,64,1564,35,29.50,69.40
2026-03-30 17:20:08,54,1523,34,29.50,69.50
2026-03-30 17:20:13,55,1633,30,29.50,69.40
2026-03-30 17:20:18,59,1557,28,29.50,69.50
2026-03-30 17:20:23,51,1648,32,29.50,69.40
2026-03-30 17:20:28,56,1526,32,29.50,69.40
2026-03-30 17:20:33,48,1535,16,29.50,69.40
2026-03-30 17:20:38,70,1419,38,29.50,69.40
2026-03-30 17:20:43,58,1559,28,29.50,69.40
2026-03-30 17:20:48,64,1521,31,29.50,69.40
2026-03-30 17:20:53,60,1616,33,29.50,69.40
2026-03-30 17:20:58,55,1601,29,29.50,69.50
2026-03-30 17:21:03,70,1535,38,29.50,69.40
2026-03-30 17:21:08,66,1617,42,29.50,69.60
2026-03-30 17:21:13,55,1631,32,29.50,69.50
2026-03-30 17:21:18,58,1673,27,29.50,69.60
2026-03-30 17:21:23,66,1584,26,29.50,69.50
2026-03-30 17:21:28,65,1561,34,29.50,69.50
2026-03-30 17:21:33,64,1454,43,29.50,69.60
2026-03-30 17:21:38,74,1517,52,29.50,69.50
2026-03-30 17:21:43,69,1443,36,29.50,69.60
2026-03-30 17:21:48,30,1527,43,29.50,69.70
2026-03-30 17:21:53,64,1666,39,29.50,69.50
2026-03-30 17:21:58,67,1455,39,29.50,69.60
2026-03-30 17:22:03,67,1488,67,29.50,69.70
2026-03-30 17:22:08,77,1602,49,29.50,69.60
2026-03-30 17:22:13,80,1355,37,29.50,69.50
2026-03-30 17:22:18,80,1488,47,29.60,69.60
2026-03-30 17:22:23,71,1455,37,29.50,69.60
2026-03-30 17:22:28,78,1626,36,29.50,69.60
2026-03-30 17:22:33,70,1563,37,29.50,69.60
2026-03-30 17:22:38,73,1497,32,29.50,69.60
2026-03-30 17:22:43,77,1483,46,29.50,69.50
2026-03-30 17:22:48,69,1520,40,29.50,69.60
2026-03-30 17:22:53,96,1523,46,29.50,69.60
2026-03-30 17:22:58,64,1603,50,29.50,69.60
2026-03-30 17:23:03,77,1568,40,29.50,69.60
2026-03-30 17:23:08,82,1535,44,29.50,69.50
2026-03-30 17:23:13,34,1501,48,29.50,69.70
2026-03-30 17:23:18,82,1483,32,29.50,69.60
2026-03-30 17:23:23,74,1535,50,29.60,69.60
2026-03-30 17:23:28,91,1575,45,29.50,69.50
2026-03-30 17:23:33,99,1634,42,29.50,69.50
2026-03-30 17:23:38,81,1569,54,29.50,69.60
2026-03-30 17:23:43,86,1587,48,29.60,69.60
2026-03-30 17:23:48,80,1574,54,29.60,69.60
2026-03-30 17:23:53,79,1623,48,29.60,69.60
2026-03-30 17:23:58,70,1535,55,29.50,69.70
2026-03-30 17:24:03,102,1645,49,29.60,69.60
2026-03-30 17:24:08,66,1623,52,29.60,69.60
2026-03-30 17:24:13,80,1473,41,29.50,69.60
2026-03-30 17:24:18,80,1411,12,29.60,69.60
2026-03-30 17:24:23,80,1553,45,29.60,69.70
2026-03-30 17:24:28,81,1569,44,29.60,69.60
2026-03-30 17:24:33,77,1632,48,29.60,69.70
2026-03-30 17:24:38,77,1619,15,29.60,69.60
2026-03-30 17:24:43,81,1472,48,29.60,69.60
2026-03-30 17:24:48,78,1535,41,29.60,69.60
2026-03-30 17:24:53,64,1474,39,29.60,69.60
2026-03-30 17:24:58,97,1520,38,29.60,69.60
2026-03-30 17:25:03,76,1535,42,29.50,69.50
2026-03-30 17:25:08,46,1402,49,29.60,69.50
2026-03-30 17:25:13,79,1505,41,29.60,69.70
2026-03-30 17:25:18,75,1606,55,29.60,69.50
2026-03-30 17:25:23,89,1593,54,29.60,69.60
2026-03-30 17:25:28,70,1650,33,29.60,69.50
2026-03-30 17:25:33,85,1604,39,29.60,69.60
2026-03-30 17:25:38,80,1563,48,29.60,69.50
2026-03-30 17:25:43,4,1606,42,29.60,69.50
2026-03-30 17:25:48,104,1491,75,29.60,69.60
2026-03-30 17:25:53,59,1598,41,29.60,69.50
2026-03-30 17:25:58,87,1661,69,29.60,69.50
2026-03-30 17:26:03,90,1459,53,29.60,69.70
2026-03-30 17:26:08,80,1510,45,29.60,69.60
2026-03-30 17:26:13,82,1531,48,29.60,69.50
2026-03-30 17:26:18,95,1612,47,29.60,69.60
2026-03-30 17:26:23,97,1647,48,29.60,69.60
2026-03-30 17:26:28,80,1681,49,29.60,69.60
2026-03-30 17:26:33,76,1679,48,29.60,69.60
2026-03-30 17:26:38,69,1616,52,29.60,69.50
2026-03-30 17:26:43,111,1535,54,29.60,69.60
2026-03-30 17:26:48,93,1492,49,29.60,69.50
2026-03-30 17:26:53,89,1570,51,29.60,69.50
2026-03-30 17:26:58,103,1426,48,29.60,69.60
2026-03-30 17:27:03,97,1518,57,29.60,69.50
2026-03-30 17:27:08,91,1564,55,29.60,69.60
2026-03-30 17:27:13,67,1571,48,29.60,69.50
2026-03-30 17:27:18,72,1584,49,29.60,69.70
2026-03-30 17:27:23,100,1520,52,29.60,69.50
2026-03-30 17:27:28,112,1577,60,29.60,69.50
2026-03-30 17:27:33,110,1627,58,29.60,69.50
2026-03-30 17:27:38,102,1517,48,29.60,69.60
2026-03-30 17:27:43,92,1633,48,29.60,69.60
2026-03-30 17:27:48,83,1524,46,29.60,69.60
2026-03-30 17:27:53,93,1581,37,29.60,69.50
2026-03-30 17:27:58,70,1619,39,29.60,69.50
2026-03-30 17:28:03,98,1530,42,29.60,69.60
2026-03-30 17:28:08,105,1661,63,29.60,69.50
2026-03-30 17:28:13,80,1619,61,29.60,69.60
2026-03-30 17:28:18,116,1558,48,29.60,69.40
2026-03-30 17:28:23,118,1616,48,29.60,69.50
2026-03-30 17:28:28,109,1567,49,29.60,69.40
2026-03-30 17:28:33,99,1488,27,29.60,69.60
2026-03-30 17:28:38,87,1622,44,29.60,69.50
2026-03-30 17:28:43,83,1637,44,29.60,69.50
2026-03-30 17:28:48,97,1437,45,29.60,69.60
2026-03-30 17:28:53,96,1535,62,29.60,69.40
2026-03-30 17:28:58,97,1535,47,29.60,69.40
2026-03-30 17:29:03,82,1530,39,29.60,69.50
2026-03-30 17:29:08,77,1603,43,29.60,69.50
2026-03-30 17:29:13,74,1504,42,29.60,69.50
2026-03-30 17:29:18,98,1577,45,29.60,69.50
2026-03-30 17:29:23,92,1619,46,29.60,69.40
2026-03-30 17:29:28,110,1562,48,29.70,69.50
2026-03-30 17:29:33,106,1600,49,29.60,69.60
2026-03-30 17:29:38,45,1558,47,29.60,69.40
2026-03-30 17:29:43,131,1644,48,29.60,69.40
2026-03-30 17:29:48,207,1678,50,29.70,69.50
2026-03-30 17:29:53,95,1665,48,29.60,69.40
2026-03-30 17:29:58,96,1631,49,29.60,69.50
2026-03-30 17:30:03,89,1648,47,29.60,69.50
2026-03-30 17:30:08,101,1650,59,29.70,69.40
2026-03-30 17:30:13,95,1683,57,29.60,69.50
2026-03-30 17:30:18,64,1567,45,29.60,69.50
2026-03-30 17:30:23,81,1437,50,29.70,69.40
2026-03-30 17:30:28,110,1493,64,29.60,69.40
2026-03-30 17:30:33,85,1521,52,29.60,69.40
2026-03-30 17:30:38,98,1429,55,29.60,69.30
2026-03-30 17:30:43,80,1458,37,29.60,69.50
2026-03-30 17:30:48,91,1419,48,29.70,69.40
2026-03-30 17:30:53,92,1530,47,29.60,69.50
2026-03-30 17:30:58,80,1535,35,29.60,69.40
2026-03-30 17:31:03,139,1562,46,29.70,69.60
2026-03-30 17:31:08,89,1642,30,29.60,69.50
2026-03-30 17:31:13,79,1653,36,29.60,69.50
2026-03-30 17:31:18,74,1619,64,29.60,69.50
2026-03-30 17:31:23,64,1671,43,29.60,69.50
2026-03-30 17:31:28,82,1585,38,29.60,69.50
2026-03-30 17:31:33,109,1705,48,29.60,69.40
2026-03-30 17:31:38,97,1686,43,29.60,69.50
2026-03-30 17:31:43,90,1534,41,29.70,69.30
2026-03-30 17:31:48,90,1664,39,29.60,69.40
2026-03-30 17:31:53,80,1659,25,29.70,69.50
2026-03-30 17:31:58,84,1562,37,29.60,69.50
2026-03-30 17:37:28,103,1535,48,29.70,69.50
2026-03-30 17:37:28,123,1482,45,29.60,69.40
2026-03-30 17:37:28,123,1482,45,29.60,69.40
2026-03-30 17:37:28,123,1482,45,29.60,69.40
2026-03-30 17:37:29,123,1482,45,29.60,69.40
2026-03-30 17:37:29,123,1482,45,29.60,69.40
2026-03-30 17:37:29,123,1482,45,29.60,69.40
2026-03-30 17:37:29,123,1482,45,29.60,69.40
2026-03-30 17:37:29,123,1482,45,29.60,69.40
2026-03-30 17:37:29,123,1482,45,29.60,69.40
2026-03-30 17:37:29,123,1482,45,29.60,69.40
2026-03-30 17:37:29,123,1482,45,29.60,69.40
2026-03-30 17:37:29,123,1482,45,29.60,69.40
2026-03-30 17:37:29,123,1482,45,29.60,69.40
2026-03-30 17:37:30,123,1482,45,29.60,69.40
2026-03-30 17:37:30,123,1482,45,29.60,69.40
2026-03-30 17:37:30,123,1482,45,29.60,69.40
2026-03-30 17:37:30,123,1482,45,29.60,69.40
2026-03-30 17:37:30,123,1482,45,29.60,69.40
2026-03-30 17:37:30,123,1482,45,29.60,69.40
2026-03-30 17:37:30,123,1482,45,29.60,69.40
2026-03-30 17:37:30,123,1482,45,29.60,69.40
2026-03-30 17:37:31,123,1482,45,29.60,69.40
2026-03-30 17:37:31,123,1482,45,29.60,69.40
2026-03-30 17:37:31,123,1482,45,29.60,69.40
2026-03-30 17:37:31,123,1482,45,29.60,69.40
2026-03-30 17:37:31,123,1482,45,29.60,69.40
2026-03-30 17:37:31,123,1482,45,29.60,69.40
2026-03-30 17:37:31,123,1482,45,29.60,69.40
2026-03-30 17:37:31,123,1482,45,29.60,69.40
2026-03-30 17:37:32,123,1482,45,29.60,69.40
2026-03-30 17:37:32,123,1482,45,29.60,69.40
2026-03-30 17:37:32,123,1482,45,29.60,69.40
2026-03-30 17:37:32,123,1482,45,29.60,69.40
2026-03-30 17:37:32,123,1482,45,29.60,69.40
2026-03-30 17:37:32,123,1482,45,29.60,69.40
2026-03-30 17:37:32,123,1482,45,29.60,69.40
2026-03-30 17:37:32,123,1482,45,29.60,69.40
2026-03-30 17:37:33,123,1482,45,29.60,69.40
2026-03-30 17:37:33,123,1482,45,29.60,69.40
2026-03-30 17:37:33,123,1482,45,29.60,69.40
2026-03-30 17:37:33,123,1482,45,29.60,69.40
2026-03-30 17:37:33,123,1482,45,29.60,69.40
2026-03-30 17:37:33,123,1482,45,29.60,69.40
2026-03-30 17:37:33,123,1482,45,29.60,69.40
2026-03-30 17:37:34,123,1482,45,29.60,69.40
2026-03-30 17:37:34,123,1482,45,29.60,69.40
2026-03-30 17:37:34,123,1482,45,29.60,69.40
2026-03-30 17:37:34,123,1482,45,29.60,69.40
2026-03-30 17:37:34,123,1482,45,29.60,69.40
2026-03-30 17:37:34,123,1482,45,29.60,69.40
2026-03-30 17:37:34,123,1482,45,29.60,69.40
2026-03-30 17:37:34,123,1482,45,29.60,69.40
2026-03-30 17:37:34,123,1482,45,29.60,69.40
2026-03-30 17:37:34,123,1482,45,29.60,69.40
2026-03-30 17:37:34,123,1482,45,29.60,69.40
2026-03-30 17:37:34,123,1482,45,29.60,69.40
2026-03-30 17:37:34,123,1482,45,29.60,69.40
2026-03-30 17:37:34,123,1482,45,29.60,69.40
2026-03-30 17:37:34,123,1482,45,29.60,69.40
2026-03-30 17:37:35,123,1482,45,29.60,69.40
2026-03-30 17:37:35,123,1482,45,29.60,69.40
2026-03-30 17:37:35,123,1482,45,29.60,69.40
2026-03-30 17:37:35,123,1482,45,29.60,69.40
2026-03-30 17:37:35,123,1482,45,29.60,69.40
2026-03-30 17:37:35,123,1482,45,29.60,69.40
2026-03-30 17:37:35,123,1482,45,29.60,69.40
2026-03-30 17:37:35,123,1482,45,29.60,69.40
2026-03-30 17:37:35,123,1482,45,29.60,69.40
2026-03-30 17:37:35,123,1482,45,29.60,69.40
2026-03-30 17:37:35,123,1482,45,29.60,69.40
2026-03-30 17:37:35,123,1482,45,29.60,69.40
2026-03-30 17:37:35,123,1482,45,29.60,69.40
2026-03-30 17:37:35,123,1482,45,29.60,69.40
2026-03-30 17:37:35,123,1482,45,29.60,69.40
2026-03-30 17:37:35,123,1482,45,29.60,69.40
2026-03-30 17:37:35,123,1482,45,29.60,69.40
2026-03-30 17:37:36,123,1482,45,29.60,69.40
2026-03-30 17:37:36,123,1482,45,29.60,69.40
2026-03-30 17:37:36,123,1482,45,29.60,69.40
2026-03-30 17:38:00,110,1517,59,29.70,69.50
2026-03-30 17:38:05,112,1554,59,29.70,69.50
2026-03-30 17:38:10,118,1686,59,29.70,69.50
2026-03-30 17:38:15,144,1717,71,29.70,69.40
2026-03-30 17:38:20,131,1458,48,29.70,69.50
2026-03-30 17:38:25,144,1560,45,29.70,69.40
2026-03-30 17:38:30,131,1637,48,29.70,69.50
2026-03-30 17:38:35,128,1638,44,29.70,69.40
2026-03-30 17:38:40,112,1637,48,29.70,69.30
2026-03-30 17:38:45,129,1667,48,29.70,69.50
2026-03-30 17:38:50,98,1588,48,29.70,69.50
2026-03-30 17:38:55,100,1569,42,29.70,69.60
2026-03-30 17:39:00,86,1621,19,29.70,69.50
2026-03-30 17:39:05,124,1439,39,29.70,69.40
2026-03-30 17:39:10,46,1466,33,29.70,69.40
2026-03-30 17:39:15,112,1615,33,29.70,69.30
2026-03-30 17:39:20,81,1600,47,29.70,69.40
2026-03-30 17:39:25,96,1367,26,29.70,69.50
2026-03-30 17:39:30,90,1603,30,29.70,69.40
2026-03-30 17:39:35,118,1462,48,29.70,69.50
2026-03-30 17:39:40,122,1462,39,29.70,69.50
2026-03-30 17:39:45,128,1636,41,29.70,69.40
2026-03-30 17:39:50,128,1531,55,29.70,69.50
2026-03-30 17:39:55,107,1559,48,29.70,69.50
2026-03-30 17:40:00,133,1611,46,29.70,69.50
2026-03-30 17:40:05,135,1465,35,29.70,69.50
2026-03-30 17:40:10,106,1578,35,29.70,69.50
2026-03-30 17:40:16,112,1695,41,29.70,69.40
2026-03-30 17:40:21,122,1535,37,29.70,69.50
2026-03-30 17:40:26,144,1625,42,29.70,69.50
2026-03-30 17:40:31,133,1705,52,29.70,69.60
2026-03-30 17:40:36,118,1739,31,29.70,69.50
2026-03-30 17:40:41,176,1568,48,29.70,69.60
2026-03-30 17:40:46,139,1470,48,29.70,69.70
2026-03-30 17:40:51,128,1588,58,29.70,69.50
2026-03-30 17:40:56,129,1646,50,29.70,69.50
2026-03-30 17:41:01,112,1517,48,29.70,69.50
2026-03-30 17:41:06,91,1648,56,29.70,69.50
2026-03-30 17:41:11,101,1502,27,29.70,69.60
2026-03-30 17:41:16,112,1431,39,29.70,69.50
2026-03-30 17:41:21,111,1687,51,29.70,69.50
2026-03-30 17:41:26,117,1467,31,29.70,69.60
2026-03-30 17:41:31,101,1602,36,29.70,69.50
2026-03-30 17:41:36,112,1463,39,29.70,69.30
2026-03-30 17:41:41,94,1426,39,29.70,69.50
2026-03-30 17:41:46,114,1473,35,29.70,69.60
2026-03-30 17:41:51,128,1488,33,29.70,69.50
2026-03-30 17:41:56,114,1425,76,29.70,69.50
2026-03-30 17:42:01,132,1417,27,29.70,69.50
2026-03-30 17:42:06,113,1558,48,29.70,69.50
2026-03-30 17:42:11,135,1556,40,29.70,69.60
2026-03-30 17:42:16,133,1475,50,29.70,69.50
2026-03-30 17:42:21,138,1604,48,29.70,69.70
2026-03-30 17:42:26,111,1620,42,29.70,69.50
2026-03-30 17:42:31,91,1702,47,29.70,69.60
2026-03-30 17:42:36,111,1487,36,29.70,69.50
2026-03-30 17:42:41,97,1527,46,29.70,69.50
2026-03-30 17:42:46,131,1600,48,29.70,69.50
2026-03-30 17:42:51,98,1441,27,29.70,69.50
2026-03-30 17:42:56,74,1445,44,29.70,69.50
2026-03-30 17:43:01,96,1530,46,29.70,69.40
2026-03-30 17:43:06,100,1424,35,29.70,69.50
2026-03-30 17:43:11,83,1602,16,29.70,69.50
2026-03-30 17:43:16,83,1555,36,29.70,69.50
2026-03-30 17:43:21,78,1665,18,29.70,69.60
2026-03-30 17:43:26,92,1473,35,29.70,69.50
2026-03-30 17:43:31,113,1601,50,29.70,69.60
2026-03-30 17:43:36,83,1680,44,29.70,69.60
2026-03-30 17:43:41,93,1569,30,29.70,69.60
2026-03-30 17:43:46,66,1403,27,29.70,69.40
2026-03-30 17:43:51,105,1467,34,29.70,69.50
2026-03-30 17:43:56,122,1522,43,29.70,69.60
2026-03-30 17:44:01,91,1607,28,29.70,69.40
2026-03-30 17:44:06,75,1666,35,29.70,69.50
2026-03-30 17:44:11,33,1665,32,29.70,69.50
2026-03-30 17:44:16,81,1584,48,29.70,69.60
2026-03-30 17:44:21,115,1655,1,29.70,69.50
2026-03-30 17:44:26,134,1658,26,29.70,69.60
2026-03-30 17:44:31,130,1655,91,29.70,69.50
2026-03-30 17:44:36,130,1581,34,29.70,69.50
2026-03-30 17:44:41,146,1700,53,29.70,69.60
2026-03-30 17:44:46,144,1584,43,29.70,69.40
2026-03-30 17:44:51,111,1488,39,29.70,69.50
2026-03-30 17:44:56,121,1525,37,29.70,69.50
2026-03-30 17:45:01,123,1590,49,29.70,69.50
2026-03-30 17:45:06,116,1478,46,29.70,69.50
2026-03-30 17:45:11,123,1582,43,29.70,69.50
2026-03-30 17:45:16,117,1439,48,29.70,69.50
2026-03-30 17:45:21,134,1456,32,29.70,69.50
2026-03-30 17:45:26,122,1630,41,29.70,69.50
2026-03-30 17:45:31,113,1598,37,29.70,69.50
2026-03-30 17:45:36,115,1527,30,29.70,69.40
2026-03-30 17:45:41,103,1679,22,29.70,69.50
2026-03-30 17:45:46,82,1616,35,29.70,69.50
2026-03-30 17:45:51,102,1651,0,29.70,69.50
2026-03-30 17:45:56,112,1632,49,29.70,69.40
2026-03-30 17:46:01,114,1570,41,29.70,69.60
2026-03-30 17:46:06,93,1649,45,29.60,69.60
2026-03-30 17:46:11,128,1597,51,29.70,69.50
2026-03-30 17:46:16,111,1408,48,29.70,69.50
2026-03-30 17:46:21,129,1419,32,29.70,69.50
2026-03-30 17:46:26,112,1451,42,29.70,69.60
2026-03-30 17:46:31,101,1633,34,29.70,69.60
2026-03-30 17:46:36,131,1626,46,29.70,69.50
2026-03-30 17:46:41,115,1595,45,29.70,69.60
2026-03-30 17:46:46,118,1680,44,29.70,69.50
2026-03-30 17:46:51,131,1604,51,29.70,69.60
2026-03-30 17:46:56,111,1568,45,29.70,69.60
2026-03-30 17:47:01,113,1693,45,29.70,69.60
2026-03-30 17:47:06,110,1555,38,29.70,69.50
2026-03-30 17:47:11,95,1710,48,29.70,69.50
2026-03-30 17:47:16,96,1637,17,29.70,69.40
2026-03-30 17:47:21,89,1337,36,29.70,69.50
2026-03-30 17:47:26,82,1349,30,29.70,69.50
2026-03-30 17:47:31,92,1609,36,29.70,69.50
2026-03-30 17:47:36,90,1421,33,29.70,69.50
2026-03-30 17:47:41,107,1392,42,29.70,69.40
2026-03-30 17:47:46,105,1392,16,29.70,69.50
2026-03-30 17:47:51,103,1456,46,29.70,69.50
2026-03-30 17:47:56,66,1347,29,29.70,69.50
2026-03-30 18:16:52,128,1573,51,29.70,69.70
2026-03-30 18:16:52,112,1678,63,29.80,69.80
2026-03-30 18:16:52,101,1567,48,29.70,69.70
2026-03-30 18:16:52,101,1567,48,29.70,69.70
2026-03-30 18:16:52,119,1535,57,29.70,69.80
2026-03-30 18:17:24,109,1639,54,29.70,69.80
2026-03-30 18:17:29,115,1667,45,29.70,69.70
2026-03-30 18:17:34,150,1490,51,29.70,69.70
2026-03-30 18:17:39,111,1647,43,29.70,69.80
2026-03-30 18:17:44,136,1617,16,29.70,69.70
2026-03-30 18:17:49,128,1738,61,29.70,69.70
2026-03-30 18:17:54,136,1663,55,29.70,69.80
2026-03-30 18:17:59,136,1569,54,29.70,69.80
2026-03-30 18:18:04,139,1710,53,29.70,70.00
