Vision_Quality,Area,Gas_Quality,Humidity,Temperature,Shelf_Life_Days,Spoilage_Phase
91.97371322408986,344469.0,95.0,74.8,28.9,,3
93.18150830480553,410921.0,95.0,74.5,28.9,,3
86.12677300221331,340634.0,88.5,74.5,28.9,,3
100.0,380697.0,97.0,74.7,28.9,,3
84.24420491252039,371702.0,97.0,74.6,28.9,,3
84.2926584575003,331370.0,98.5,74.6,28.9,,3
89.93569817252828,273468.0,96.5,74.7,28.8,,3
75.0,327508.0,98.5,74.9,28.9,,3
79.89735103732461,362569.0,100.0,74.7,28.9,,3
80.7358073958303,293507.0,99.5,74.9,28.9,,3
99.72519015137243,340968.0,100.0,74.9,28.9,,3
88.5402256375034,293010.0,100.0,74.9,28.9,,3
83.64493820379855,354436.0,100.0,74.7,28.9,,3
78.79205138062157,365027.0,100.0,74.8,28.9,,3
83.19489048064956,338332.0,100.0,74.8,28.9,,3
83.18634710216483,424091.0,100.0,74.9,28.9,,3
87.89202220209653,307691.0,100.0,74.9,28.9,,3
94.5803592968255,301166.0,100.0,75.2,28.9,11.1,3
89.67090876003805,271613.0,100.0,74.8,28.9,,3
77.37451160881255,357874.0,100.0,74.6,28.9,,3
93.90773263996329,356854.0,100.0,74.7,28.9,,3
87.07481374089407,337955.0,100.0,74.7,28.9,,3
76.17182407706058,321206.0,100.0,74.7,28.9,,3
84.3148898323217,392284.0,100.0,74.7,28.9,,3
90.74894631654769,279478.0,100.0,74.6,28.9,,3
90.59267175515836,334596.0,100.0,74.6,28.9,,3
82.58462399755233,374467.0,100.0,74.6,28.9,,3
96.2479961799676,387251.0,100.0,74.8,28.9,,3
81.2862598142189,337631.0,100.0,74.7,28.9,,3
90.65010745122851,389021.0,99.5,74.8,28.9,,3
84.16660609723768,342573.0,100.0,75.0,28.9,,3
79.14932020795177,302151.0,100.0,75.0,28.8,,3
94.50020657915358,404249.0,100.0,74.8,28.9,,3
87.42391902735733,390141.0,100.0,74.8,28.8,,3
90.89308820038107,324195.0,100.0,74.8,28.8,,3
90.8911648440673,411521.0,100.0,74.8,28.8,11.0,3
87.71339168712039,412585.0,100.0,74.7,28.8,,3
75.0,382876.0,100.0,74.6,28.8,,3
88.69637654590537,338039.0,99.0,74.6,28.9,,3
88.73408621228401,270497.0,100.0,74.7,28.8,,3
86.2426248972999,364284.0,100.0,74.6,28.8,,3
99.82315235793213,329269.0,100.0,74.7,28.8,,3
81.5320511768545,329929.0,100.0,74.6,28.8,,3
95.3232169416166,363150.0,100.0,74.6,28.8,,3
83.7619183698637,370530.0,100.0,74.6,28.8,,3
88.77662039478432,388745.0,99.5,74.7,28.7,,3
82.38357524898117,336893.0,100.0,74.7,28.8,,3
84.86313477494274,291459.0,100.0,74.8,28.7,,3
90.3689622165166,360442.0,94.0,74.9,28.8,,3
88.04090765313968,340616.0,100.0,74.9,28.7,,3
76.6770340635967,333174.0,100.0,75.0,28.7,,3
85.25828386778585,317908.0,99.0,74.8,28.7,,3
86.70971430667193,366162.0,99.0,76.2,28.6,,3
100.0,356983.0,98.5,76.0,28.6,,3
90.06040312578212,347022.0,100.0,76.0,28.6,,3
75.0,348939.0,100.0,75.9,28.6,,3
88.48184167952822,448529.0,100.0,75.9,28.6,,3
86.46111228175101,362061.0,100.0,75.8,28.6,,3
87.72230584235805,303252.0,100.0,75.7,28.6,,3
97.14258251612017,380077.0,100.0,75.9,28.6,,3
94.32825557634438,313624.0,100.0,75.9,28.6,,3
99.22235448748879,293925.0,100.0,75.8,28.6,,3
92.69485675040217,437618.0,100.0,75.9,28.6,,3
80.07570939895449,327348.0,100.0,76.0,28.6,,3
88.79721092070113,329860.0,100.0,76.4,28.6,,3
75.59469255147094,352742.0,100.0,76.5,28.6,,3
79.50157029019115,368943.0,100.0,76.5,28.6,,3
80.64460612612957,411997.0,100.0,77.3,28.6,,3
81.7339736613101,337117.0,100.0,77.5,28.7,,3
94.50813773895736,300765.0,100.0,76.6,28.7,,3
89.81967947683303,402285.0,100.0,76.0,28.7,,3
75.14013412351018,357385.0,100.0,75.5,28.7,,3
90.07906235398738,381272.0,100.0,75.1,28.7,,3
78.10439431297534,297181.0,100.0,75.2,28.7,,3
92.17553252493518,361879.0,100.0,74.9,28.7,,3
90.00394280276701,363857.0,100.0,74.8,28.8,,3
82.55980222737207,359290.0,100.0,74.7,28.8,,3
90.34457978638945,321425.0,100.0,74.8,28.8,11.0,3
100.0,368953.0,100.0,74.7,28.7,,3
78.46957202237881,376262.0,100.0,74.6,28.8,,3
80.20254663818143,381483.0,100.0,74.8,28.8,,3
97.26876463205923,317172.0,100.0,74.7,28.8,,3
95.70700903395458,366511.0,100.0,74.6,28.8,,3
94.57648127995591,425871.0,100.0,74.6,28.8,,3
86.03689507197704,319850.0,100.0,74.7,28.7,,3
80.88388456299582,317367.0,100.0,74.6,28.7,,3
87.38318632468717,363646.0,100.0,74.7,28.7,,3
90.21352639464016,383087.0,99.5,74.7,28.7,,3
88.10401513502326,408141.0,100.0,74.7,28.7,,3
85.88274533409636,458806.0,100.0,74.7,28.8,,3
93.00533878212005,315713.0,100.0,74.6,28.8,,3
79.4328600155111,369298.0,100.0,74.7,28.7,10.4,3
86.2122977173932,378560.0,100.0,74.7,28.7,,3
91.78590099658835,347086.0,100.0,74.8,28.7,,3
81.22565025545276,289406.0,100.0,74.8,28.7,,3
84.42788038346383,384255.0,100.0,74.7,28.7,,3
89.71274995304164,300170.0,100.0,74.8,28.7,,3
89.38544740680946,365412.0,100.0,74.9,28.7,,3
80.92914051039094,356149.0,100.0,74.9,28.7,,3
88.465669747568,304281.0,100.0,74.9,28.7,,3
90.86229888278626,372431.0,100.0,74.9,28.7,,3
96.66440994540221,392152.0,100.0,74.9,28.7,,3
76.97864505634327,312486.0,100.0,74.9,28.7,,3
92.12028213766928,370551.0,100.0,74.9,28.7,,3
92.12038149044838,504109.0,100.0,75.0,28.7,,3
92.56712408554533,395422.0,100.0,75.0,28.7,,3
95.63201410794562,376055.0,100.0,74.9,28.7,,3
85.47784604287723,380358.0,100.0,75.0,28.7,,3
81.81739828369942,340527.0,100.0,75.1,28.7,10.5,3
84.11709161736717,353274.0,99.5,75.0,28.7,,3
100.0,275309.0,100.0,75.0,28.7,,3
93.4900815229961,285491.0,100.0,75.2,28.7,,3
84.22454507368454,393558.0,100.0,75.0,28.7,,3
88.5142401527637,306890.0,99.5,75.0,28.7,,3
82.27757032592025,377183.0,100.0,75.0,28.6,,3
82.1570669462629,358658.0,100.0,75.1,28.7,,3
88.3645747192305,323935.0,100.0,75.1,28.7,,3
100.0,375356.0,100.0,75.1,28.7,,3
75.0,357458.0,100.0,75.2,28.7,10.1,3
82.70570828185289,384097.0,100.0,75.2,28.7,10.5,3
81.65983409253839,345410.0,100.0,75.2,28.6,10.5,3
92.03989823184365,384630.0,100.0,75.3,28.6,,3
78.3976287435538,336619.0,100.0,75.1,28.6,,3
84.20043751071235,323866.0,100.0,75.4,28.6,,3
100.0,366199.0,100.0,75.2,28.6,,3
77.91292836531964,386714.0,100.0,75.4,28.6,,3
100.0,391298.0,100.0,75.2,28.6,,3
75.8450402723679,330630.0,99.5,75.2,28.6,,3
98.13528919349298,321693.0,100.0,75.3,28.6,,3
91.55055542516983,380985.0,100.0,75.2,28.6,,3
80.58455622737533,347618.0,100.0,75.4,28.6,,3
75.0,309024.0,100.0,75.4,28.6,,3
85.97945478885472,300088.0,100.0,75.3,28.6,,3
100.0,292794.0,100.0,75.4,28.6,,3
84.47964410642413,355229.0,100.0,75.5,28.6,10.6,3
99.53018631252893,292565.0,99.5,75.3,28.6,,3
97.30531001723968,350409.0,100.0,75.3,28.6,,3
80.14793079161639,368484.0,100.0,75.5,28.6,,3
89.59247756458777,325991.0,100.0,75.4,28.6,,3
88.55841667992016,334587.0,100.0,75.3,28.6,,3
88.90813876200998,376485.0,99.5,75.3,28.6,,3
100.0,300487.0,100.0,75.4,28.6,,3
100.0,271916.0,100.0,75.5,28.6,,3
86.78571923971533,373532.0,100.0,75.5,28.6,,3
90.24793494188026,325092.0,100.0,75.4,28.6,,3
86.3350219971418,330279.0,100.0,75.3,28.6,,3
83.2850819444463,383984.0,100.0,75.6,28.6,,3
90.85612388772037,322283.0,100.0,75.5,28.6,11.0,3
95.19679900346601,362291.0,100.0,75.4,28.6,,3
94.50289695071169,375185.0,100.0,75.5,28.6,,3
81.36803991262342,327592.0,100.0,75.5,28.6,,3
93.9783488409861,374414.0,100.0,75.6,28.6,,3
87.83278724828682,354693.0,100.0,75.5,28.5,,3
98.2213191663074,326337.0,100.0,75.5,28.6,,3
92.37677904936031,341912.0,100.0,75.5,28.6,,3
86.25855037418224,393951.0,100.0,75.6,28.6,,3
94.60333079190424,382540.0,100.0,75.6,28.6,,3
98.44383045723464,350840.0,100.0,75.5,28.6,,3
93.45562377035971,337589.0,100.0,75.6,28.6,,3
90.59333081990754,344794.0,100.0,75.5,28.6,,3
88.77596771994175,373806.0,100.0,75.6,28.6,,3
81.45423453413223,433695.0,100.0,75.8,28.6,,3
79.95186094800238,301432.0,100.0,75.7,28.6,,3
97.26488698800054,381666.0,100.0,75.6,28.6,,3
92.99295853641723,375133.0,100.0,75.6,28.6,,3
87.90202581722468,314109.0,100.0,75.6,28.6,10.8,3
88.6064364655498,322913.0,100.0,75.6,28.6,,3
95.800957867342,344117.0,100.0,75.5,28.5,,3
81.39602242565991,337144.0,100.0,75.5,28.6,,3
91.30345163420499,327451.0,100.0,75.6,28.6,,3
81.42223683546855,359747.0,100.0,75.8,28.6,,3
89.95973256886978,329722.0,100.0,75.7,28.5,,3
84.23169355505341,359281.0,100.0,75.7,28.6,,3
76.4153252680214,293701.0,100.0,75.6,28.6,,3
82.2524462299805,341462.0,100.0,75.6,28.5,,3
90.48726052478403,409014.0,100.0,75.6,28.5,11.0,3
94.86127698561616,343602.0,100.0,75.6,28.6,11.2,3
87.84787033677848,309898.0,100.0,75.4,28.5,,3
87.85189491206089,338453.0,100.0,75.5,28.5,,3
90.58174848270471,316910.0,100.0,75.6,28.5,,3
92.15477211392938,411309.0,100.0,75.6,28.5,,3
87.12991881234514,366068.0,100.0,75.6,28.5,10.8,3
93.5211519336889,333951.0,100.0,75.4,28.5,,3
89.79273985448333,350503.0,100.0,75.7,28.5,,3
88.78140878839065,319079.0,100.0,75.7,28.5,,3
88.19608139407154,369919.0,100.0,75.6,28.5,,3
99.60914886236033,388370.0,100.0,76.5,28.5,,3
100.0,319306.0,100.0,77.1,28.5,,3
94.97856509376543,357333.0,100.0,76.4,28.6,,3
100.0,317668.0,100.0,76.2,28.6,,3
81.2822252625538,326024.0,100.0,76.0,28.6,,3
75.0,328969.0,100.0,76.8,28.6,,3
81.92693870757041,356015.0,100.0,76.7,28.6,,3
90.73404780621728,425046.0,99.0,77.0,28.6,,3
95.60339070548841,326923.0,100.0,76.8,28.6,,3
80.81268262921314,369676.0,100.0,76.8,28.6,10.3,3
77.43813434383486,423258.0,100.0,76.7,28.6,,3
97.4355209657703,331232.0,100.0,76.1,28.7,11.3,3
75.0,404154.0,100.0,76.1,28.7,,3
87.08368123797905,399512.0,100.0,75.8,28.7,,3
75.24457872964507,326024.0,100.0,75.6,28.7,,3
88.04194959774547,351879.0,100.0,75.6,28.7,,3
84.39947622816605,374913.0,100.0,75.6,28.7,10.6,3
79.45903656493924,344304.0,100.0,75.6,28.7,,3
88.9623650536952,370577.0,100.0,75.4,28.7,,3
93.69291902471112,305014.0,100.0,75.4,28.8,,3
75.72708663411503,401107.0,100.0,75.2,28.8,,3
90.65851209583673,320060.0,100.0,75.2,28.7,11.0,3
100.0,354626.0,100.0,75.2,28.7,,3
97.43437747251062,352700.0,100.0,75.0,28.8,,3
100.0,420213.0,100.0,75.0,28.7,,3
86.00828681216741,388862.0,100.0,75.0,28.7,,3
93.16300759668118,404745.0,100.0,75.0,28.7,,3
80.28061231535916,377442.0,100.0,75.1,28.8,,3
96.46739589479671,279650.0,100.0,74.9,28.7,,3
78.5339318986738,268430.0,100.0,74.9,28.7,,3
85.84474532444354,378701.0,100.0,74.9,28.7,,3
100.0,352963.0,100.0,74.8,28.7,,3
100.0,294795.0,100.0,74.8,28.7,,3
75.0,347778.0,100.0,74.9,28.7,,3
91.07252359151445,348692.0,100.0,74.8,28.8,,3
75.0,346435.0,100.0,74.7,28.7,,3
77.56424399596118,376786.0,100.0,74.8,28.7,,3
90.93278596877478,312404.0,100.0,74.8,28.7,,3
83.88906466130645,307631.0,100.0,74.9,28.7,,3
87.49856722181462,388205.0,100.0,74.8,28.7,,3
80.11419162931566,370161.0,100.0,74.9,28.7,,3
83.75793905302048,318285.0,100.0,75.0,28.7,,3
87.14375712036353,308590.0,100.0,74.9,28.7,,3
83.57080555722254,302084.0,100.0,74.9,28.7,,3
100.0,351410.0,100.0,74.7,28.7,,3
82.40219593605931,358559.0,100.0,74.9,28.7,,3
87.10137560247337,341161.0,100.0,74.9,28.6,,3
92.9133336003474,380300.0,100.0,74.8,28.7,,3
83.75599081911578,326967.0,100.0,74.9,28.7,,3
85.79958642278685,257923.0,100.0,75.0,28.7,,3
75.87847150241159,404674.0,100.0,74.9,28.7,,3
100.0,340038.0,100.0,75.0,28.7,,3
92.61245570444613,362450.0,100.0,74.9,28.7,,3
100.0,394782.0,100.0,74.9,28.6,,3
86.97665926815387,311778.0,100.0,75.0,28.6,,3
75.14842943793943,358138.0,100.0,75.0,28.6,,3
81.94919403772558,293109.0,100.0,74.9,28.6,,3
82.82741692605978,306738.0,100.0,75.0,28.6,,3
100.0,385265.0,100.0,74.9,28.6,,3
87.93621886946706,409197.0,100.0,75.0,28.6,,3
88.61894646118094,315548.0,100.0,75.0,28.6,,3
100.0,371556.0,100.0,75.0,28.6,,3
79.70203076538834,342386.0,100.0,74.9,28.6,10.4,3
80.99505397292194,294688.0,100.0,75.0,28.6,,3
95.40942038025312,426376.0,100.0,75.0,28.6,,3
76.81145940944687,372518.0,100.0,75.0,28.6,,3
82.79485944702539,330514.0,100.0,75.0,28.6,10.6,3
83.26084860608904,315440.0,100.0,74.9,28.6,,3
88.38817302355862,316761.0,100.0,74.9,28.6,,3
90.16365460623871,347990.0,100.0,75.0,28.6,,3
86.08841562506872,313697.0,100.0,75.0,28.5,,3
83.38582935545334,380215.0,100.0,75.0,28.6,,3
92.00733750099505,310897.0,100.0,75.0,28.6,,3
88.7946584434338,380055.0,100.0,75.0,28.6,,3
75.0,371734.0,100.0,74.9,28.6,,3
82.69900992843323,372823.0,100.0,75.0,28.6,,3
81.89392674765986,277804.0,100.0,75.0,28.6,,3
75.0,351923.0,100.0,75.0,28.6,,3
90.07778001377186,313827.0,100.0,75.0,28.5,,3
93.108739670219,283539.0,100.0,74.9,28.6,,3
87.47136161082146,301559.0,100.0,74.9,28.5,10.9,3
82.78531113758272,351895.0,100.0,75.1,28.5,10.6,3
81.11669307772839,334617.0,100.0,75.1,28.5,,3
96.05034247371552,326924.0,100.0,75.2,28.5,,3
94.68553689652113,304811.0,100.0,76.3,28.5,11.2,3
92.23843342332226,407662.0,97.0,78.1,28.6,,3
75.0,318124.0,94.0,77.3,28.6,,3
92.61657701744431,341878.0,99.0,76.6,28.6,,3
90.96916698697046,325840.0,100.0,76.2,28.6,,3
88.6927182997832,343772.0,100.0,75.8,28.6,,3
97.34225649327846,360176.0,93.5,75.4,28.7,,3
90.70082129660162,333524.0,100.0,75.2,28.7,,3
84.09915020742005,332697.0,100.0,75.0,28.7,,3
91.15561713902638,333160.0,100.0,74.9,28.7,11.0,3
90.3181988551713,433016.0,100.0,75.0,28.7,,3
94.96899762745353,336959.0,100.0,74.9,28.7,,3
97.60971137731156,333676.0,100.0,74.7,28.7,,3
75.0,309676.0,100.0,74.6,28.7,,3
75.0,335939.0,100.0,74.6,28.7,,3
88.14734703351641,417057.0,100.0,74.6,28.7,,3
90.6154189901133,341235.0,94.5,74.6,28.7,,3
94.63524464946791,261554.0,100.0,74.5,28.7,11.3,3
89.88491646486852,380834.0,100.0,74.6,28.6,,3
76.17131003376127,395750.0,100.0,74.5,28.7,,3
90.70797125995531,333388.0,100.0,74.6,28.7,11.0,3
93.06225492885028,440827.0,100.0,74.5,28.6,,3
89.45493004046796,359928.0,100.0,74.5,28.6,,3
84.32511280367805,316006.0,100.0,74.5,28.6,10.7,3
94.64268653235396,315756.0,100.0,74.4,28.6,,3
88.57252989775515,330893.0,100.0,74.5,28.6,,3
91.83183860597113,363346.0,100.0,74.6,28.6,,3
96.3003195540632,329599.0,99.5,74.5,28.6,,3
85.84100051765303,310849.0,100.0,74.5,28.6,,3
84.4456539193911,365092.0,100.0,74.5,28.6,,3
94.05590893316281,313113.0,100.0,74.5,28.6,,3
94.95684736084529,404225.0,100.0,74.5,28.6,,3
91.3074792257896,425071.0,100.0,74.5,28.6,,3
81.80968640717141,300213.0,100.0,74.6,28.5,,3
75.0,409841.0,100.0,74.6,28.6,,3
93.23492525083246,347776.0,100.0,74.6,28.6,,3
90.23974901055857,304980.0,100.0,74.6,28.6,,3
100.0,355168.0,100.0,74.6,28.6,,3
88.87515835683914,379030.0,100.0,74.6,28.5,,3
91.84807385389371,358955.0,100.0,74.6,28.6,,3
81.67620435643751,368858.0,99.0,74.6,28.5,10.5,3
100.0,403816.0,100.0,74.6,28.6,,3
100.0,329551.0,100.0,74.6,28.5,,3
80.08316143793135,344968.0,100.0,74.5,28.5,,3
88.44579929830955,393767.0,100.0,74.6,28.5,,3
75.0,411182.0,100.0,74.6,28.5,,3
86.73593681136809,332924.0,100.0,74.7,28.5,,3
79.90316499791867,283805.0,100.0,74.6,28.5,,3
94.58536467169532,352932.0,100.0,74.6,28.5,11.3,3
77.68031280207157,298196.0,100.0,74.6,28.5,10.4,3
85.31372240567897,416760.0,100.0,74.6,28.5,,3
85.92326918909116,289874.0,100.0,74.6,28.5,,3
86.03405548731244,339091.0,100.0,74.7,28.5,,3
75.0,347828.0,100.0,74.7,28.5,,3
86.15252375833057,377848.0,100.0,74.7,28.5,,3
100.0,395062.0,100.0,74.7,28.5,,3
85.84889047556136,305738.0,99.5,74.6,28.5,,3
100.0,352368.0,100.0,74.7,28.4,,3
88.11143433530357,349034.0,100.0,74.7,28.5,,3
89.58467808614284,344225.0,100.0,74.7,28.5,,3
83.41070394495812,328125.0,100.0,74.7,28.5,,3
87.73797383827201,328263.0,100.0,74.7,28.4,,3
82.29723373858269,354257.0,100.0,74.7,28.5,,3
85.96018226063316,410159.0,100.0,74.7,28.5,,3
75.0,393660.0,100.0,74.7,28.5,,3
97.96868153998103,267064.0,100.0,74.7,28.4,,3
85.25849924735721,335142.0,100.0,74.7,28.4,,3
76.73990644225744,318887.0,100.0,74.8,28.4,,3
79.11539323627338,420090.0,100.0,74.7,28.4,,3
95.48542714517968,400862.0,100.0,74.7,28.4,,3
93.77337651234588,304837.0,100.0,74.8,28.4,,3
83.80383786976181,369574.0,100.0,74.6,28.4,,3
78.22297752886443,378519.0,100.0,74.8,28.4,,3
86.07739681473493,335007.0,100.0,74.8,28.4,,3
93.68767974562793,367770.0,100.0,74.8,28.4,,3
85.11227067344736,396373.0,100.0,74.8,28.4,,3
79.35149337920082,374637.0,100.0,74.8,28.4,,3
92.74481006374707,337618.0,100.0,74.7,28.4,,3
90.60906417793694,299955.0,100.0,74.8,28.4,,3
95.39221615365521,342603.0,100.0,74.7,28.4,11.4,3
83.81821583584768,391960.0,100.0,74.7,28.4,,3
82.36525047565793,293661.0,100.0,74.8,28.4,,3
75.54696661180877,374240.0,100.0,74.7,28.4,10.3,3
77.75656518002974,420191.0,100.0,74.7,28.4,,3
75.0,417858.0,100.0,74.8,28.4,,3
89.68813973762094,346131.0,100.0,74.6,28.4,,3
83.6406473055284,365965.0,100.0,74.8,28.3,,3
87.69892238060122,394132.0,100.0,74.7,28.4,,3
88.91382118929631,356012.0,100.0,74.9,28.4,,3
85.09110230228916,347722.0,100.0,74.8,28.3,,3
90.46241415113647,281593.0,100.0,74.8,28.4,,3
77.2145166231543,379730.0,100.0,74.7,28.3,,3
89.36692350502354,342640.0,100.0,74.8,28.4,,3
88.14747146452315,363903.0,99.0,74.8,28.3,,3
83.68192255752511,318867.0,100.0,74.8,28.3,10.8,3
89.56676204078146,310865.0,100.0,74.7,28.4,,3
91.26602204571577,281896.0,100.0,74.8,28.3,,3
96.23324509860515,368903.0,100.0,74.7,28.3,,3
90.048237874511,389307.0,100.0,74.8,28.3,,3
100.0,390574.0,100.0,74.8,28.4,,3
75.0,298816.0,100.0,74.7,28.3,,3
83.00145137843457,351043.0,100.0,74.8,28.3,,3
92.14127216375299,320970.0,100.0,74.8,28.3,,3
89.49413411581662,319784.0,100.0,74.7,28.3,,3
83.10785757606442,293733.0,100.0,74.9,28.3,,3
80.61413403111277,295932.0,100.0,74.9,28.3,,3
80.19301397618133,392145.0,100.0,74.8,28.3,,3
80.40480888934445,455295.0,100.0,74.8,28.3,,3
91.94654320704711,357393.0,100.0,74.7,28.3,,3
81.13313775855029,378012.0,100.0,74.8,28.3,,3
83.39489739009781,354880.0,100.0,74.8,28.3,,3
100.0,346157.0,100.0,74.7,28.3,,3
97.19418661028541,321872.0,100.0,74.8,28.3,,3
87.7200920760243,420832.0,100.0,74.8,28.2,,3
82.98426353769786,422497.0,100.0,74.9,28.3,,3
93.6620154836438,327501.0,100.0,74.7,28.3,,3
93.05926191244417,388902.0,100.0,74.7,28.3,11.3,3
92.97447969773756,287191.0,100.0,74.8,28.3,,3
82.18290259340105,340099.0,100.0,74.7,28.2,10.8,3
87.40453256719962,374826.0,100.0,74.9,28.3,,3
89.42160800746603,296586.0,100.0,74.8,28.3,,3
91.0415828080477,374423.0,100.0,74.8,28.3,11.2,3
92.47832358344832,393231.0,100.0,74.7,28.3,,3
94.67137723639124,368367.0,100.0,74.7,28.3,,3
87.43867430833082,283561.0,100.0,73.8,28.0,,3
91.43694575306068,358307.0,100.0,73.8,28.0,,3
90.172630697563,298930.0,100.0,73.8,28.0,,3
79.3515476767339,392126.0,100.0,73.8,28.0,,3
87.68355876914676,377260.0,100.0,73.8,28.0,,3
88.22654700904368,351190.0,100.0,73.8,28.0,,3
95.50627044780798,329358.0,100.0,73.8,28.0,,3
88.76896621552787,331508.0,100.0,73.8,28.0,,3
84.52403018054147,337633.0,100.0,73.8,28.0,,3
89.7770701730697,330850.0,100.0,73.8,28.0,11.3,3
98.04604900458817,314215.0,100.0,73.8,28.0,,3
86.50502684670913,332410.0,100.0,73.8,28.0,,3
99.57582307482986,357862.0,100.0,73.8,28.0,,3
96.25475631574908,290577.0,100.0,73.8,28.0,,3
90.13640212695407,385585.0,100.0,73.8,28.0,,3
88.6582719142034,392619.0,100.0,73.8,28.0,,3
83.86169239919703,406373.0,100.0,73.8,28.0,,3
100.0,335486.0,100.0,73.8,28.0,,3
84.43597982879382,408135.0,100.0,73.8,28.0,,3
100.0,329085.0,100.0,73.8,28.0,,3
84.63850546323314,338728.0,100.0,73.8,28.0,,3
77.24439591172579,313253.0,100.0,73.8,28.0,,3
79.96687386598346,319288.0,100.0,73.8,28.0,,3
87.72252090090575,359368.0,100.0,73.8,28.0,,3
100.0,310065.0,100.0,73.8,28.0,,3
95.87457918781267,341440.0,100.0,73.8,28.0,,3
87.60429032278054,376992.0,100.0,73.8,28.0,,3
79.01822382750161,365296.0,100.0,73.8,28.0,,3
89.33161766570444,369698.0,100.0,73.8,28.0,,3
90.31334915126254,448212.0,100.0,73.8,28.0,,3
82.89808012598947,328760.0,100.0,73.8,28.0,,3
83.01487578860188,327780.0,100.0,73.8,28.0,,3
82.90090298154786,397560.0,100.0,73.8,28.0,,3
99.36403398391884,327170.0,100.0,73.8,28.0,,3
81.34115541516617,368856.0,100.0,73.8,28.0,10.9,3
83.58221564575223,375317.0,100.0,73.8,28.0,,3
89.6233841668104,289370.0,100.0,73.8,28.0,,3
100.0,421835.0,100.0,73.8,28.0,,3
83.09769047612491,334491.0,100.0,73.8,28.0,,3
90.28692312579923,363378.0,100.0,73.8,28.0,,3
93.26835418138265,430408.0,100.0,73.8,28.0,,3
86.58442218004761,318068.0,100.0,73.8,28.0,,3
76.96544617588378,320762.0,100.0,73.8,28.0,,3
87.73498421700963,421782.0,100.0,73.8,28.0,,3
83.85910960771062,358951.0,100.0,73.8,28.0,,3
87.86861683141798,397535.0,100.0,73.8,28.0,11.2,3
100.0,328765.0,100.0,73.8,28.0,,3
84.08448445985422,391766.0,100.0,73.6,28.0,,3
93.45513191701049,423868.0,100.0,73.8,28.1,,3
92.67142548260772,335628.0,100.0,73.8,28.0,,3
92.72523864553847,394348.0,99.5,73.8,28.0,,3
94.56385744957892,370290.0,100.0,73.8,28.0,,3
96.53339751671324,396771.0,100.0,73.7,28.0,,3
99.05727192830022,375948.0,99.5,73.7,28.0,,3
86.66305535746517,355868.0,99.5,73.8,28.0,,3
97.65207173206686,317322.0,100.0,73.8,28.0,,3
90.94938647098321,334266.0,100.0,73.8,28.0,11.4,3
88.22995858347853,401138.0,100.0,73.7,28.0,,3
89.52879254415923,351857.0,100.0,73.8,28.0,,3
77.12115087216064,379850.0,100.0,73.7,28.0,,3
93.1638734491286,436530.0,100.0,73.8,28.0,,3
85.537774120376,358766.0,100.0,73.7,28.0,,3
89.99506946968604,413098.0,100.0,73.8,28.1,,3
87.23763574090438,361160.0,100.0,73.8,28.0,,3
92.86317207773232,357464.0,100.0,73.7,28.0,,3
84.42853108359577,357763.0,100.0,73.7,28.0,,3
96.58905399887817,308939.0,100.0,73.7,28.0,,3
89.06375739317501,321995.0,100.0,73.8,28.0,11.3,3
97.56037303139874,289072.0,100.0,73.8,28.0,,3
83.5286252218273,365088.0,99.0,73.8,28.0,,3
100.0,347369.0,100.0,73.8,28.1,,3
83.55840378645442,425246.0,100.0,73.8,28.1,,3
76.41588879667005,262047.0,100.0,73.8,28.0,,3
91.52011560042666,329917.0,100.0,73.8,28.0,,3
79.8301374629543,378334.0,99.0,73.8,28.0,,3
89.95040571016959,327436.0,99.5,73.7,28.0,,3
77.75756481063284,384898.0,100.0,73.7,28.0,,3
93.20160942366928,346032.0,100.0,73.8,28.0,,3
100.0,307196.0,100.0,73.7,28.0,,3
75.79579863260209,322323.0,100.0,73.7,28.0,,3
87.63531186915601,359733.0,100.0,73.7,28.0,11.2,3
86.07011153714936,364082.0,100.0,73.7,28.0,,3
77.98768460647645,407750.0,99.0,73.7,28.0,,3
87.34279057285946,394691.0,100.0,73.6,28.0,,3
90.74180277102164,368270.0,97.5,73.7,28.0,,3
92.55813824185763,367908.0,100.0,73.8,28.0,,3
93.14178207894035,403166.0,99.5,73.8,28.0,,3
89.57216935761176,378360.0,100.0,73.7,28.0,,3
87.28211444570219,407604.0,99.5,73.6,28.1,,3
82.58886158352584,422037.0,100.0,73.7,28.0,11.0,3
87.67873639484526,292768.0,100.0,73.7,28.0,,3
89.02483531928631,322757.0,99.5,73.7,28.0,,3
94.7251483919098,323895.0,99.5,73.7,28.0,,3
84.43053253428177,274418.0,100.0,73.7,28.0,,3
84.38154944600738,253044.0,88.0,73.7,28.0,,2
75.32877741211422,380416.0,96.0,73.8,28.0,,3
94.28640126920666,367018.0,99.5,73.7,28.0,,3
80.2641908549663,348091.0,100.0,73.7,28.0,,3
87.97117968727545,303665.0,100.0,73.8,28.0,,3
100.0,385094.0,100.0,73.7,28.0,,3
86.23228660936269,351075.0,100.0,73.8,28.0,,3
89.66706246358042,268330.0,100.0,73.7,28.0,,3
86.02258093983522,322720.0,100.0,73.8,28.0,,3
79.98703992084067,338755.0,100.0,73.8,28.0,,3
100.0,375633.0,99.5,73.8,28.0,,3
83.43056808173762,372903.0,100.0,73.8,28.0,,3
99.19484349268802,386985.0,100.0,73.7,28.0,,3
88.4770429593614,324122.0,100.0,73.7,28.0,,3
93.58578650890873,365739.0,100.0,73.8,28.0,,3
95.16154576022186,375406.0,100.0,73.7,28.0,,3
96.39642172255468,328590.0,100.0,73.7,28.0,,3
98.5391525250746,357903.0,99.5,73.7,28.0,,3
100.0,322432.0,99.0,73.7,28.0,,3
100.0,357916.0,100.0,73.6,28.0,,3
82.78865597108441,330644.0,100.0,73.6,28.0,,3
85.43722153444544,366966.0,100.0,73.6,28.1,,3
92.18268390428399,327051.0,99.5,73.6,28.0,11.5,3
87.80516326191214,435690.0,100.0,73.7,28.0,,3
100.0,367452.0,100.0,73.6,28.0,,3
88.3040278253456,354801.0,100.0,73.6,28.0,,3
92.90814378184334,309088.0,100.0,73.6,28.0,,3
85.94098770061323,283256.0,100.0,73.6,28.0,,3
91.19378498084224,375887.0,100.0,73.6,28.0,11.4,3
84.13450830160501,412959.0,100.0,73.7,28.0,,3
78.19387469598126,291425.0,100.0,73.6,28.0,,3
89.79561454847978,391883.0,100.0,73.6,28.0,,3
100.0,331644.0,100.0,73.6,28.0,,3
96.62944666745037,348459.0,100.0,73.7,28.0,,3
86.61898160047345,385346.0,98.0,73.6,28.0,,3
93.21858302730736,286944.0,100.0,73.6,28.0,,3
99.81232279780717,405203.0,100.0,73.6,28.0,11.9,3
82.99549838792376,365832.0,100.0,73.7,28.0,,3
91.95224149026191,360426.0,100.0,73.7,28.0,,3
83.59755876923664,323135.0,100.0,73.7,28.0,,3
87.79556743206844,396909.0,100.0,73.7,28.0,,3
92.34880123675546,335175.0,100.0,73.7,28.0,,3
94.17358968518676,236058.0,100.0,73.6,28.0,,3
97.19012560297682,280411.0,100.0,73.6,28.0,,3
85.10047246877494,305213.0,100.0,73.7,28.0,,3
77.64254819423276,396433.0,100.0,73.7,28.0,,3
84.25839038950487,363860.0,100.0,73.6,28.0,,3
87.62463536896652,369081.0,100.0,73.7,28.0,11.2,3
88.61457512848204,298680.0,99.0,73.7,28.0,,3
95.97013455557712,330249.0,100.0,73.7,28.0,,3
75.547344810722,332875.0,100.0,73.6,28.0,,3
100.0,384008.0,100.0,73.6,28.0,11.9,3
85.21078292473713,336029.0,99.5,73.7,28.0,,3
85.42691959026094,433069.0,100.0,73.6,28.0,,3
91.05548361785243,367201.0,100.0,73.5,28.0,,3
96.24226763225474,359551.0,100.0,73.5,28.0,,3
85.92766283343437,342146.0,100.0,73.7,28.0,11.1,3
87.42718992468748,348511.0,100.0,73.6,28.0,,3
93.82103634909583,352077.0,97.0,73.4,28.0,,3
93.86112061772464,346771.0,99.5,73.6,28.0,11.6,3
88.62908152252872,270071.0,100.0,73.5,28.0,,3
95.33062139761985,363859.0,99.5,73.4,28.0,,3
95.98408087887722,234149.0,99.5,73.4,28.0,,3
100.0,344416.0,100.0,73.5,28.0,,3
96.86546253390013,308403.0,100.0,73.6,28.0,,3
92.90219124050056,307863.0,100.0,73.5,28.0,,3
83.00984831443355,426561.0,97.0,73.4,28.0,,3
86.47454079389323,358697.0,100.0,73.5,28.0,,3
94.96054184551004,369827.0,97.5,73.4,28.0,,3
89.20335124114861,364598.0,100.0,73.6,28.0,11.3,3
100.0,347695.0,99.5,73.5,28.0,,3
89.60879237371974,392026.0,99.5,73.5,28.0,,3
96.84420746366388,397481.0,98.5,73.5,28.0,,3
93.10984177623348,304279.0,100.0,73.5,28.0,,3
100.0,304146.0,100.0,73.5,28.0,,3
90.42108372191227,319828.0,96.5,73.5,28.1,,3
87.48689322725606,363150.0,100.0,73.6,28.0,,3
90.57085772360219,366876.0,100.0,73.6,28.1,,3
100.0,368141.0,100.0,73.6,28.0,,3
86.04674691767481,388563.0,100.0,73.6,28.0,,3
97.51576391139713,300895.0,100.0,73.5,28.0,,3
92.77920055879886,378046.0,100.0,73.6,28.0,,3
85.61949197312006,405028.0,100.0,73.5,28.0,,3
86.79955530373978,355023.0,100.0,73.8,28.0,,3
86.61542540572904,350623.0,100.0,73.5,28.0,,3
79.22979930483838,292397.0,100.0,73.6,28.0,,3
100.0,316121.0,100.0,73.5,28.0,,3
80.06886120434955,263864.0,100.0,73.6,28.0,,3
82.88830601848399,297076.0,100.0,73.6,28.1,,3
100.0,390392.0,100.0,73.6,28.0,,3
82.49479723857822,440097.0,100.0,73.6,28.0,,3
95.85412389593276,337006.0,100.0,73.6,28.0,,3
75.0,441637.0,100.0,73.4,28.0,10.6,3
76.88342026589123,284184.0,100.0,73.6,28.0,,3
96.18056345607712,447590.0,100.0,73.5,28.0,,3
99.07418254808414,372556.0,100.0,73.6,28.0,,3
92.75803473332229,384136.0,100.0,73.6,28.0,,3
94.07142871829411,361247.0,100.0,73.6,28.0,,3
88.83360883161501,347496.0,100.0,73.5,28.0,11.3,3
81.96828328906659,338772.0,99.0,73.4,28.0,,3
75.0,346066.0,100.0,73.5,28.0,,3
80.09127114279266,305856.0,100.0,73.5,28.0,,3
89.43915320922783,405680.0,100.0,73.6,28.0,11.3,3
95.3465328480185,287179.0,100.0,73.6,28.0,,3
80.0829749074373,387630.0,100.0,73.6,28.0,,3
80.14010085169352,341014.0,100.0,73.6,28.0,,3
92.40041679219641,311266.0,100.0,73.6,28.0,,3
88.84300404916767,296638.0,100.0,73.6,28.0,,3
83.18905884839029,362791.0,100.0,73.6,28.0,,3
75.25605013174665,367618.0,100.0,73.4,28.0,,3
87.84289760858655,372099.0,100.0,73.5,28.0,,3
89.7913130725173,404565.0,100.0,73.5,28.0,,3
89.00179602118325,332823.0,95.5,73.4,28.0,,3
88.97838002425827,371731.0,100.0,73.6,28.0,,3
88.39088056260563,351623.0,100.0,73.6,28.0,,3
82.38406649754596,323483.0,100.0,73.7,28.0,,3
76.77915782560245,419983.0,100.0,73.5,28.0,,3
78.04909411686972,322283.0,100.0,73.5,28.0,,3
82.25274187544642,385796.0,99.0,73.6,28.0,,3
85.64040257366378,399909.0,100.0,73.5,28.0,,3
82.61207500604905,361159.0,100.0,73.5,28.0,,3
81.31722357392194,435805.0,100.0,73.5,28.0,,3
78.4992126477639,362392.0,100.0,73.5,28.0,,3
93.07021504745678,366551.0,100.0,73.6,28.0,,3
86.51769872897833,344807.0,99.5,73.4,28.0,,3
88.35049177583288,344119.0,100.0,73.5,28.0,,3
95.71103293435928,438420.0,100.0,73.6,28.0,,3
83.54006571993733,295207.0,99.5,73.5,28.0,,3
87.29374361318996,453188.0,100.0,73.6,28.0,11.2,3
81.57060345624215,415564.0,100.0,73.4,28.0,,3
100.0,327856.0,100.0,73.5,28.0,,3
92.5518646334822,415135.0,100.0,73.5,28.0,11.5,3
84.9669780721001,341856.0,100.0,73.5,28.0,,3
83.34655268841085,309409.0,93.5,73.6,28.0,,3
82.80577963947195,301042.0,100.0,73.5,28.0,,3
88.27266774607381,319201.0,100.0,73.6,28.0,,3
89.87028729432598,287764.0,100.0,73.6,28.0,,3
90.64704185771566,383341.0,100.0,73.6,28.0,,3
75.0,364962.0,100.0,73.6,28.0,,3
97.82135193978634,301614.0,100.0,73.6,28.0,,3
100.0,366760.0,100.0,73.6,28.0,,3
82.35990515393273,347769.0,100.0,73.5,28.0,,3
92.46661530017379,353040.0,100.0,73.6,28.0,,3
92.31004793957095,313173.0,100.0,73.5,28.0,,3
89.35488659228862,293451.0,100.0,73.6,28.0,,3
87.1101915092104,313843.0,100.0,73.6,28.0,,3
82.11576045928187,399443.0,100.0,73.6,28.0,,3
96.73048096475415,374365.0,100.0,73.6,28.0,,3
79.26149788261937,337343.0,100.0,73.6,28.0,,3
97.70478159983347,355668.0,100.0,73.5,28.0,11.8,3
100.0,365732.0,100.0,73.6,28.0,,3
89.53639293192025,337635.0,100.0,73.7,28.0,,3
89.06832723825826,343901.0,100.0,73.6,28.0,,3
93.66486941350873,388268.0,98.5,73.5,28.0,,3
81.71208431593641,296750.0,100.0,73.6,28.0,,3
75.0,370319.0,100.0,73.6,28.0,10.5,3
79.17306715060901,263884.0,100.0,73.7,28.0,,3
91.10862883624772,449719.0,100.0,73.5,28.0,,3
87.95143270768085,383539.0,100.0,73.6,28.0,,3
88.65463486838053,346044.0,100.0,73.6,28.0,11.3,3
95.35261186390215,338389.0,100.0,73.7,28.0,,3
90.13913851257523,362867.0,100.0,73.6,28.0,,3
82.6552763708556,389681.0,100.0,73.6,28.0,,3
86.60032194643674,319770.0,100.0,73.6,28.0,,3
92.29207874856323,314061.0,100.0,73.7,28.0,,3
88.22544925895302,349635.0,100.0,73.8,28.0,,3
96.68716452665262,368987.0,100.0,73.7,28.0,,3
87.79978433003885,382710.0,99.5,73.6,27.9,,3
99.12166039213851,372312.0,100.0,73.6,28.0,,3
88.08282095874705,297526.0,100.0,73.6,28.0,,3
79.47909069539702,337791.0,100.0,73.7,28.0,,3
83.12390238272573,342521.0,100.0,73.8,28.0,,3
88.45319939917685,371187.0,100.0,73.6,28.0,,3
87.43600977552727,369460.0,100.0,73.6,28.0,,3
88.51579531848097,270981.0,100.0,73.7,28.0,,3
80.48531684944996,344236.0,100.0,73.6,28.0,,3
78.32244205727113,373997.0,100.0,73.8,28.0,,3
100.0,398750.0,100.0,73.7,28.0,,3
86.29245703255833,409629.0,100.0,73.7,28.0,,3
89.1893396576169,336516.0,100.0,73.6,28.0,11.3,3
83.09277869167248,337901.0,100.0,73.7,28.0,,3
84.89458545167017,356816.0,100.0,73.6,28.0,,3
89.28459184839892,350121.0,100.0,73.6,28.0,,3
91.4955053579708,397625.0,100.0,73.6,28.0,,3
95.59643308353058,290604.0,100.0,73.6,28.0,,3
75.0,387372.0,100.0,73.5,28.0,,3
77.06497041267663,341009.0,100.0,73.6,28.0,,3
78.63909579152512,277920.0,100.0,73.6,28.0,,3
92.3317018256383,380366.0,100.0,73.5,28.0,11.5,3
83.38791679418624,246358.0,100.0,73.6,28.0,,3
83.63004441398014,365672.0,100.0,73.6,28.0,11.0,3
76.16870744980697,357334.0,100.0,73.4,28.0,,3
87.87752120661604,373171.0,100.0,73.5,28.0,,3
88.95664294731323,311077.0,100.0,73.7,28.0,,3
97.57257201331593,343658.0,100.0,73.7,28.0,,3
87.78156368392054,312669.0,100.0,73.5,28.0,,3
84.45374199046792,314607.0,100.0,73.6,28.0,,3
86.61643152061262,418468.0,100.0,73.6,28.0,,3
77.02479085654915,285457.0,100.0,73.5,28.0,,3
99.76936261994886,341627.0,100.0,73.6,28.0,,3
82.64741809072066,391596.0,100.0,73.5,28.0,,3
83.15507568210509,423040.0,100.0,73.5,28.0,,3
93.42340697071415,330483.0,100.0,73.5,28.0,,3
100.0,325771.0,100.0,73.5,28.0,,3
93.93676297607446,361971.0,100.0,73.5,28.0,,3
98.41393031519038,412460.0,100.0,73.5,28.0,,3
88.25603319252613,319863.0,100.0,73.5,28.0,,3
91.67977714351294,322891.0,100.0,73.5,28.0,,3
100.0,355461.0,100.0,73.5,28.0,,3
85.07742758950313,357387.0,100.0,73.6,28.0,,3
77.22298968376242,311135.0,100.0,73.6,28.0,,3
97.6033112635554,323724.0,100.0,73.5,28.0,,3
79.62471213854448,371466.0,100.0,73.5,28.0,,3
97.48563323730397,378758.0,100.0,73.5,28.0,,3
95.96838148644653,319728.0,100.0,73.5,28.0,,3
76.62551466606524,410053.0,100.0,73.5,28.0,,3
85.41856128926291,339966.0,100.0,73.5,28.0,,3
98.62555313479247,372249.0,100.0,73.5,28.0,,3
91.64710217665287,436600.0,100.0,73.5,28.0,,3
82.85185415695885,387113.0,100.0,73.5,28.0,,3
88.45610499917667,360743.0,100.0,73.5,28.0,,3
100.0,370313.0,100.0,73.5,28.0,,3
92.30636863239707,392900.0,100.0,73.5,28.0,,3
85.08037816365692,316431.0,100.0,73.5,28.0,,3
79.64152644783174,271345.0,100.0,73.5,28.0,,3
100.0,305871.0,100.0,73.5,28.0,,3
86.22997101131382,338927.0,100.0,73.5,28.0,,3
90.45925358247281,382629.0,100.0,73.5,28.0,,3
94.88378790687796,326676.0,100.0,73.5,28.0,,3
86.66302628970871,361303.0,100.0,73.5,28.0,,3
86.01047099053163,414293.0,100.0,73.5,28.0,,3
91.927799613106,379395.0,100.0,73.5,28.0,,3
93.3030501493393,396938.0,100.0,73.5,28.0,,3
89.44817246962965,298126.0,100.0,73.5,28.0,,3
91.19750361402113,323945.0,100.0,73.5,28.0,,3
83.77106654600195,373454.0,100.0,73.5,28.0,,3
97.90626457146908,350850.0,100.0,73.5,28.0,,3
90.47066410079171,418088.0,100.0,73.5,28.0,,3
89.92602543590854,454067.0,100.0,73.5,28.0,,3
92.52407716505235,279569.0,100.0,73.5,28.0,,3
94.02673296883626,365246.0,100.0,73.5,28.0,,3
98.31802203266196,376927.0,100.0,73.5,28.0,,3
86.89235212812982,301028.0,100.0,73.5,28.0,,3
86.3278139417118,315979.0,100.0,73.5,28.0,,3
83.35581240156222,373543.0,100.0,73.5,28.0,,3
100.0,365786.0,100.0,73.5,28.0,,3
78.43293550371853,367784.0,100.0,73.5,28.0,,3
97.57305189316521,325608.0,100.0,73.5,28.0,,3
86.92786266661666,350587.0,100.0,73.5,28.0,11.2,3
81.72081349534209,375931.0,100.0,73.5,28.0,,3
87.03241481113774,366781.0,100.0,73.5,28.0,,3
80.9000625775832,332501.0,100.0,73.5,28.0,10.9,3
93.77905086262217,335086.0,100.0,73.5,28.0,11.6,3
100.0,334014.0,100.0,73.5,28.0,,3
89.79747780601508,387303.0,100.0,73.5,28.0,,3
76.65307413653575,279567.0,100.0,73.5,28.0,,3
75.79474948343925,400503.0,100.0,73.5,28.0,,3
83.58513483286043,452327.0,100.0,73.5,28.0,,3
83.48601921074089,357382.0,100.0,73.5,28.0,,3
100.0,430243.0,100.0,73.5,28.0,,3
100.0,398334.0,100.0,73.5,28.0,,3
96.1925002064917,373701.0,100.0,73.5,28.0,,3
94.2268886093331,327952.0,100.0,73.5,28.0,,3
81.45440893262155,349865.0,100.0,73.5,28.0,10.9,3
86.63852301980057,331870.0,100.0,73.5,28.0,,3
93.57109957965372,388212.0,100.0,73.5,28.0,,3
88.70725509033478,409101.0,100.0,73.5,28.0,,3
78.86648708693195,342253.0,100.0,73.5,28.0,,3
82.26542143517756,275338.0,100.0,73.5,28.0,,3
87.3385545132584,345130.0,100.0,73.5,28.0,,3
100.0,375232.0,100.0,73.6,28.0,,3
79.80650540536637,424163.0,100.0,73.6,28.0,,3
97.76826956420282,373283.0,100.0,73.5,28.0,,3
86.18812720920134,311622.0,100.0,73.6,28.0,,3
85.02234579143158,393549.0,100.0,73.6,28.0,,3
100.0,411729.0,100.0,73.6,28.0,,3
84.08920462570981,305215.0,100.0,73.7,28.0,,3
89.12708997528964,279262.0,100.0,73.6,28.0,,3
90.58534171347826,344095.0,100.0,73.5,28.0,,3
84.27170798505406,286211.0,100.0,73.5,28.0,,3
92.10880085255774,328691.0,100.0,73.7,28.0,,3
78.6406653143177,235109.0,63.0,73.4,28.0,,2
87.7798807595949,420890.0,100.0,73.6,28.0,11.3,3
100.0,331716.0,100.0,73.6,28.0,,3
83.18230351710575,368750.0,100.0,73.6,28.0,,3
80.01291648649367,362071.0,100.0,73.6,28.0,,3
94.12864222707752,399077.0,100.0,73.7,28.0,11.6,3
87.19876738816038,341853.0,100.0,73.7,28.0,,3
80.97613930594751,316924.0,100.0,73.6,28.0,,3
86.18816886478778,364694.0,100.0,73.6,28.0,,3
95.30867700986599,317872.0,100.0,73.6,28.0,,3
99.94150855167618,339155.0,100.0,73.6,28.0,11.9,3
87.8290616452125,320111.0,100.0,73.5,28.0,,3
75.0,385361.0,100.0,73.6,28.0,10.5,3
93.89475117673946,338746.0,100.0,73.5,28.0,,3
88.53592573779898,370637.0,100.0,73.6,28.0,,3
75.49963314490766,328837.0,100.0,73.6,28.0,,3
94.35411743697462,299828.0,100.0,73.5,28.0,,3
90.34846345733304,295736.0,100.0,73.6,28.1,,3
91.73143985946821,348574.0,100.0,73.6,28.1,,3
75.07894547275592,396589.0,100.0,73.7,28.0,,3
82.1232673856156,317589.0,100.0,73.8,28.0,,3
89.60455357784754,395945.0,100.0,73.8,28.0,,3
79.87342544817282,352467.0,100.0,73.7,28.0,,3
91.43053200264458,377724.0,100.0,73.7,28.0,,3
89.4115324422178,335318.0,100.0,73.6,28.0,,3
81.37927823481024,353445.0,100.0,73.7,28.0,,3
79.42288790411514,233145.0,100.0,73.6,28.0,,2
91.49247843326134,386157.0,100.0,73.8,28.0,,3
75.0,309610.0,99.5,73.7,28.1,,3
92.95323408804158,432299.0,100.0,73.7,28.0,,3
88.16634966140326,320879.0,100.0,73.7,28.1,,3
86.53682847116127,404995.0,100.0,73.8,28.0,,3
82.83228656700372,318032.0,100.0,73.8,28.0,,3
84.13805182254374,311866.0,100.0,73.8,28.0,,3
88.98136252795837,414987.0,100.0,73.8,28.0,11.3,3
90.58463418492823,339905.0,100.0,73.6,28.0,,3
85.66550984867564,287472.0,100.0,73.8,28.0,,3
95.06487821717727,346886.0,100.0,73.7,28.0,11.7,3
86.556160691275,477724.0,100.0,73.7,28.1,,3
90.3900232669255,319928.0,100.0,73.8,28.1,,3
84.58913923035566,395937.0,100.0,73.6,28.0,11.1,3
88.90616328430211,292468.0,100.0,73.8,28.0,,3
95.35383147660163,323274.0,100.0,73.7,28.0,,3
100.0,393201.0,100.0,73.8,28.0,,3
84.42142483472999,401240.0,100.0,73.7,28.0,,3
88.54284408421923,384110.0,100.0,73.6,28.0,,3
91.8778625383558,316145.0,100.0,73.6,28.0,,3
82.85160134146031,391198.0,100.0,73.6,28.0,,3
85.32179734314768,333854.0,99.0,73.7,28.1,,3
80.35901936520517,366943.0,100.0,73.8,28.0,,3
100.0,307298.0,100.0,73.6,28.1,,3
88.19375565338207,406488.0,100.0,73.7,28.0,,3
87.36286887003428,368094.0,100.0,73.5,28.1,,3
79.50085177482497,367132.0,100.0,73.7,28.0,,3
86.50284587996362,389429.0,100.0,73.7,28.1,11.1,3
97.499088412518,453582.0,100.0,73.6,28.0,,3
92.63706538570861,363031.0,100.0,73.7,28.1,,3
89.5550744126187,335873.0,100.0,73.7,28.0,,3
90.70787074769353,338183.0,100.0,73.6,28.0,11.4,3
89.34768781015691,402703.0,100.0,73.6,28.0,,3
79.94765947776287,395595.0,100.0,73.8,28.1,,3
98.53692053871892,345277.0,100.0,73.6,28.0,,3
75.0,325687.0,100.0,73.7,28.0,,3
98.37595637248887,349085.0,100.0,73.7,28.0,,3
80.00558214164072,329809.0,99.5,73.6,28.1,,3
94.72496021203642,371869.0,100.0,73.7,28.0,,3
86.08854320664244,335327.0,100.0,73.7,28.0,,3
84.86593480764942,313103.0,98.0,73.7,28.0,,3
100.0,337107.0,100.0,73.6,28.1,,3
97.73726816660397,410852.0,100.0,73.7,28.0,,3
95.98648718518368,332735.0,100.0,73.8,28.1,,3
91.22984072269287,349032.0,100.0,73.6,28.0,,3
80.77038511415897,362974.0,100.0,73.6,28.1,,3
78.56768167072158,397507.0,100.0,73.7,28.1,,3
84.28306162161286,358046.0,99.5,73.7,28.1,,3
90.26630297236913,339643.0,99.5,73.7,28.1,,3
92.69355041180219,331003.0,100.0,73.7,28.0,,3
94.97037837965796,296160.0,100.0,73.7,28.0,,3
89.0110366363713,427557.0,100.0,73.6,28.1,,3
79.9973494031554,322890.0,100.0,73.6,28.1,,3
92.11126279727132,357183.0,100.0,73.6,28.1,11.5,3
90.80504079418847,369567.0,100.0,73.6,28.1,,3
93.07777174849416,394387.0,100.0,73.6,28.0,,3
91.2785492554281,340349.0,100.0,73.5,28.1,11.4,3
93.38058960962185,425995.0,100.0,73.6,28.1,,3
86.93893002893941,311018.0,100.0,73.6,28.0,,3
96.85664535429578,345184.0,100.0,73.5,28.1,,3
75.0,383896.0,100.0,73.6,28.0,,3
83.71737451236862,346378.0,100.0,73.5,28.1,,3
90.65584264455211,357619.0,100.0,73.5,28.0,,3
93.67561453711231,332580.0,100.0,73.6,28.0,,3
92.10484638540866,339618.0,100.0,73.6,28.1,,3
93.91048384710002,374614.0,100.0,73.5,28.1,,3
80.51649038364323,393439.0,100.0,73.6,28.1,10.8,3
83.71229243908762,382322.0,100.0,73.6,28.0,,3
90.93829850721073,423527.0,100.0,73.6,28.0,11.4,3
86.21227214102518,336027.0,100.0,73.6,28.1,,3
87.84464315289814,337872.0,100.0,73.5,28.0,,3
94.3995352155364,285347.0,100.0,73.6,28.0,,3
79.57054064682917,307287.0,100.0,73.5,28.1,,3
95.60246073578861,418424.0,100.0,73.5,28.1,,3
87.16440625170023,343247.0,100.0,73.6,28.0,,3
88.56041730490546,396475.0,100.0,73.5,28.1,,3
80.58117492647541,359534.0,100.0,73.5,28.1,,3
95.80158103825944,370043.0,100.0,73.6,28.0,,3
89.51665293278995,390041.0,100.0,73.5,28.0,,3
75.0,377115.0,100.0,73.6,28.1,,3
82.76739453498061,276774.0,100.0,73.4,28.1,,3
92.08962079619985,404946.0,100.0,73.6,28.1,,3
86.90041188297846,388114.0,100.0,73.5,28.0,,3
100.0,402596.0,100.0,73.7,28.1,,3
100.0,379685.0,100.0,73.6,28.1,,3
88.60346911121275,285921.0,100.0,73.6,28.1,,3
86.0315000949604,316270.0,100.0,73.7,28.1,,3
100.0,342964.0,100.0,73.6,28.1,,3
88.98563845427589,372059.0,100.0,73.6,28.1,,3
88.34881957097963,417802.0,100.0,73.5,28.1,,3
83.01880510612439,357784.0,100.0,73.5,28.1,,3
82.06023531441562,297199.0,100.0,73.6,28.1,,3
83.10584727275771,348518.0,100.0,73.6,28.0,,3
84.56558220386192,322303.0,100.0,73.6,28.1,,3
76.74946029062534,346675.0,100.0,73.6,28.0,,3
75.96223700775198,380402.0,100.0,73.5,28.0,,3
88.65951802347602,291697.0,100.0,73.5,28.1,11.3,3
85.52632738360109,319913.0,100.0,73.6,28.1,,3
90.55339608335345,403618.0,100.0,73.6,28.1,,3
75.0,354601.0,100.0,73.6,28.1,,3
86.71893763546687,376853.0,100.0,73.6,28.1,,3
89.70557302590151,319921.0,100.0,73.5,28.1,,3
85.44756851466705,318158.0,100.0,73.6,28.1,,3
96.60805710878878,350852.0,100.0,73.5,28.1,,3
100.0,347573.0,100.0,73.6,28.1,,3
82.3327458647163,289451.0,100.0,73.6,28.1,,3
75.0,286634.0,100.0,73.6,28.0,,3
90.13701320809187,370349.0,100.0,73.6,28.1,,3
75.35047438374293,385801.0,100.0,73.5,28.0,,3
84.13551158653249,355871.0,100.0,73.6,28.1,,3
100.0,385873.0,100.0,73.6,28.0,11.9,3
85.85175481675334,314352.0,100.0,73.6,28.1,,3
75.0,321233.0,100.0,73.6,28.1,10.5,3
86.31095808937845,310512.0,100.0,73.6,28.1,11.1,3
86.94994426326156,353074.0,100.0,73.6,28.1,,3
86.20115214553537,323999.0,100.0,73.5,28.1,,3
89.34923737573382,367677.0,100.0,73.5,28.1,,3
79.27680738045723,406437.0,100.0,73.5,28.1,10.7,3
87.21129494172591,350753.0,100.0,73.6,28.1,,3
93.66571538605245,359328.0,100.0,73.5,28.1,,3
95.62509307130595,361484.0,100.0,73.7,28.1,,3
83.1005010028765,364460.0,100.0,73.6,28.0,,3
78.85019034143471,354342.0,100.0,73.5,28.1,,3
87.73416007484431,341675.0,100.0,73.6,28.1,11.2,3
86.97169990848856,274726.0,100.0,73.6,28.1,11.2,3
83.61020073807231,353713.0,95.0,73.5,28.1,,3
89.27885113597921,308892.0,100.0,73.5,28.1,11.3,3
98.12566272691761,315353.0,100.0,73.6,28.1,,3
95.7556576042139,367087.0,100.0,73.6,28.1,,3
82.83018152124957,421012.0,100.0,73.5,28.1,,3
78.45090534594816,386766.0,100.0,73.6,28.1,,3
96.00465854434383,323175.0,100.0,73.5,28.1,,3
99.13972240051463,339998.0,100.0,73.7,28.1,11.8,3
90.30954903423886,360412.0,100.0,73.5,28.0,,3
86.92553006823562,382432.0,100.0,73.6,28.1,,3
94.34790976441771,280058.0,98.0,73.5,28.1,11.4,3
98.43472194302522,283500.0,100.0,73.7,28.1,,3
96.26036963473325,395068.0,100.0,73.5,28.1,,3
79.27226855827841,333567.0,100.0,73.5,28.1,,3
79.15436265211251,341403.0,100.0,73.6,28.1,,3
85.53572572651407,381186.0,100.0,73.5,28.1,,3
98.48246996895686,405827.0,100.0,73.5,28.1,11.8,3
83.50265578737358,341631.0,85.0,73.6,28.1,,3
75.0,317765.0,100.0,73.6,28.1,,3
95.71881306477967,414623.0,100.0,73.5,28.1,,3
78.12520902496063,326301.0,100.0,73.5,28.0,,3
87.78875394432859,361206.0,100.0,73.5,28.1,,3
81.52317184062683,366962.0,100.0,73.6,28.1,,3
84.20928522343267,349421.0,100.0,73.6,28.0,,3
92.3702739840296,350256.0,92.0,73.5,28.1,,3
84.50891287578744,345615.0,100.0,73.5,28.1,,3
87.29309632635731,335199.0,100.0,73.5,28.1,,3
85.92963149866318,413945.0,100.0,73.5,28.1,,3
92.4873555835299,338180.0,100.0,73.6,28.1,,3
93.57563523608589,336647.0,99.5,73.5,28.1,,3
97.38499710069313,364785.0,100.0,73.5,28.1,,3
87.14158284796616,367908.0,100.0,73.6,28.1,,3
75.432990783452,304929.0,100.0,73.5,28.1,,3
78.44859994880755,355717.0,82.5,73.5,28.1,,3
100.0,439252.0,100.0,73.5,28.1,,3
93.10440881152606,370033.0,100.0,73.5,28.1,,3
75.0,328293.0,100.0,73.4,28.1,,3
81.69772998473408,325166.0,100.0,73.5,28.1,,3
86.65484945132168,331116.0,99.5,73.5,28.1,,3
75.0,379916.0,100.0,73.6,28.1,,3
79.41805579408155,359569.0,100.0,73.5,28.1,,3
100.0,313224.0,99.5,73.5,28.1,,3
75.0,338559.0,100.0,73.5,28.1,,3
96.80767707998857,428333.0,100.0,73.5,28.1,,3
78.16360324438067,369867.0,99.5,73.5,28.1,,3
84.27751634575958,345762.0,99.5,73.4,28.1,,3
100.0,289881.0,96.0,73.4,28.1,,3
90.0299172919566,368707.0,100.0,73.4,28.1,,3
96.68629059951478,353919.0,100.0,73.3,28.1,,3
90.46440431603281,334334.0,100.0,73.5,28.1,,3
90.15301552996085,336272.0,100.0,73.4,28.1,,3
92.97257511884841,335215.0,100.0,73.4,28.1,,3
91.01680315121749,348829.0,100.0,73.5,28.1,11.4,3
97.00840200617735,347944.0,100.0,73.5,28.1,,3
75.0,400476.0,100.0,73.5,28.1,,3
80.75414159309905,323849.0,100.0,73.5,28.1,,3
83.23470964765207,404977.0,99.0,73.6,28.1,,3
75.0,475509.0,100.0,73.6,28.1,10.5,3
96.44845447252841,358929.0,100.0,73.5,28.1,,3
87.56084799506971,361422.0,100.0,73.5,28.1,,3
92.16897942703471,375808.0,100.0,73.5,28.1,,3
92.44483572802758,353583.0,100.0,73.5,28.0,,3
86.42129263754138,343949.0,100.0,73.6,28.0,,3
86.44073375717855,395350.0,100.0,73.7,28.1,,3
92.7484537782469,232384.0,100.0,73.5,28.1,11.5,3
93.24720621223808,357789.0,100.0,73.5,28.1,,3
87.85032994843282,334459.0,100.0,73.5,28.1,,3
96.99290175988811,387901.0,100.0,73.6,28.1,,3
81.81697865741113,366282.0,100.0,73.5,28.0,,3
80.22674612366971,294815.0,100.0,73.5,28.1,10.8,3
82.98626220328028,384495.0,100.0,73.6,28.1,,3
95.6250003630087,370523.0,100.0,73.6,28.1,,3
93.80076629478398,370647.0,100.0,73.6,28.1,,3
82.86814723821638,367276.0,100.0,73.5,28.1,,3
94.40327620182146,380171.0,100.0,73.5,28.1,,3
97.51130697179714,378332.0,92.5,73.5,28.1,,3
90.81158566033267,392806.0,100.0,73.4,28.1,,3
87.78782992600752,314725.0,100.0,73.5,28.1,,3
86.69546428844988,320203.0,100.0,73.5,28.0,,3
82.59857380020495,344219.0,100.0,73.5,28.1,,3
81.66064063200031,337681.0,100.0,73.6,28.1,,3
75.0,358531.0,100.0,73.5,28.1,10.5,3
88.0096438028978,317316.0,100.0,73.5,28.0,,3
93.27396534745924,387502.0,100.0,73.5,28.1,11.5,3
75.1395210850482,319491.0,100.0,73.5,28.1,,3
81.84686120170161,312403.0,100.0,73.5,28.1,,3
94.63579873545399,342246.0,100.0,73.6,28.1,,3
85.88388126951511,269845.0,100.0,73.4,28.1,,3
93.08334424167381,300429.0,100.0,73.5,28.1,,3
88.47946104213062,361095.0,100.0,73.4,28.1,,3
98.8852687667092,297647.0,100.0,73.5,28.1,,3
75.0,357353.0,100.0,73.5,28.1,,3
100.0,399557.0,100.0,73.4,28.1,,3
89.677275322197,330334.0,99.5,73.4,28.1,11.3,3
94.45698077309848,311058.0,100.0,73.5,28.1,,3
91.81086215484976,370218.0,100.0,73.4,28.1,,3
96.48167925999104,460386.0,100.0,73.3,28.1,11.7,3
91.13932773743014,329641.0,100.0,73.4,28.1,,3
87.79540550246405,279236.0,100.0,73.5,28.1,,3
82.44229495128754,333628.0,100.0,73.5,28.1,,3
83.80729281652326,356094.0,90.5,73.5,28.1,,3
81.4206405409424,394841.0,100.0,73.6,28.1,,3
88.00165651934557,349627.0,100.0,73.4,28.1,,3
85.37684226789666,356207.0,99.5,73.5,28.1,,3
94.60078611734107,315314.0,100.0,73.6,28.1,,3
82.73506808739795,337850.0,100.0,73.5,28.1,,3
77.23303261221429,317229.0,84.0,73.6,28.1,,3
84.19023301164273,384975.0,100.0,73.5,28.1,,3
90.1004906320154,357743.0,100.0,73.5,28.1,11.4,3
94.80718369734377,344505.0,100.0,73.4,28.1,,3
91.12371879943112,345871.0,100.0,73.6,28.1,,3
90.12289879519703,326689.0,100.0,73.5,28.1,11.4,3
75.0,344628.0,100.0,73.7,28.1,,3
99.38198508879952,387048.0,100.0,73.6,28.1,,3
95.72317987672936,399445.0,100.0,73.6,28.1,,3
88.7092607276915,357892.0,100.0,73.6,28.1,,3
83.0587848365252,337357.0,100.0,73.7,28.1,,3
92.92616919816913,398155.0,100.0,73.6,28.1,,3
86.884429794552,331992.0,100.0,73.6,28.1,,3
88.00422367085278,374048.0,100.0,74.4,27.8,,3
76.44916147093167,258152.0,97.5,74.6,27.8,,2
83.59570520406733,301171.0,98.0,74.5,27.8,,3
83.93487841882151,344088.0,100.0,74.4,27.8,,3
84.3740127278159,408098.0,100.0,74.6,27.8,,3
90.61395811681857,362018.0,100.0,74.6,27.8,,3
92.97765715234722,304446.0,99.5,74.6,27.8,,3
96.31289429936214,346969.0,97.5,74.6,27.8,,3
93.3638449379297,307125.0,99.5,74.5,27.8,,3
75.56992987187148,382715.0,100.0,74.6,27.8,,3
91.01127620878013,313917.0,100.0,74.6,27.8,,3
81.04269534980244,395017.0,100.0,74.6,27.8,,3
45.72705728559207,393920.0,50.0,74.5,27.9,,2
49.19255118422558,348727.0,50.0,74.6,27.9,,2
56.05657829101219,347143.0,50.0,74.5,28.0,,2
53.47063197462969,312674.0,50.0,74.5,27.9,,2
60.49103010474865,274901.0,61.0,74.4,27.9,6.4,2
68.88989214504151,296905.0,57.5,74.5,27.9,,2
57.25680101591978,275254.0,80.0,74.4,27.9,,2
40.0,311403.0,56.0,74.4,27.9,,2
74.9,355307.0,50.0,74.4,27.9,,2
59.76887544318726,308169.0,50.0,74.4,27.9,,2
60.269590713744556,344620.0,50.0,74.5,27.9,5.5,2
45.83024621629386,370144.0,50.0,74.3,27.9,,2
68.58457578529493,352318.0,50.0,74.3,27.9,,2
65.26170886571673,320882.0,51.5,74.2,27.9,,2
68.07433483160185,346631.0,50.0,74.3,27.9,,2
55.75151146870771,294187.0,51.5,74.4,28.0,,2
61.22227554314384,389705.0,50.0,74.3,27.9,,2
45.13071509215319,253961.0,50.0,74.3,27.9,,2
61.9771300948382,322289.0,50.0,74.3,27.9,,2
62.0800999724449,330977.0,50.0,74.3,28.0,,2
57.32157294438234,387043.0,50.0,74.3,27.9,,2
40.78915225828182,282717.0,50.0,74.3,27.9,,2
58.76094287821143,246056.0,51.5,74.4,27.9,,2
57.88974714681515,394766.0,50.0,74.4,27.9,5.3,2
60.25063785955154,330381.0,50.0,74.3,27.9,5.5,2
44.878022817929036,292263.0,50.0,74.3,27.9,,2
55.49764343611275,305702.0,50.0,74.4,27.9,,2
74.9,345096.0,50.0,74.4,27.9,,2
46.66250451675562,331092.0,51.0,74.5,27.9,,2
65.97866098196143,371306.0,50.0,74.5,27.9,,2
74.9,274320.0,50.0,74.5,27.9,6.3,2
50.269709865475946,263408.0,50.0,74.4,27.9,,2
57.19176169071622,340986.0,50.0,74.4,27.9,,2
71.84801419906923,316582.0,50.0,74.5,27.9,,2
56.161829720941874,326829.0,50.0,74.5,27.9,,2
49.97828518043973,414029.0,50.0,74.3,27.9,,2
40.7080676745833,328313.0,53.5,74.5,27.9,,2
74.9,320305.0,50.0,74.4,27.9,,2
57.71953157998207,303914.0,50.0,74.4,27.9,5.3,2
57.835299818851105,381778.0,50.0,74.4,27.9,,2
40.0,389004.0,50.0,74.5,27.9,,2
42.91251417059826,308000.0,50.5,74.5,27.9,,2
54.84906695641606,346484.0,50.0,74.5,27.9,,2
40.82250777739503,340797.0,50.0,74.5,27.9,,2
74.9,258657.0,50.0,74.4,27.9,,2
62.27647401132475,290210.0,50.0,74.4,27.9,,2
65.11064647431643,320861.0,50.0,74.5,27.9,,2
52.30215709146829,341954.0,50.0,74.4,27.9,,2
74.9,311409.0,50.0,74.7,27.9,,2
68.63709530577819,261802.0,50.5,74.6,27.9,,2
48.5227634781839,341258.0,50.0,74.7,27.9,,2
74.9,336002.0,50.0,74.7,27.9,,2
56.24330363372215,319968.0,61.0,74.7,27.9,,2
44.99510719236339,347203.0,50.0,74.8,27.9,,2
70.58799674788091,299655.0,50.0,74.7,27.9,,2
54.359494226885985,331964.0,50.0,74.6,27.9,,2
54.75936316751285,317024.0,50.0,74.6,28.0,,2
74.9,308883.0,50.0,74.8,27.9,,2
55.69991817574533,290860.0,50.0,74.7,27.9,,2
68.93030365799925,311844.0,50.0,74.8,27.9,,2
52.20752354014289,379458.0,50.0,74.8,27.9,,2
74.9,292980.0,50.0,74.8,28.0,,2
40.0,365338.0,50.0,74.8,27.9,,2
51.78444209087995,355578.0,50.0,74.9,27.9,,2
40.0,360166.0,50.0,74.7,27.9,,2
45.465936848630626,352884.0,50.0,74.7,27.9,,2
60.171276814037206,277072.0,50.5,74.6,28.0,,2
55.115564244878634,350884.0,50.0,74.7,27.9,,2
61.27073343738281,346298.0,50.0,74.7,27.9,,2
74.9,249609.0,50.0,74.8,28.0,,2
74.9,324696.0,50.0,74.8,28.0,,2
49.21459142012246,260135.0,50.0,74.7,28.0,,2
57.7305553106756,361474.0,50.0,74.6,28.0,,2
58.46941055546959,388001.0,50.0,74.7,27.9,,2
42.585891719381294,319455.0,50.0,74.7,28.0,,2
44.97127866704257,336363.0,50.5,74.7,28.0,,2
70.6426486811676,301065.0,50.0,74.6,27.9,,2
40.0,328952.0,50.0,74.7,27.9,,2
65.24086262080212,338193.0,50.0,74.8,28.0,,2
74.82938630186585,271802.0,50.0,74.7,28.0,,2
68.16259326540539,373662.0,50.0,74.6,28.0,5.9,2
40.0,334384.0,59.5,74.8,27.9,,2
53.94984202790794,316331.0,50.0,74.7,28.0,,2
64.17211780246004,298074.0,50.0,74.6,28.0,,2
51.891503050060656,321536.0,50.0,74.6,28.0,,2
46.95304873364637,271137.0,50.0,74.6,27.9,4.7,2
68.15247939547804,268304.0,50.0,74.7,28.0,,2
67.99575001091054,340816.0,50.0,74.7,28.0,,2
40.0,289509.0,50.0,74.7,28.0,,2
74.32931283656848,275847.0,50.5,74.7,28.0,,2
54.427148852287345,340792.0,50.0,74.7,28.0,,2
69.40068611139114,308680.0,50.0,74.7,28.0,,2
52.8298776637003,384006.0,50.0,74.6,28.0,,2
74.9,364048.0,50.0,74.6,28.0,6.2,2
61.023817710780285,283628.0,50.0,74.7,28.0,,2
50.03466712132122,343513.0,50.0,74.6,28.0,,2
65.0207786506642,383071.0,50.0,74.6,28.0,5.7,2
67.80540111043366,252361.0,50.0,74.6,28.0,5.8,2
72.62337141267503,275087.0,50.0,74.7,28.0,,2
55.39234473657178,331259.0,50.0,74.6,28.0,,2
74.9,459946.0,50.0,74.7,28.0,,3
67.28067670963419,311756.0,50.0,74.7,28.0,,2
66.4140677817666,359944.0,50.0,74.8,28.0,,2
56.1519884933137,400784.0,50.0,74.7,28.0,,2
62.760849110296824,342398.0,50.5,74.7,28.0,,2
67.99109102465354,338971.0,50.0,74.6,28.0,,2
70.06728600563534,292223.0,50.0,74.7,28.0,,2
53.300378952647634,270493.0,50.0,74.8,28.0,,2
65.27401476744272,355052.0,50.0,74.5,28.0,,2
65.49327439382263,395352.0,50.0,74.6,28.0,,2
59.93284777405144,350093.0,50.0,74.6,28.0,5.4,2
46.899589486328225,302580.0,50.0,74.6,28.0,,2
68.34645309078932,358209.0,50.0,74.6,28.0,,2
56.47239662802981,316778.0,50.0,74.6,28.0,,2
41.78551503983029,303933.0,50.0,74.7,28.0,,2
70.68459796223743,345884.0,50.0,74.5,28.0,,2
66.00798865657451,322239.0,50.0,74.5,28.0,,2
60.08475790353812,290285.0,51.0,74.5,28.0,,2
68.38594104243042,338943.0,50.0,74.6,28.0,,2
65.90422617591359,296328.0,50.0,74.6,28.0,,2
40.0,369371.0,50.0,74.5,28.0,,2
54.25395052789915,281175.0,50.0,74.6,28.0,,2
68.32174694296792,302359.0,50.5,74.4,28.0,,2
72.71923660855947,347765.0,63.5,74.5,28.0,7.3,2
68.20283187840573,258531.0,50.0,74.6,28.0,,2
74.5433278246368,331756.0,50.0,74.6,28.0,,2
55.568674329045564,326452.0,50.0,74.5,28.0,,2
40.0,338389.0,50.0,74.5,28.0,,2
47.647541901815146,259129.0,50.5,74.5,28.1,,2
41.731689765385305,370070.0,50.0,74.5,28.0,,2
52.44883927568654,389017.0,50.0,74.5,28.0,,2
53.570382443372424,243168.0,51.0,74.6,28.1,,2
46.60170672061609,375611.0,50.0,74.5,28.0,,2
58.12922186475999,295327.0,50.0,74.4,28.0,,2
61.92021871023345,342580.0,50.0,74.5,28.0,,2
73.40878579082953,385182.0,50.0,74.6,28.0,,2
55.68277625053097,260327.0,51.0,74.6,28.1,,2
55.03841806652069,331712.0,50.0,74.5,28.0,,2
48.43489288547267,276928.0,50.0,74.6,28.0,,2
64.12545457859862,317810.0,53.0,74.6,28.0,,2
60.39356394493904,285867.0,51.0,74.6,28.1,,2
57.23519142953079,278409.0,51.0,74.4,28.1,,2
70.68238093349744,366586.0,50.0,74.5,28.0,6.0,2
40.0,278172.0,50.0,74.1,28.1,,2
42.04164893891905,290748.0,50.0,74.0,28.2,,2
58.99874436251567,254765.0,50.0,74.0,28.1,,2
48.937682242496244,274821.0,50.0,74.0,28.1,,2
62.48720795278733,323120.0,50.0,73.9,28.1,,2
51.33914935995296,327956.0,50.0,74.0,28.2,,2
53.439838984952814,307775.0,50.0,73.9,28.1,,2
74.9,380320.0,50.0,73.9,28.2,,2
44.40502515686883,357337.0,50.5,73.8,28.1,,2
69.7367586538991,268328.0,50.0,73.9,28.1,,2
69.82533172505833,389206.0,50.0,73.8,28.1,,2
46.52946232506703,278712.0,50.0,73.8,28.1,,2
72.21193760212203,332217.0,50.0,73.8,28.2,,2
66.61771530287427,335326.0,50.0,73.9,28.2,,2
64.68835105113773,260308.0,50.5,73.7,28.1,,2
72.56781247945739,372631.0,50.5,73.9,28.1,,2
57.24731107118367,318043.0,50.0,73.9,28.2,,2
41.62670996933133,343141.0,50.0,73.9,28.1,,2
66.86468930056972,317201.0,50.0,73.8,28.1,5.8,2
73.49224031844604,304966.0,50.0,73.9,28.1,,2
66.7752711107232,274115.0,50.5,73.9,28.1,,2
59.717374189509144,312154.0,50.0,74.0,28.1,,2
62.7036950644913,303371.0,50.0,74.0,28.1,,2
58.42232885193999,357172.0,50.0,74.0,28.1,,2
54.75882915314139,247704.0,50.0,73.8,28.1,,2
74.9,382165.0,50.5,74.0,28.1,6.3,2
44.49284765873257,351036.0,50.0,74.1,28.2,,2
53.96430275338388,331856.0,50.0,74.0,28.1,,2
63.530689548161924,309451.0,50.0,74.0,28.1,,2
50.594812012963246,288925.0,50.0,74.0,28.1,,2
49.00569701422509,282568.0,50.0,73.9,28.1,,2
59.193860519407735,287790.0,50.0,73.9,28.1,,2
68.18462478855145,386926.0,50.0,73.9,28.1,,2
53.039361103559486,330773.0,50.5,74.0,28.1,,2
65.99622132363521,341240.0,50.0,74.0,28.1,,2
60.91146321499305,353420.0,50.0,74.0,28.1,,2
65.78698743216789,264305.0,50.0,74.0,28.1,5.7,2
70.42987277267127,359928.0,50.0,74.0,28.2,,2
50.84056674985702,321707.0,50.0,73.9,28.2,,2
68.19994791373283,310580.0,50.0,73.9,28.1,,2
72.87573657319214,426374.0,50.0,73.9,28.1,,2
50.56816760838021,257852.0,50.0,73.8,28.1,,2
63.64582314725851,352470.0,50.0,73.9,28.1,,2
57.22960351386277,385396.0,50.0,73.9,28.2,5.2,2
43.936730403321015,351181.0,50.0,73.9,28.1,,2
52.72967015089328,397372.0,50.0,73.9,28.1,5.0,2
74.9,285500.0,50.0,73.9,28.1,,2
53.40531436909704,358681.0,50.0,74.0,28.1,,2
55.35443220252583,317956.0,50.0,73.9,28.2,,2
60.30466104650892,233614.0,50.0,74.0,28.1,,2
59.833947046869156,288962.0,50.0,73.8,28.1,,2
54.082526131202734,384963.0,50.0,74.0,28.1,,2
44.921917268648926,356594.0,50.0,74.0,28.1,,2
56.6524448360183,307410.0,50.0,73.9,28.1,,2
69.48446275262053,335302.0,50.0,73.9,28.1,,2
66.84735596663437,363568.0,50.0,74.0,28.1,,2
56.02429940180013,292449.0,50.0,74.0,28.2,,2
46.97819368130642,282856.0,50.0,73.9,28.2,,2
74.9,376010.0,50.0,74.1,28.2,,2
43.78710760550374,260489.0,50.0,74.0,28.1,,2
65.7823927406219,344626.0,52.5,74.0,28.1,,2
66.58660602380837,308526.0,50.0,74.0,28.1,,2
58.494548879965194,334754.0,50.0,74.0,28.1,,2
61.03071607551996,220131.0,50.0,74.0,28.2,,2
57.242404433097676,281686.0,50.0,73.9,28.1,,2
62.10253702690214,454336.0,50.0,74.0,28.1,5.5,2
64.40977998569166,305891.0,50.5,74.0,28.1,,2
71.06161802372702,341720.0,50.0,73.9,28.1,,2
65.0411338854221,347308.0,50.0,73.9,28.1,,2
74.9,269110.0,50.0,74.1,28.1,,2
65.68358492173745,278312.0,50.0,74.0,28.2,,2
66.66615175610698,278659.0,50.0,74.0,28.2,,2
54.99159823673899,306720.0,50.0,74.1,28.1,,2
71.7098006321365,361330.0,50.0,74.1,28.1,,2
45.05139148264338,322472.0,50.0,74.0,28.1,,2
51.48504174300993,263367.0,50.0,74.1,28.2,,2
57.39579539490755,306118.0,50.0,74.0,28.2,5.2,2
74.9,339483.0,50.0,74.1,28.2,,2
43.468589990949155,294585.0,50.5,74.0,28.2,,2
72.25659954515278,413979.0,50.0,74.1,28.2,,2
40.9682002531445,235403.0,50.0,74.1,28.2,,2
74.9,337532.0,50.0,74.1,28.2,,2
49.5804872174836,344058.0,50.5,74.1,28.1,,2
40.0,320151.0,50.0,74.1,28.1,,2
63.93385407411702,361592.0,50.0,74.1,28.2,5.6,2
47.83324857248955,323855.0,50.0,74.1,28.2,,2
48.894904487284954,331492.0,50.5,74.0,28.2,,2
49.25584413164371,301635.0,50.0,74.0,28.1,,2
48.050215262517256,349301.0,50.0,73.9,28.1,,2
70.30141339987998,309442.0,50.0,73.9,28.1,,2
60.45885593952034,254813.0,50.0,73.9,28.2,,2
56.403880223918556,317740.0,50.0,74.0,28.1,,2
74.9,269961.0,50.0,74.0,28.2,,2
74.9,364858.0,50.0,74.0,28.2,,2
63.367636853881635,399137.0,50.0,73.9,28.2,,2
64.46526567128235,337512.0,50.0,74.1,28.1,,2
59.36255216378946,375060.0,50.0,74.0,28.2,,2
73.1576308057306,291844.0,50.0,73.9,28.2,,2
44.16903366481479,310865.0,50.0,73.9,28.1,,2
50.399537227228244,317141.0,51.0,74.0,28.2,,2
74.84925761620967,299421.0,50.0,74.0,28.2,,2
59.486119424261105,322611.0,50.0,73.9,28.2,,2
70.18117058646342,218889.0,50.0,73.9,28.2,,2
52.71959646281644,329507.0,50.0,73.9,28.2,5.0,2
74.40094747712233,297864.0,50.0,74.0,28.2,,2
40.0,347887.0,50.0,73.9,28.2,,2
52.375651334092446,266465.0,50.0,73.9,28.2,,2
52.50785532344131,311696.0,50.0,73.9,28.2,,2
52.74306402554144,220749.0,50.0,73.9,28.1,,2
70.76479436264559,377369.0,50.0,74.0,28.2,,2
67.81826389607407,268804.0,50.0,73.9,28.2,,2
57.58210159262978,319706.0,50.5,73.8,28.1,5.3,2
67.18553267474292,350075.0,50.0,73.9,28.2,,2
51.18991441465805,323689.0,50.0,73.8,28.2,,2
65.48736485538289,385512.0,50.0,73.8,28.1,5.7,2
68.45407847789667,355507.0,50.0,73.9,28.1,,2
61.00591953515233,383470.0,50.0,74.0,28.2,5.4,2
64.91715355151396,281251.0,50.0,74.0,28.2,,2
74.9,351405.0,50.0,73.9,28.2,,2
54.68347174645821,298422.0,50.0,74.0,28.2,,2
63.55890654168914,340843.0,50.0,73.9,28.2,,2
62.367507187574475,334008.0,50.0,73.9,28.1,,2
74.9,368219.0,50.0,74.0,28.1,,2
62.28762709518029,362358.0,50.0,74.0,28.1,,2
47.609713157669525,337906.0,50.0,74.0,28.2,,2
74.9,310187.0,50.0,74.0,28.2,,2
49.828392856570986,290656.0,50.0,73.9,28.2,,2
46.92440355189134,284685.0,50.5,73.8,28.1,,2
55.55390281691965,256749.0,50.0,73.8,28.2,,2
60.18742000739524,360602.0,50.0,73.9,28.2,,2
49.106925838236954,388367.0,50.0,73.8,28.1,,2
66.12950506233113,366376.0,50.0,73.9,28.2,,2
52.10598535377436,358453.0,51.0,74.0,28.1,,2
46.896793195256244,360061.0,50.5,73.9,27.6,,2
62.06207207752237,344896.0,50.0,73.9,27.6,,2
45.89286473250178,279721.0,50.0,73.9,27.6,,2
67.16673861904061,277324.0,50.0,73.9,27.6,,2
65.55847550518948,258478.0,50.0,73.9,27.6,,2
70.17809055200001,264536.0,50.0,73.9,27.6,,2
66.62759925215428,348153.0,50.0,73.8,27.6,,2
51.6387381788451,346191.0,50.0,73.8,27.6,,2
63.12530716000267,295752.0,50.0,73.7,27.6,,2
47.897343791085504,231681.0,50.0,73.7,27.6,,2
64.19580056759632,249583.0,50.0,73.7,27.6,,2
61.1441303932957,308144.0,66.0,73.8,27.6,,2
68.14971330525835,306407.0,50.0,73.8,27.6,,2
56.046626563834906,352934.0,50.0,73.7,27.6,,2
64.02069634900941,334227.0,50.0,73.7,27.6,,2
65.63121107770232,250899.0,50.0,73.8,27.6,,2
69.08146415984379,347561.0,50.0,73.8,27.6,,2
47.79980245708204,309016.0,50.0,73.6,27.6,,2
59.52831254846843,313947.0,50.0,73.8,27.6,,2
64.00631959882242,384411.0,50.0,73.7,27.6,,2
72.98120073207394,260950.0,50.0,73.7,27.6,,2
67.46483988367258,379801.0,50.0,73.6,27.6,,2
64.64170224827043,369094.0,50.0,73.6,27.5,,2
74.9,366066.0,50.5,73.7,27.6,,2
62.99170314770075,367028.0,50.5,73.7,27.6,,2
61.73865399716269,321075.0,50.0,73.7,27.6,,2
55.78302917143521,390353.0,50.0,73.6,27.6,,2
50.17885600869599,388956.0,50.0,73.6,27.6,,2
65.99836948488445,257031.0,50.0,73.6,27.6,,2
64.41179151589706,225498.0,52.0,73.6,27.6,,2
67.50609620197243,359835.0,50.0,73.5,27.6,,2
52.89172853217536,325559.0,50.0,73.4,27.6,,2
74.9,297241.0,50.0,73.5,27.6,,2
47.29310895532079,386674.0,50.0,73.5,27.5,,2
74.9,320166.0,50.0,73.5,27.5,,2
72.13755642490028,380366.0,50.0,73.4,27.6,,2
51.09018920953939,298161.0,50.0,73.5,27.6,,2
74.77049415785682,395825.0,50.0,73.4,27.6,,2
66.75457032209226,280408.0,50.0,73.4,27.6,,2
74.9,296106.0,50.0,73.4,27.6,,2
55.97834662594258,335405.0,50.0,73.3,27.6,,2
74.9,358428.0,50.0,73.4,27.6,,2
64.97838600434292,340847.0,50.5,73.5,27.6,,2
60.52217602372159,345116.0,50.0,73.4,27.6,,2
40.0,306652.0,50.0,73.4,27.6,,2
62.89586321900137,268204.0,54.0,73.5,27.6,,2
64.63587981373873,310798.0,50.0,73.6,27.6,,2
74.9,390785.0,50.0,73.6,27.6,,2
54.41033317058205,313212.0,50.0,73.6,27.6,5.3,2
59.11262921269929,299675.0,50.0,73.6,27.6,,2
62.34029980833752,285877.0,50.0,73.6,27.6,,2
46.43261598074969,348022.0,50.0,73.7,27.6,,2
67.55435501066174,283805.0,50.0,73.6,27.6,,2
70.74426516915119,291579.0,50.0,73.6,27.6,,2
63.03798285645578,356915.0,50.0,73.6,27.6,,2
59.596649223555445,340463.0,50.0,73.6,27.6,5.6,2
53.80284427334914,311159.0,50.0,73.6,27.6,,2
57.52968682943592,286403.0,50.0,73.6,27.5,5.6,2
57.878710042610614,250312.0,51.0,73.7,27.6,,2
54.106155034294744,307180.0,50.0,73.6,27.6,,2
56.92584297005544,309132.0,50.5,73.7,27.6,,2
59.25882960167845,341574.0,50.0,73.7,27.5,,2
70.49420488959026,290760.0,51.0,73.7,27.6,,2
45.561589735330266,273108.0,50.5,73.6,27.5,,2
54.153564945660875,304163.0,50.0,73.6,27.6,,2
50.760047205630514,261674.0,50.0,73.6,27.6,5.1,2
54.52655007030974,328164.0,50.0,73.6,27.6,,2
67.14035359002678,294915.0,50.0,73.6,27.6,,2
55.044026134278795,278298.0,50.0,73.5,27.6,,2
59.622729955502685,281820.0,50.0,73.5,27.6,,2
66.8775337588944,239636.0,50.0,73.5,27.6,,2
55.68444393057045,333549.0,50.0,73.5,27.6,,2
62.206014195870054,441186.0,50.0,73.6,27.6,,2
64.19760029481489,274817.0,50.0,73.6,27.6,,2
58.85442903493112,240068.0,50.0,73.5,27.5,,2
59.03280300843887,282512.0,50.0,73.5,27.6,,2
70.98468330672193,295270.0,50.0,73.7,27.6,,2
58.59880901045704,291399.0,50.0,73.4,27.6,,2
74.9,305544.0,50.0,73.5,27.6,,2
74.9,356636.0,50.0,73.6,27.6,,2
65.78480072802463,336592.0,50.0,73.4,27.6,,2
64.72556757859502,233254.0,49.5,73.5,27.6,,2
56.653399270190924,358032.0,50.0,73.6,27.6,,2
59.413233798310735,256766.0,50.0,73.5,27.6,,2
59.371146593070364,396684.0,50.0,73.5,27.6,5.6,2
74.9,317209.0,50.0,73.4,27.6,,2
71.41739132469704,303507.0,49.5,73.5,27.6,,2
40.0,278399.0,50.0,73.4,27.6,,2
74.9,307670.0,50.0,73.5,27.5,,2
57.07939224749978,306507.0,50.0,73.5,27.6,,2
74.9,393168.0,50.0,73.5,27.6,,2
74.9,312842.0,50.0,73.3,27.6,,2
63.54749386496514,251751.0,50.0,73.4,27.6,5.9,2
74.9,267449.0,50.0,73.5,27.6,,2
62.60130676515155,270621.0,50.0,73.5,27.6,,2
52.93359807913565,282323.0,50.0,73.5,27.6,,2
52.70549687189018,295739.0,50.0,73.6,27.6,,2
53.420774460899075,357500.0,50.0,73.6,27.6,,2
46.74164648324976,329924.0,50.0,73.6,27.6,,2
74.6155098276667,296906.0,50.0,73.5,27.6,,2
51.38497331102878,309626.0,50.0,73.6,27.6,,2
74.15670250032852,328734.0,50.0,73.5,27.6,,2
53.62542846470882,341774.0,50.0,73.5,27.6,,2
46.77249420196292,350661.0,50.0,73.5,27.6,,2
64.90328769242122,306148.0,50.0,73.4,27.5,,2
49.93697041863323,280099.0,50.0,73.6,27.6,,2
66.41780803615092,375304.0,50.0,73.5,27.6,,2
52.35230703565446,340627.0,50.0,73.3,27.6,,2
40.0,293692.0,50.0,73.5,27.6,,2
59.627292805549175,279064.0,50.0,73.4,27.6,,2
48.76192350252485,289949.0,50.0,73.4,27.6,,2
63.50631273991648,311570.0,49.0,73.3,27.6,,2
40.0,224568.0,50.0,73.3,27.6,,2
52.7176178657139,340595.0,50.0,73.3,27.6,,2
40.0,297512.0,50.0,73.4,27.6,,2
53.68502572179095,382475.0,50.0,73.4,27.6,,2
55.37973825944564,337234.0,50.0,73.4,27.6,,2
61.69508568104956,224124.0,50.0,73.5,27.6,,2
69.21848659958084,329692.0,50.0,73.3,27.6,,2
66.09922367609508,496680.0,50.0,73.4,27.6,,2
40.0,397611.0,50.0,73.4,27.6,,2
56.55062976719573,332929.0,50.0,73.3,27.6,,2
59.45385305638509,300909.0,50.0,73.4,27.6,,2
53.162004861134896,334827.0,50.0,73.3,27.6,,2
41.793915639939854,353776.0,50.0,73.3,27.6,,2
55.005667141376954,269146.0,50.0,73.4,27.5,,2
54.59984570405024,376571.0,50.5,73.3,27.6,,2
53.575978955805326,336130.0,50.0,73.5,27.6,5.3,2
51.22852469141432,354106.0,50.0,73.3,27.6,,2
68.22609286548246,403187.0,50.0,73.4,27.6,,2
57.89323265400942,350089.0,50.0,73.5,27.6,,2
61.17681047446734,378314.0,50.0,73.5,27.6,,2
51.374011348695234,353525.0,50.0,73.4,27.6,,2
57.66363244659982,317111.0,50.0,73.4,27.6,,2
61.10102981338047,331350.0,50.0,73.4,27.6,,2
58.6052514825365,329662.0,50.0,73.4,27.6,,2
74.9,364345.0,50.0,73.5,27.6,,2
70.42985510996276,299500.0,50.0,73.5,27.6,,2
49.32911006126011,362988.0,50.0,73.4,27.6,,2
70.51256151035753,386270.0,50.0,73.5,27.6,,2
52.752232488369245,309670.0,50.0,73.5,27.6,,2
40.32619004969479,302338.0,50.0,73.6,27.6,,2
71.95884612695336,299007.0,50.0,73.3,27.6,,2
67.68575754240989,311427.0,50.0,73.4,27.6,,2
63.88868433865873,268353.0,50.0,73.4,27.6,,2
61.022513395606815,185398.0,50.0,73.6,27.6,5.7,2
57.75724610205618,246628.0,50.0,73.4,27.6,,2
74.4719341985618,354983.0,50.0,73.5,27.6,,2
65.60005178359297,388445.0,50.0,73.4,27.6,,2
48.61300175010195,398631.0,50.0,73.5,27.6,,2
71.18629877112461,309355.0,50.0,73.4,27.6,,2
73.62744176619533,270216.0,50.0,73.4,27.6,,2
50.105830061667916,292613.0,50.0,73.6,27.6,5.1,2
53.65226750323182,272454.0,50.0,73.5,27.6,,2
74.6769968051439,308351.0,50.0,73.5,27.6,6.5,2
64.23005962028256,294334.0,50.0,73.4,27.6,,2
40.0,332152.0,50.0,73.6,27.6,4.5,2
40.0,316911.0,52.0,73.6,27.6,,2
43.580219534006275,409427.0,50.0,73.7,27.6,4.7,2
70.93635266609667,324758.0,50.0,73.7,27.6,,2
74.9,281915.0,50.0,73.8,27.6,,2
66.52175254404112,328991.0,50.0,73.7,27.6,,2
63.16824097600404,377255.0,50.0,73.7,27.6,,2
68.78990523335763,332992.0,50.0,73.6,27.6,,2
40.14135076526045,276797.0,50.0,73.6,27.6,,2
58.52749279685131,324201.0,50.0,73.7,27.6,,2
46.437555303912916,428525.0,50.0,73.8,27.6,,2
74.9,347095.0,50.0,73.6,27.6,6.5,2
60.86444233540494,310450.0,50.0,73.6,27.6,5.7,2
48.57697847973317,323486.0,50.0,73.6,27.6,,2
63.09303048171301,264120.0,50.0,73.6,27.6,,2
64.01011700693877,313013.0,50.0,73.5,27.6,,2
40.0,281282.0,50.0,73.6,27.6,,2
55.036733598940266,404945.0,50.0,73.6,27.7,,2
66.6786374944051,259903.0,50.0,73.7,27.7,,2
65.83243547301164,250371.0,50.0,73.6,27.6,,2
72.99229264664488,298799.0,50.0,73.4,27.6,,2
58.87636573512995,379660.0,50.0,73.4,27.6,,2
44.554037176989,257129.0,50.0,73.3,27.6,,2
52.99680808384794,366727.0,50.0,73.4,27.6,,2
41.76784709427789,192552.0,50.0,73.4,27.7,,1
54.58609369909202,344828.0,50.0,73.4,27.7,,2
74.40314099686594,299157.0,50.0,73.3,27.7,,2
55.06288071460797,371925.0,50.0,73.4,27.7,,2
40.0,302516.0,50.0,73.4,27.6,,2
62.285086679100694,340214.0,50.0,73.3,27.7,,2
53.88231968170941,321549.0,50.0,73.3,27.7,,2
40.0,290378.0,50.0,73.2,27.7,,2
65.44210455065361,275796.0,50.0,73.4,27.7,,2
60.70781065907517,340109.0,50.0,73.4,27.7,,2
55.88940958970682,327670.0,50.0,73.3,27.7,,2
48.44720921658465,310702.0,50.0,73.2,27.7,5.0,2
67.32259403507067,327063.0,50.0,73.4,27.7,,2
52.96162476523277,330089.0,50.0,73.3,27.7,,2
68.57531748763941,227752.0,58.5,73.4,27.7,,2
73.90888877947077,304868.0,50.0,73.3,27.7,,2
65.10587919888276,373876.0,50.0,73.4,27.7,,2
43.53991563323441,288075.0,50.0,73.3,27.7,,2
56.53741564949154,284731.0,50.0,73.3,27.7,,2
74.9,281445.0,50.0,73.4,27.7,,2
53.3334386461576,329197.0,50.0,73.3,27.7,,2
45.57420568708693,302194.0,50.0,73.4,27.7,,2
63.8094391350021,305021.0,50.0,73.4,27.7,,2
58.87935769320062,296180.0,50.0,73.3,27.7,,2
41.8263562898308,334471.0,50.0,73.3,27.7,4.6,2
74.9,320828.0,50.0,73.2,27.7,,2
62.703169406970595,351172.0,50.0,68.4,27.9,,2
44.768034041439606,396613.0,50.0,68.4,28.0,,2
62.42794555707363,393433.0,50.0,68.4,28.0,,2
51.20360405371213,401812.0,50.0,68.4,28.0,,2
69.3018659284174,344886.0,50.0,68.4,28.0,,2
62.80829345223778,308816.0,50.0,68.5,28.0,,2
74.40637990168648,326316.0,50.0,68.5,28.0,,2
40.0,269726.0,50.0,68.6,27.9,,2
57.769850973687035,333949.0,50.0,68.6,27.9,,2
59.32093813320125,374853.0,50.0,68.6,28.0,,2
40.0,326461.0,50.0,68.6,27.9,,2
40.0,354187.0,50.0,68.6,27.9,,2
58.86649542669597,338882.0,50.0,68.6,27.9,,2
49.633404472922805,377575.0,50.0,68.7,27.9,,2
72.50069596870621,346259.0,50.0,68.6,28.0,,2
58.44579303763871,346093.0,50.0,68.7,28.0,,2
51.517289184151814,358500.0,50.0,68.7,27.9,,2
74.9,368177.0,50.0,68.7,28.0,,2
51.24477036231109,336263.0,50.0,68.7,27.9,,2
44.482301474896225,345757.0,50.0,68.8,28.0,,2
65.40724095435047,235858.0,50.0,68.6,28.0,6.3,2
46.058593873051635,307258.0,50.0,68.6,27.9,,2
56.38968303431008,265573.0,50.0,68.7,27.9,,2
64.6677447522262,331316.0,50.0,68.7,28.0,,2
57.66877041625777,285989.0,50.0,68.7,27.9,,2
72.58448551699877,394493.0,50.0,68.7,27.9,,2
54.19726219384155,292452.0,50.0,68.8,28.0,,2
65.89449198494395,303888.0,50.0,68.6,28.0,6.3,2
58.32723359204119,353284.0,50.0,68.7,27.9,,2
40.0,379323.0,50.0,68.6,28.0,,2
60.8721662919521,301482.0,50.0,68.7,28.0,6.0,2
58.92919014934261,318309.0,50.0,68.7,28.0,,2
40.0,387272.0,50.0,68.7,27.9,,2
60.49590758724742,339935.0,50.0,68.8,27.9,,2
71.41859724688851,274047.0,50.0,68.6,28.0,,2
65.68166278842274,307956.0,50.0,68.7,28.0,,2
70.16124930259792,224274.0,50.0,68.7,28.0,,2
58.81086839710477,292873.0,50.0,68.7,28.0,,2
65.18715540760986,341151.0,50.0,68.6,28.0,,2
51.50848926213568,287952.0,50.0,68.6,28.0,,2
58.672015577312045,279651.0,50.0,68.6,28.0,,2
70.10380434542552,303385.0,50.0,68.8,28.0,,2
40.0,303133.0,50.0,68.7,28.0,,2
47.53747414987233,246592.0,50.0,68.8,28.0,,2
45.15088034132913,324923.0,50.5,68.8,28.0,,2
74.9,334093.0,50.0,68.7,27.9,,2
52.72195934141112,340515.0,50.0,68.8,28.0,,2
54.4909162773721,288742.0,50.0,68.9,28.0,,2
46.14764798120419,241167.0,50.5,68.8,28.0,,2
55.32091552128666,327112.0,50.0,68.8,28.0,,2
58.840515959821325,301281.0,50.0,68.9,28.0,,2
48.651047271638625,347371.0,50.0,68.8,28.0,,2
44.19441696064098,354921.0,50.0,68.9,28.0,5.1,2
47.9733957728793,286140.0,50.0,69.0,28.0,,2
42.398577712611875,297436.0,50.0,68.9,28.0,5.0,2
71.70374950173574,343203.0,50.0,68.9,28.0,6.6,2
71.74106534433642,343496.0,50.0,68.9,28.0,,2
46.75596205763557,305114.0,50.0,69.1,27.9,,2
50.637610450590444,379875.0,50.0,68.9,28.0,,2
45.63853624288426,360216.0,50.0,69.0,28.0,,2
70.71544644130523,402332.0,50.0,69.1,28.0,,2
55.08376088844603,352054.0,50.0,69.0,28.0,,2
74.9,292206.0,50.0,69.0,28.0,,2
41.57951702961168,235399.0,50.0,69.0,28.0,,2
68.55254434633598,235258.0,50.0,69.0,28.0,,2
55.532171364744926,339679.0,50.0,69.0,28.0,,2
62.22210644195897,339145.0,50.0,68.9,28.0,,2
62.66747826961025,377548.0,50.0,68.9,28.0,,2
48.57220343113444,289535.0,50.0,68.9,28.0,,2
50.72808665675011,357358.0,50.0,69.0,28.0,,2
70.80478306074076,340305.0,50.0,68.9,28.0,,2
74.20192400267914,266988.0,50.0,69.0,28.0,6.8,2
74.9,388545.0,50.0,69.1,28.0,,2
68.82746396694895,400180.0,50.0,69.0,28.0,,2
40.12052150786671,296399.0,50.0,69.0,28.0,,2
51.17635847181657,352466.0,50.0,69.0,28.0,5.5,2
47.39831112477425,354087.0,50.0,69.1,28.0,,2
74.9,351284.0,50.0,69.1,28.0,6.8,2
63.405012283938014,275545.0,50.0,69.0,28.0,,2
49.837788406495626,376232.0,50.0,69.0,28.0,,2
69.35218804686399,318244.0,50.0,69.0,28.0,,2
54.985085450809315,228838.0,50.0,69.0,28.0,,2
47.14977097578674,406013.0,50.0,69.1,28.0,5.2,2
44.6345331479704,328526.0,50.0,69.1,28.0,,2
72.08932767834239,263528.0,50.0,69.0,28.0,,2
62.216525697373,362206.0,50.0,69.2,28.0,,2
60.149991862887006,449078.0,50.0,69.1,28.0,,2
40.0,367642.0,50.0,69.2,28.0,,2
57.92637915124243,354736.0,50.0,69.1,28.0,,2
65.29568582039096,287007.0,50.5,69.2,28.0,6.3,2
62.74795670951208,236394.0,50.0,69.2,28.0,,2
67.23897000685673,333417.0,50.0,69.1,28.0,6.4,2
67.66392202371723,367615.0,50.0,69.3,28.0,,2
64.41143808251653,326664.0,50.0,69.2,28.0,6.2,2
49.42717996006449,287950.0,50.0,69.3,28.0,,2
74.24081544212797,384635.0,50.0,69.2,28.0,,2
57.142674764255354,322070.0,50.5,69.2,28.0,,2
49.144627500074805,372774.0,50.0,69.3,28.0,,2
67.98500188430134,407354.0,50.0,69.3,28.0,,2
49.460123073843135,302989.0,50.0,69.4,28.0,,2
62.77735107030687,349092.0,50.0,69.3,28.0,6.1,2
57.41198834942841,280716.0,50.0,69.2,28.0,,2
70.57689034708285,352451.0,50.0,69.3,28.0,,2
49.004710793235304,380994.0,50.0,69.3,28.0,,2
74.04238451035924,326043.0,50.0,69.4,28.0,,2
60.955174348512436,344932.0,50.5,69.3,28.0,,2
49.659563156924904,321351.0,50.0,69.4,28.0,,2
40.0,359440.0,50.0,69.3,28.0,,2
41.26208133069768,387653.0,50.0,69.4,28.0,,2
56.0385588724026,310474.0,50.0,69.3,28.0,,2
52.46719312698593,307038.0,50.0,69.3,28.0,,2
74.9,208048.0,50.0,69.3,28.0,,2
74.9,335211.0,50.0,69.3,28.0,,2
45.515740225713415,271610.0,50.0,69.3,28.0,,2
74.9,277452.0,50.0,69.3,28.0,,2
46.15979387284849,371179.0,50.0,69.2,28.0,,2
64.06263451543097,277793.0,50.0,69.2,28.0,,2
62.599499704855425,273841.0,50.0,69.3,28.0,,2
73.20985678107127,367761.0,50.0,69.2,28.0,,2
66.38407438586331,336274.0,50.0,69.3,28.0,,2
74.9,319985.0,50.0,69.3,28.0,6.8,2
45.81751049495038,340226.0,50.0,69.3,28.0,,2
74.9,274335.0,50.0,69.2,28.0,,2
55.66244679967217,338740.0,50.0,69.3,28.0,,2
59.35314181193113,275796.0,50.0,69.3,28.0,,2
73.46229427476565,424401.0,50.0,69.4,28.0,,2
62.35357750828689,279316.0,50.0,69.3,28.0,6.1,2
41.4124736993583,331608.0,50.0,69.3,28.0,,2
73.24652811979509,341382.0,50.0,69.5,28.0,,2
59.971153908973754,293482.0,50.0,69.5,28.0,,2
46.89403640738293,357563.0,50.0,69.4,28.0,,2
70.96525945662702,250442.0,50.0,69.5,28.0,,2
74.9,345833.0,50.0,69.4,28.0,,2
74.9,259604.0,50.0,69.4,28.0,,2
43.610110135014736,313296.0,50.0,69.5,28.0,,2
66.03341312274233,400836.0,50.0,69.4,28.0,,2
68.47294696578157,309079.0,50.0,69.4,28.0,,2
47.6835695080093,375350.0,50.0,69.5,28.0,,2
48.42353489099142,393281.0,50.0,69.5,28.0,,2
56.587384204721886,391576.0,50.0,69.3,28.0,,2
68.14717548071134,313835.0,50.0,69.4,28.0,,2
53.76724353808648,304659.0,50.0,69.5,28.0,,2
65.13980030850286,323472.0,49.5,69.6,28.0,,2
52.87426310317554,312546.0,50.0,69.5,28.0,,2
60.942924356629796,224206.0,50.0,69.6,28.0,,2
65.49801737746438,275912.0,50.0,69.5,28.0,6.2,2
46.16001116153106,244069.0,50.0,69.5,28.0,,2
40.0,259004.0,50.0,69.5,28.0,,2
51.491748508434114,407896.0,50.0,69.5,28.0,,2
53.689443889257554,327998.0,50.0,69.5,28.0,,2
64.80577663807594,325897.0,50.0,69.4,28.0,6.2,2
59.070678471288076,266211.0,50.0,69.4,28.0,,2
74.9,401323.0,50.0,69.5,28.0,,2
40.0,273918.0,50.0,69.5,28.0,,2
56.642275891475926,276595.0,50.0,69.6,28.0,,2
66.07158664147039,287227.0,50.0,69.5,28.1,,2
74.9,373574.0,50.0,69.5,28.0,,2
62.55088836758658,366214.0,50.0,69.6,28.0,,2
73.2708050922877,294622.0,50.0,69.5,28.0,,2
50.20539306549642,323516.0,50.0,69.5,28.1,,2
70.33963349397533,326257.0,50.0,69.6,28.0,,2
41.076042213708035,283872.0,50.0,69.6,28.0,,2
59.11232563686746,316595.0,50.0,69.6,28.0,,2
74.9,257630.0,50.0,69.5,28.0,,2
66.0670709020305,387010.0,50.0,69.6,28.0,,2
74.9,301802.0,50.0,69.6,28.0,6.7,2
65.8971534326424,345639.0,50.0,69.5,28.0,,2
62.34578077863949,315551.0,50.0,69.6,28.0,,2
65.23170467400055,206048.0,50.0,69.6,28.0,,2
68.18483388075157,325678.0,50.0,69.5,28.0,,2
57.330301238660816,412108.0,50.0,69.5,28.1,,2
51.90079177451337,301861.0,50.0,69.5,28.0,,2
74.9,282557.0,50.0,69.5,28.1,,2
53.398616604761536,313383.0,50.0,69.6,28.1,,2
70.08881378555459,329351.0,49.0,69.6,28.0,,2
44.48849583417285,296052.0,50.0,69.6,28.0,5.0,2
52.711746801453465,316525.0,50.0,69.6,28.0,,2
65.11012390355795,338819.0,50.0,69.7,28.0,,2
40.0,367877.0,50.0,69.6,28.0,,2
63.03082615195948,382303.0,50.0,69.5,28.0,,2
65.33037992748807,369559.0,50.0,69.6,28.1,,2
65.59854373740153,380580.0,50.0,69.5,28.0,6.2,2
66.26700763221334,315593.0,50.0,69.6,28.0,,2
74.9,360006.0,50.0,69.6,28.1,6.7,2
66.88493305205296,262566.0,50.0,69.6,28.1,,2
44.54030859043755,333172.0,50.0,69.6,28.0,,2
61.74625437321889,292364.0,50.0,69.6,28.1,,2
61.69179239534472,391488.0,50.0,69.6,28.1,,2
68.34482969460359,268654.0,50.0,69.6,28.0,,2
58.661894074284675,283776.0,50.0,68.9,28.6,,0
55.34760100309727,301387.0,50.0,69.1,28.6,,2
54.26825300875194,263518.0,50.0,69.1,28.7,,0
58.468143821781716,294772.0,50.0,69.0,28.6,,0
40.0,412383.0,50.0,69.1,28.7,,0
73.06523585060006,303066.0,50.0,69.0,28.7,,0
60.22582859688718,267275.0,50.0,69.1,28.6,,0
74.9,405377.0,50.0,69.1,28.6,,2
61.88032473895829,366058.0,50.0,69.1,28.7,,0
62.10344134720709,259847.0,50.0,69.1,28.7,,0
55.05811957243611,325936.0,50.0,69.1,28.7,,0
54.54542737507867,310160.0,50.0,69.1,28.7,,0
58.90320530989062,316360.0,50.0,69.2,28.7,5.6,0
60.6271018859698,272272.0,50.0,69.0,28.7,,0
51.39580621046477,262193.0,50.0,69.0,28.7,,0
71.73378659623441,225245.0,50.0,69.1,28.7,6.3,0
73.84308411980311,382385.0,50.0,69.0,28.7,,0
56.373832956208545,202858.0,50.0,69.0,28.7,,0
55.66427325639251,317111.0,50.0,69.1,28.7,,0
47.87282136085304,296815.0,50.0,69.1,28.7,,0
74.9,349921.0,50.0,69.2,28.7,,0
48.9052306274628,248108.0,50.0,69.0,28.7,,0
56.07579218868275,310394.0,50.0,69.0,28.7,5.5,0
65.9543902483598,295910.0,50.0,69.2,28.7,,0
66.13799490434234,407081.0,50.0,69.2,28.7,,0
69.78601226933115,317836.0,50.0,69.1,28.7,,0
57.80219434736046,303949.0,50.0,69.1,28.7,,0
74.16769094942573,291770.0,50.0,69.2,28.7,6.5,0
60.54267250799979,322303.0,50.0,69.1,28.7,,0
53.978589686261614,258239.0,50.0,69.0,28.7,,0
63.87569404341202,317254.0,50.0,69.1,28.7,,0
66.00288563323883,295987.0,50.0,69.1,28.7,,0
74.64985558575657,280545.0,50.0,69.0,28.7,,0
74.9,241356.0,50.0,69.1,28.7,,0
65.2172407746827,341394.0,50.0,69.1,28.7,,0
50.45331518470941,339097.0,50.0,69.0,28.7,,0
74.9,220243.0,50.0,69.2,28.7,,0
66.03293768988978,207802.0,50.0,69.1,28.7,6.0,0
48.412022357721504,393312.0,50.0,69.2,28.7,,0
53.01861559929535,267175.0,50.0,69.2,28.7,,0
57.624747252183816,413055.0,50.0,68.9,28.7,,0
40.0,272691.0,50.0,69.0,28.7,,0
74.9,403596.0,50.0,69.0,28.7,,0
58.75882530851659,264242.0,50.0,69.0,28.7,,0
74.9,391749.0,50.0,69.1,28.7,,0
68.1473638531468,283441.0,50.0,69.2,28.7,,0
59.41164790994356,312783.0,49.5,69.1,28.7,,0
63.97021565538693,385295.0,50.0,69.0,28.7,,0
70.55300449364884,271518.0,50.0,69.0,28.7,,0
74.9,334090.0,50.0,69.0,28.7,,0
68.24478955030699,385994.0,50.0,69.0,28.7,,0
46.661037005837386,318387.0,50.0,69.1,28.7,,0
53.62254538368942,249446.0,50.0,69.1,28.7,,0
64.16051973125904,433020.0,50.0,68.9,28.7,,0
40.0,318547.0,50.0,69.1,28.7,,0
67.68651522089728,325538.0,50.0,69.2,28.7,,0
58.64246336981112,261535.0,50.0,69.1,28.7,,0
62.79344091528196,285945.0,50.0,69.0,28.7,,0
40.0,373756.0,50.5,69.0,28.7,4.6,0
71.50062983810452,322324.0,50.0,69.0,28.7,,0
62.748896258468434,368344.0,50.0,69.1,28.7,,0
62.69207588133699,360680.0,50.0,69.1,28.7,,0
56.4302135895138,379039.0,50.0,69.1,28.7,,0
63.8494287111922,328732.0,50.0,69.1,28.7,,0
44.759266935455614,332913.0,50.0,69.0,28.8,,0
50.01654099006659,291277.0,50.0,69.0,28.7,,0
50.21549246020655,272019.0,50.5,69.1,28.7,,0
74.9,379910.0,50.0,69.2,28.7,,0
74.9,264969.0,50.0,69.1,28.7,,0
60.85504499893071,261792.0,50.0,69.0,28.7,,0
51.65166147363523,278684.0,50.0,69.1,28.8,,0
74.87500807729873,302169.0,50.0,69.0,28.7,,0
72.82055200432819,347185.0,50.0,69.1,28.7,,0
74.9,253425.0,50.0,69.0,28.8,,0
74.9,371589.0,50.0,69.0,28.7,,0
48.31945394367558,365321.0,50.0,69.0,28.7,,0
64.03373955631474,309763.0,50.0,69.0,28.7,,0
50.112774156336,287640.0,50.0,69.0,28.8,,0
74.9,320030.0,50.0,69.0,28.7,,0
69.3855600183775,284409.0,50.0,68.9,28.8,,0
50.64176464534033,368689.0,50.0,69.0,28.7,,0
43.805085461381616,301315.0,50.0,68.9,28.7,,0
60.40832893286679,325011.0,50.0,68.9,28.7,,0
57.85088057980612,337811.0,50.0,69.0,28.7,,0
68.31426906981373,353058.0,50.0,68.9,28.7,,0
48.17035429598608,307213.0,50.0,69.0,28.7,,0
74.33715434252325,360259.0,50.0,68.9,28.8,6.5,0
43.52568658222724,335816.0,50.0,69.0,28.7,,0
40.0,322112.0,50.0,68.8,28.7,,0
74.9,277344.0,50.0,68.9,28.7,,0
49.988123454101014,354381.0,50.0,69.0,28.7,,0
41.48638181748425,291526.0,50.0,68.8,28.7,,0
67.15729365098103,291457.0,50.0,68.8,28.8,,0
57.16836015346834,353488.0,50.0,68.9,28.7,,0
65.05855300243874,332006.0,50.0,69.0,28.7,,0
55.93053264875954,336652.0,50.0,68.9,28.7,,0
58.51520783880292,340601.0,50.0,68.9,28.7,,0
54.03681569858426,311784.0,50.0,68.9,28.7,,0
48.120506489375835,318424.0,50.0,68.9,28.7,,0
50.26798963645386,269867.0,50.0,69.0,28.7,,0
63.10393377426466,329573.0,50.0,68.8,28.7,5.9,0
69.39448481938287,300599.0,50.0,68.9,28.7,,0
64.89663416204107,344785.0,50.5,68.9,28.8,,0
65.33728569397914,282845.0,50.0,68.8,28.8,,0
61.792361787254265,336386.0,50.0,68.9,28.7,,0
60.0861416028953,226108.0,50.0,68.9,28.7,,0
61.92587548768176,419563.0,50.0,68.9,28.7,,0
55.67952877491621,287236.0,50.0,68.9,28.7,,0
64.48018271653677,334057.0,50.0,68.8,28.7,,0
74.31282198499697,263395.0,50.0,68.8,28.8,6.5,0
68.77656303089991,346568.0,50.0,68.8,28.7,,0
58.294241556713445,335240.0,50.0,68.9,28.7,,0
72.35348977918028,359254.0,50.0,68.9,28.7,6.4,0
46.283768255115255,356907.0,50.0,68.8,28.7,,0
59.22373673960978,323279.0,50.0,68.9,28.8,,0
60.87836389202033,313239.0,50.0,68.8,28.7,,0
74.30048996528478,316232.0,50.0,68.8,28.7,,0
46.565446459401976,302291.0,50.0,68.8,28.7,,0
62.144336601725705,375314.0,50.0,68.8,28.7,,0
67.237136219386,281725.0,50.0,68.8,28.7,,0
74.9,331914.0,50.0,68.8,28.7,,0
74.9,313172.0,50.0,68.8,28.7,,0
66.40031093646539,357776.0,50.0,68.9,28.7,,0
74.61833654105106,367581.0,50.0,68.8,28.7,,0
70.46636400087573,305821.0,50.0,68.8,28.7,,0
53.13904749652726,334967.0,50.0,68.9,28.8,,0
71.19753686809284,309977.0,50.0,68.9,28.7,,0
72.78206358857264,385367.0,50.0,68.9,28.7,,0
49.004148971118966,282338.0,50.0,69.1,28.7,,0
58.315499293135964,333842.0,50.0,68.9,28.7,,0
53.70519583479539,380849.0,50.0,68.9,28.7,,0
65.08880233822141,321775.0,50.0,68.9,28.7,,0
42.76908571357767,260788.0,50.0,68.9,28.7,4.7,0
63.372111003381676,224033.0,50.0,68.9,28.8,,0
72.15164891572886,312883.0,50.0,68.9,28.7,,0
74.9,423856.0,50.0,69.0,28.7,6.5,0
57.8226111690298,315214.0,50.0,68.9,28.7,,0
71.94697816802436,396642.0,50.0,68.9,28.7,,0
40.3436513107678,239613.0,50.0,68.9,28.7,,0
52.53558233334742,346223.0,50.0,68.9,28.7,,0
65.96248308609117,368139.0,50.0,68.9,28.7,,0
45.6036296596163,215773.0,50.0,68.9,28.7,,0
70.29617034362575,282731.0,50.0,69.0,28.7,,0
40.0,326527.0,50.0,68.9,28.7,,0
69.51810825862412,314507.0,50.0,68.9,28.7,,0
54.505819365810126,312828.0,50.0,68.9,28.7,,0
55.5530068511906,259337.0,50.0,68.9,28.7,,0
51.42383187611482,343457.0,50.0,68.8,28.7,5.2,0
63.860142496518,327562.0,50.0,68.9,28.7,,0
48.058218217759446,311832.0,50.5,68.9,28.7,,0
40.0,328031.0,50.0,68.8,28.7,,0
74.9,253664.0,50.0,69.0,28.7,,0
52.96886792018694,334809.0,50.0,69.0,28.7,,0
74.9,299829.0,50.0,68.8,28.7,,0
51.69299604880924,231398.0,50.0,69.0,28.7,,0
61.241257551697274,411893.0,50.0,69.0,28.7,,0
63.32830154357611,318997.0,50.0,68.8,28.7,5.9,0
63.864987729203825,319500.0,50.0,68.8,28.7,,0
50.24382753287844,357047.0,50.0,69.0,28.7,,0
62.709138277341054,320792.0,50.0,68.8,28.7,,0
48.295607672661,378657.0,50.0,68.9,28.7,,0
67.97643294399732,295118.0,50.0,68.8,28.7,,0
72.02189824418325,297609.0,50.0,68.9,28.7,,0
50.615958089867554,285813.0,50.0,68.9,28.7,,0
40.0,341219.0,50.0,69.1,28.7,,0
40.0,264720.0,50.0,68.9,28.7,,0
40.0,316126.0,50.0,68.9,28.7,,0
58.19615447673753,305298.0,50.0,68.9,28.7,,0
47.48906766395309,267249.0,55.0,68.8,28.7,,0
65.57243836255888,295225.0,50.0,68.9,28.8,,0
63.796299858433734,280163.0,50.0,68.9,28.7,,0
62.172752913252985,378647.0,50.0,68.8,28.7,,0
67.0339896047134,301441.0,50.0,68.8,28.7,,0
63.08638764427113,309170.0,50.0,68.9,28.7,,0
60.09456221633674,305347.0,50.0,68.8,28.7,,0
58.027977529375306,329544.0,50.0,68.8,28.7,,0
48.079695605016596,274285.0,50.0,68.9,28.7,,0
43.337489354025465,247987.0,50.0,68.8,28.8,,0
45.39260769335425,327175.0,50.0,68.8,28.7,,0
49.28654981409739,343112.0,50.0,68.9,28.7,,0
60.41656498503074,231417.0,50.0,68.8,28.7,5.7,0
67.85970701066027,356485.0,50.0,68.8,28.8,,0
48.07364790198176,338908.0,50.0,68.8,28.7,,0
49.72202115108961,324395.0,50.0,68.8,28.7,,0
44.82601911654041,239310.0,50.0,68.8,28.7,,0
55.406193724644375,314432.0,50.0,68.8,28.7,,0
55.22784367662475,266718.0,50.0,68.8,28.8,,0
55.201211254426354,332118.0,50.0,68.8,28.8,,0
59.46128363852956,328212.0,50.0,68.7,28.8,,0
51.9586175945492,372727.0,50.0,68.8,28.7,,0
45.88591996134264,341940.0,50.0,68.8,28.7,,0
74.18269311551954,341640.0,50.0,68.7,28.7,,0
57.56970927522204,296226.0,50.0,68.9,28.7,,0
72.43305181255508,255966.0,50.0,68.8,28.7,,0
48.35850887544427,302109.0,50.0,68.8,28.7,5.0,0
74.85184509014398,337089.0,50.0,68.8,28.7,6.5,0
48.383450897877054,306036.0,50.0,68.7,28.7,,0
52.628122270844464,288059.0,50.0,68.8,28.7,5.3,0
71.74667470268135,258271.0,50.0,68.8,28.8,,0
74.9,357270.0,50.0,68.8,28.8,,0
73.09034004724438,299167.0,50.0,68.7,28.8,,0
58.20071137105069,255508.0,50.0,68.8,28.7,5.6,0
53.70405111519837,342214.0,50.0,68.8,28.8,,0
74.9,270177.0,50.0,68.9,28.7,,0
55.61392875617681,313191.0,50.0,68.8,28.7,,0
43.25052957369018,346610.0,50.0,68.9,28.8,,0
51.31211601908869,311207.0,50.0,68.8,28.7,,0
54.57660753705747,284479.0,50.0,68.8,28.7,5.4,0
59.915460174233345,310297.0,50.0,68.8,28.7,,0
55.53770541265601,287219.0,50.0,68.8,28.8,,0
63.83429604939546,394412.0,50.0,68.8,28.7,,0
61.67864679406953,364825.0,50.5,68.7,28.7,,0
43.317336898158445,327099.0,50.0,68.7,28.7,,0
46.8315801723472,253538.0,50.0,68.7,28.8,,0
51.127543110491565,373635.0,50.0,68.7,28.8,,0
71.40018994403574,330935.0,50.0,68.7,28.8,,0
41.60759328132083,311167.0,50.0,68.7,28.8,,0
63.620400106820824,327899.0,50.0,68.8,28.7,,0
40.0,279935.0,50.0,68.8,28.8,,0
59.2310668302154,344133.0,50.0,68.7,28.7,,0
40.0,312704.0,50.0,68.7,28.7,,0
61.71658523854743,358232.0,50.0,68.7,28.7,,0
68.31429101084925,346215.0,50.0,68.7,28.8,,0
50.40071391957679,234139.0,50.0,68.8,28.7,,0
55.28336691526319,365073.0,50.0,68.7,28.7,5.4,0
74.9,351974.0,50.0,68.7,28.8,,0
65.15208987362081,337083.0,50.0,68.7,28.7,,0
53.32657503887063,314147.0,50.0,68.6,28.8,,0
74.9,277584.0,50.0,68.7,28.8,,0
74.9,305508.0,50.0,68.7,28.7,,0
74.9,256693.0,50.0,68.7,28.8,6.5,0
67.03085041397578,286845.0,50.0,68.6,28.8,,0
43.01679369690975,329834.0,50.0,68.7,28.8,,0
72.11366146315163,281977.0,50.0,68.7,28.8,,0
42.01180847449918,315866.0,50.0,68.7,28.7,,0
58.950776054673824,344674.0,50.0,68.7,28.7,,0
71.39513485637386,317326.0,50.0,68.6,28.8,,0
74.9,330090.0,50.0,68.6,28.8,,0
55.842881927917205,247479.0,50.0,68.6,28.8,,0
56.84808575620599,304862.0,50.0,68.6,28.7,,0
71.52365755537764,340811.0,50.0,68.6,28.8,,0
45.8475705404086,327751.0,50.0,68.6,28.8,,0
68.05837406074863,388761.0,50.0,68.5,28.8,,0
70.65004760896872,354238.0,50.0,68.3,28.8,,0
60.721031935381966,337474.0,50.0,68.4,28.8,,0
74.9,260025.0,50.0,68.5,28.8,,0
55.80672807339653,285234.0,51.0,68.4,28.8,,0
64.54983742471349,375359.0,50.0,68.5,28.8,,0
52.83630855934712,212436.0,50.0,68.5,28.8,,0
55.05335105970636,361106.0,50.0,68.4,28.8,,0
66.45155883539856,339268.0,50.0,68.4,28.8,,0
56.640080377506244,262443.0,50.0,68.5,28.8,,0
66.18353185949361,282457.0,50.0,68.5,28.7,,0
74.9,345672.0,50.0,68.4,28.8,,0
53.032220369352586,292487.0,50.0,68.5,28.8,,0
58.88466952063694,309222.0,50.0,68.4,28.8,,0
73.40200530635946,328388.0,50.0,68.4,28.8,,0
51.220419133097664,405069.0,50.0,68.5,28.8,,0
60.59169997824267,354597.0,50.0,68.5,28.8,,0
52.701281910662885,336340.0,50.0,68.5,28.8,,0
63.733319893718345,234965.0,50.0,68.4,28.8,,0
74.9,378079.0,50.0,68.4,28.8,,0
55.23365620624815,270397.0,50.0,68.4,28.8,,0
64.17073936564262,323901.0,50.0,68.5,28.8,,0
64.26802738275876,328620.0,50.0,68.5,28.8,5.9,0
66.07489187167111,385128.0,50.0,68.6,28.8,,0
66.81723846154375,272765.0,50.0,68.5,28.8,,0
74.9,393827.0,50.0,68.5,28.8,6.5,0
74.9,269442.0,50.0,68.6,28.8,,0
62.9145841578033,226305.0,50.0,68.5,28.8,,0
66.63778987655051,295330.0,50.0,68.4,28.8,6.1,0
74.9,285142.0,50.0,68.5,28.8,,0
40.0,298793.0,50.0,68.6,28.8,,0
40.0,353799.0,50.0,68.7,28.8,,0
40.0,321280.0,50.0,68.6,28.8,,0
40.0,305586.0,50.0,68.5,28.8,,0
74.9,336229.0,50.0,68.5,28.8,,0
49.63807674042079,318595.0,50.0,68.5,28.8,,0
60.21620246453336,341268.0,50.0,68.5,28.8,,0
43.59769964063008,346665.0,50.0,68.5,28.8,,0
40.0,291655.0,50.0,68.5,28.9,,0
54.140713890581466,348499.0,50.0,68.4,28.8,,0
60.27157023212243,256749.0,50.0,68.6,28.9,,0
48.180082490195815,328940.0,50.0,68.5,28.8,,0
59.05119189762532,293939.0,50.0,68.6,28.8,5.6,0
54.22999452585625,351327.0,50.0,68.5,28.8,,0
53.78768912556942,316035.0,50.0,68.3,28.8,,0
74.9,255934.0,50.0,68.3,28.8,6.5,0
40.0,355261.0,50.0,68.3,28.9,,0
51.85628326447076,305679.0,50.0,68.3,28.9,,0
50.626123462426634,308308.0,50.0,68.3,28.8,,0
74.9,356095.0,50.0,68.3,28.8,,0
70.34668214264373,256269.0,50.0,68.4,28.9,,0
46.18615516136557,192241.0,50.0,68.3,28.8,,0
50.28743014700695,363051.0,50.0,68.3,28.9,,0
66.20335818898045,310031.0,50.0,68.4,28.9,,0
59.73239659538336,289000.0,50.0,68.3,28.9,5.7,0
62.45710658882141,354464.0,50.0,68.4,28.8,,0
40.60935855107432,333484.0,50.0,68.3,28.9,,0
71.18921845145601,301320.0,50.0,68.3,28.9,,0
68.408407345447,446659.0,50.0,68.3,28.9,,0
58.7478864841573,337698.0,50.0,68.4,28.9,,0
51.1433149960633,328156.0,50.0,68.2,28.9,,0
65.52325949978764,328767.0,50.0,68.4,28.9,,0
47.76365616349372,329286.0,50.0,68.4,28.9,,0
74.9,340188.0,50.0,68.5,28.9,,0
71.5438462688621,309334.0,50.0,68.2,28.9,,0
68.99880287308453,332567.0,50.0,68.2,28.9,,0
48.58907124375322,334333.0,50.0,68.4,28.9,,0
48.099640038716274,291520.0,50.0,68.3,28.9,,0
62.27193968750849,333375.0,50.0,68.2,28.9,,0
45.72921041907445,367429.0,50.0,68.3,28.9,,0
66.86407533960568,288287.0,50.0,68.3,28.9,,0
41.5489824426099,313479.0,50.0,68.3,28.8,,0
54.64867543366608,325091.0,50.0,68.2,28.9,,0
55.6426000661332,229664.0,50.0,68.2,28.9,,0
55.3398367403861,306247.0,50.0,68.1,28.9,,0
67.60393229728871,288581.0,50.0,68.1,28.9,,0
74.9,233976.0,50.0,68.1,28.9,,0
74.9,309905.0,50.0,68.1,28.9,,0
70.31501846812267,323591.0,50.0,68.1,28.9,6.3,0
73.67466643230563,302568.0,50.0,68.2,28.9,6.4,0
46.816554897866254,383922.0,50.0,68.1,28.9,,0
58.63823224941431,329970.0,50.0,68.1,28.9,,0
74.81702296853754,273562.0,50.0,68.1,28.9,,0
67.14589077167109,293454.0,50.0,68.1,28.9,,0
58.41396773226754,323252.0,50.0,68.1,28.9,,0
41.99733766263677,284952.0,50.0,68.1,28.9,,0
74.9,359878.0,50.0,68.2,28.9,,0
59.24832507207318,330940.0,50.0,68.0,28.9,,0
56.46908993236251,381046.0,50.0,68.2,28.9,,0
57.595769066470034,330432.0,50.0,68.2,28.9,,0
73.75236172970477,285018.0,50.0,68.2,29.0,,0
74.9,251129.0,50.0,68.1,28.9,,0
74.9,303229.0,50.0,68.1,28.9,,0
57.08761502609662,234949.0,50.0,68.0,28.9,5.5,0
54.542463391467685,273208.0,50.0,67.9,28.9,,0
52.708243855518326,313821.0,50.0,68.1,29.0,,0
71.49349937367487,329342.0,50.0,68.0,28.9,,0
63.69211984081337,270701.0,50.0,67.9,29.0,,0
49.43095092476724,400942.0,50.0,68.1,28.9,,0
51.17758758284104,394529.0,50.0,68.0,28.9,,0
57.0832656134296,320102.0,50.0,68.0,28.9,,0
72.84438192275915,377235.0,50.0,67.9,29.0,,0
58.67024927665095,302529.0,50.0,68.0,28.9,,0
59.328954617733444,335208.0,50.0,68.0,29.0,,0
70.69564424243707,320190.0,50.0,67.9,29.0,,0
67.42663557627785,393726.0,50.0,67.9,29.0,,0
64.57571534717742,334024.0,50.0,67.9,29.0,,0
41.773070098919185,201617.0,50.0,67.9,28.9,,0
64.66050875076202,315732.0,50.0,67.9,29.0,,0
53.8226079010231,330958.0,50.0,67.9,29.0,,0
59.2751552496371,370750.0,50.0,67.8,29.0,,0
61.033330419107735,286388.0,50.0,67.9,29.0,,0
71.88199486751147,310229.0,50.0,67.8,29.0,,0
66.31844020406768,298516.0,50.0,67.7,29.0,,0
52.202077374030765,323787.0,50.0,67.8,29.0,5.2,0
60.15394372252422,341592.0,50.0,67.7,29.0,,0
56.77625096028309,237363.0,50.0,67.8,29.0,,0
54.80671339693934,355721.0,50.0,67.8,29.0,,0
56.43148704908272,308912.0,50.0,68.4,29.3,,0
71.83651807087125,287961.0,50.0,68.2,29.3,,0
41.4863613810852,312771.0,50.0,68.4,29.3,,0
54.18991258501516,276518.0,50.0,68.2,29.3,5.2,0
57.89545852921571,342117.0,50.0,68.2,29.3,,0
59.88853726118621,333814.0,50.0,68.2,29.2,,0
74.9,304570.0,50.0,69.3,29.4,,0
63.34018361573604,297085.0,50.0,69.2,29.4,,0
49.84368336135633,293679.0,50.0,69.1,29.4,,0
54.25489714173974,336176.0,50.0,69.0,29.4,,0
74.9,287778.0,50.0,69.1,29.4,,0
55.000496332614446,317159.0,50.0,69.1,29.5,5.1,0
64.74958618451697,331859.0,50.0,69.0,29.5,,0
74.9,210812.0,50.0,69.0,29.5,,0
40.0,297685.0,50.0,69.1,29.5,,0
73.16760225052451,249545.0,50.0,69.0,29.5,,0
40.0,345703.0,50.0,69.0,29.5,,0
62.923886684432574,270940.0,50.0,69.0,29.5,,0
48.17352479134884,276361.0,50.0,68.9,29.5,4.7,0
61.326423809687284,291815.0,50.0,68.9,29.5,5.4,0
65.92876702770624,191541.0,50.0,68.8,29.5,,0
49.71777761846641,269327.0,50.0,68.8,29.5,,0
56.923911859530094,295787.0,50.0,68.9,29.5,,0
69.5741253587492,236329.0,50.0,68.9,29.5,,0
60.545897715969026,345125.0,50.0,68.9,29.5,5.4,0
74.9,298320.0,50.0,68.9,29.5,,0
63.893503252230204,238826.0,50.0,68.9,29.5,,0
40.0,358014.0,50.0,68.8,29.5,,0
59.933276476223156,373033.0,50.5,68.7,29.6,,0
43.51916533236301,343395.0,50.0,68.7,29.6,,0
74.9,338886.0,50.0,68.8,29.6,,0
63.31897806709259,320385.0,50.0,68.9,29.6,,0
41.14942251448905,381000.0,50.0,68.7,29.6,,0
52.66970832233921,342701.0,50.0,68.9,29.6,,0
41.243588321144955,266924.0,50.0,68.8,29.6,,0
74.9,304371.0,50.0,68.7,29.6,,0
74.9,316479.0,50.0,68.7,29.6,,0
40.0,360143.0,50.0,68.7,29.6,,0
52.9212921869327,351440.0,50.0,68.5,29.6,,0
60.30253041048098,250559.0,50.0,68.6,29.6,5.4,0
61.97153718444683,418830.0,50.0,68.6,29.6,,0
65.91583750217352,317411.0,50.0,68.5,29.6,,0
72.90412082348277,329480.0,50.0,68.6,29.6,,0
62.514410763153535,270876.0,50.0,68.4,29.6,,0
62.80617630947518,366594.0,50.0,68.5,29.6,,0
49.967254174799706,384102.0,50.0,68.5,29.7,,0
58.89952771025849,280050.0,50.0,68.4,29.6,,0
71.97158492304294,307094.0,50.0,68.6,29.6,6.0,0
69.11417864983329,306870.0,50.0,68.5,29.7,5.8,0
59.282086277641156,342210.0,51.0,68.4,29.7,,0
63.490764691080074,230201.0,50.0,68.3,29.7,5.5,0
46.5450751188673,361823.0,50.0,68.3,29.7,,0
58.414360933181435,296432.0,50.0,68.4,29.7,,0
43.69711181691031,271411.0,50.0,68.4,29.7,,0
40.0,315442.0,50.0,68.4,29.7,,0
52.81874903302744,276503.0,50.0,68.3,29.6,,0
59.182518897984565,336378.0,50.0,68.3,29.7,5.3,0
74.9,251965.0,50.0,68.4,29.7,,0
73.91257251960627,363789.0,50.0,68.4,29.7,,0
50.65088712747959,329145.0,50.0,68.5,29.7,,0
54.50840100794862,328355.0,50.0,68.4,29.7,,0
74.9,347252.0,50.0,68.5,29.7,,0
66.1033004788013,300636.0,50.5,68.5,29.7,,0
42.19132002090798,310618.0,50.0,68.5,29.7,,0
74.47929785836698,251277.0,50.0,68.5,29.7,,0
47.33892758187966,325682.0,50.0,68.6,29.7,,0
48.18414258183285,284336.0,50.0,68.6,29.7,,0
54.91681701926188,258547.0,50.0,68.6,29.7,,0
48.31053784540358,351654.0,50.0,68.6,29.8,,0
44.31156261322843,248095.0,50.0,68.5,29.7,,0
52.439700245593265,352937.0,50.0,68.6,29.7,,0
57.63693830403732,299093.0,50.0,68.5,29.7,,0
60.53230557018728,241443.0,50.0,68.5,29.8,,0
65.93646784530038,337254.0,50.0,68.6,29.7,,0
55.08829831085134,365266.0,50.0,68.8,29.7,,0
46.47004681256354,370755.0,50.0,68.7,29.7,,0
61.85392398714301,304855.0,50.0,68.7,29.7,,0
59.761516375580264,315173.0,50.0,68.8,29.7,,0
74.6433947570126,271549.0,50.0,68.8,29.7,,0
50.84976913024082,366633.0,50.0,68.6,29.7,,0
52.85358077779369,360523.0,50.0,68.7,29.8,,0
74.9,301919.0,50.0,68.8,29.7,,0
68.17634791890366,268083.0,50.0,68.7,29.7,,0
69.05679957681372,328974.0,50.0,68.8,29.7,,0
65.67645938592258,290949.0,50.0,68.6,29.7,,0
40.06699901319393,342646.0,50.0,68.6,29.8,,0
40.0,305719.0,50.0,68.8,29.7,4.2,0
71.29418239703963,328635.0,50.0,68.8,29.7,,0
74.9,366129.0,50.0,68.8,29.8,,0
52.15321934009308,321229.0,50.0,68.8,29.8,4.8,0
59.43155156946677,248802.0,50.0,68.8,29.7,,0
48.71521300218776,294765.0,50.0,68.7,29.7,,0
40.0,322137.0,50.0,68.7,29.7,,0
57.01113786416351,244719.0,50.0,68.7,29.8,,0
64.85055438332799,352214.0,50.0,68.6,29.8,5.6,0
62.724413746378666,305416.0,50.0,68.8,29.7,,0
67.09730582102226,350609.0,50.0,68.8,29.7,,0
63.68884283663626,282892.0,50.0,68.8,29.8,,0
63.31920918613417,373796.0,50.0,68.8,29.7,5.5,0
52.84045129665924,414407.0,50.0,68.8,29.7,,0
53.692428792175384,321458.0,50.0,68.8,29.8,,0
51.93017284792397,330047.0,50.0,68.8,29.8,,0
40.0,295428.0,50.0,68.8,29.8,4.1,0
46.89454559581719,326090.0,50.0,68.7,29.7,,0
71.93336850610689,349070.0,50.0,68.8,29.7,,0
40.0,411893.0,50.0,68.7,29.8,,0
63.54335928745042,285057.0,50.0,68.7,29.7,,0
61.885535027891294,327928.0,50.0,68.8,29.8,,0
51.99781539658124,328906.0,50.0,68.7,29.7,,0
52.71033254855631,301803.0,50.0,68.7,29.7,4.9,0
51.76465037093899,255529.0,50.0,68.8,29.7,,0
61.75003764258461,346338.0,50.0,68.7,29.8,,0
66.17860315291647,356896.0,50.0,68.7,29.8,,0
63.89208252017842,296027.0,50.0,68.7,29.8,,0
70.07596637317427,258911.0,50.0,68.7,29.8,,0
49.19194340985024,276610.0,50.0,68.7,29.7,,0
72.96067270967173,362425.0,50.0,68.7,29.7,,0
65.84766284453994,368236.0,50.0,68.6,29.7,,0
49.44860661105614,335686.0,50.0,68.7,29.7,,0
58.49790685940203,358109.0,50.0,68.6,29.7,,0
58.61730920937363,302677.0,50.0,68.7,29.8,,0
66.49090222273188,359427.0,50.0,68.7,29.8,,0
51.97985766183838,317251.0,50.0,68.7,29.7,,0
47.29871239630017,207587.0,50.0,68.7,29.7,,0
62.405515576964746,347400.0,50.0,68.8,29.8,,0
63.144801709040706,232269.0,50.0,68.8,29.7,,0
55.7898068390823,220174.0,50.0,68.7,29.8,,0
74.9,271127.0,50.0,68.7,29.7,6.1,0
74.9,362564.0,50.0,68.8,29.8,,0
49.192915769567264,269024.0,50.0,68.7,29.8,,0
64.20444259663606,282005.0,50.0,68.7,29.8,,0
61.22981570589849,298272.0,50.0,68.8,29.7,,0
40.0,219628.0,50.0,68.7,29.8,,0
62.72021098193517,294729.0,50.0,68.7,29.8,,0
53.362922197030414,351313.0,50.0,68.9,29.7,,0
74.08130731958934,307735.0,50.0,68.7,29.7,,0
55.91281551708166,342506.0,50.0,68.6,29.8,,0
43.7167731636051,330041.0,50.0,68.8,29.8,,0
66.62263166186585,350610.0,50.0,68.8,29.7,,0
40.0,285739.0,50.0,68.8,29.8,4.1,0
49.4608409661184,324494.0,50.0,68.7,29.7,,0
65.7689349572158,387351.0,50.0,68.8,29.8,,0
54.060414235583124,297609.0,50.0,68.8,29.8,,0
73.79606422654496,333345.0,50.0,68.8,29.8,,0
74.9,332992.0,50.0,68.8,29.8,,0
46.11460057544075,260009.0,50.0,68.7,29.8,,0
41.38185301129285,349792.0,50.0,68.7,29.8,,0
74.2631618770441,403221.0,50.0,68.8,29.8,,0
70.11726398787889,372327.0,50.0,68.8,29.8,,0
53.039804008155784,267961.0,50.0,68.8,29.8,,0
70.20095198901063,338795.0,50.0,68.6,29.8,,0
61.28933249209071,337431.0,50.0,68.8,29.8,,0
63.87822578949847,377771.0,50.0,68.8,29.8,,0
74.9,344489.0,50.0,68.7,29.7,,0
70.14963447075513,343132.0,50.0,68.7,29.7,,0
54.46596321558457,354045.0,50.0,68.7,29.8,,0
43.26605917368886,367425.0,50.0,68.7,29.8,,0
45.66572472280758,332861.0,50.0,68.7,29.8,,0
49.85815249888609,344902.0,50.0,68.7,29.8,,0
59.592897288865096,248235.0,50.0,68.7,29.8,,0
65.04839557222175,293993.0,51.0,68.7,29.8,,0
70.57376064976043,320059.0,50.0,68.7,29.8,,0
64.74505182465646,276909.0,50.0,68.7,29.8,,0
52.928013222871655,299361.0,50.0,68.7,29.8,,0
70.28042976291067,395481.0,50.0,68.7,29.8,,0
50.337938979085486,368458.0,50.0,68.6,29.8,,0
40.0,266261.0,50.0,68.7,29.8,,0
48.4946585257587,259137.0,50.0,68.8,29.8,,0
40.99693932254904,338584.0,50.0,68.8,29.7,,0
57.431187627265665,337073.0,50.0,68.8,29.8,,0
68.28567223345816,331952.0,50.0,68.7,29.8,,0
67.89315811380449,316871.0,50.0,68.8,29.8,,0
45.75607934033106,367601.0,50.0,68.6,29.8,,0
52.93065440662647,277898.0,50.0,68.8,29.8,,0
57.86498549034722,278923.0,50.0,68.8,29.8,,0
54.990835416126814,335482.0,50.0,68.8,29.8,,0
64.18010087095352,279597.0,50.0,68.6,29.8,,0
54.147535524615066,368344.0,50.0,68.6,29.8,,0
65.9568014128073,413377.0,50.0,68.6,29.8,,0
74.16153808489832,371493.0,50.0,68.7,29.8,,0
43.34557739453038,354373.0,50.0,68.6,29.8,,0
59.36271837963707,295205.0,50.0,68.6,29.8,,0
62.01618408639034,362534.0,50.0,68.7,29.8,,0
66.00997909205054,280468.0,50.0,68.8,29.8,,0
68.90950696311144,291308.0,50.0,68.8,29.8,5.8,0
62.60019742757144,306349.0,50.0,68.8,29.8,,0
57.37360497917249,354480.0,50.0,68.8,29.8,,0
47.517675362209225,407533.0,50.0,68.8,29.8,,0
40.0,293104.0,50.0,68.7,29.8,4.1,0
64.44254267930089,346294.0,50.0,68.8,29.8,,0
58.79429135313954,317417.0,50.0,68.7,29.8,,0
64.9266010239314,309601.0,50.0,68.6,29.8,,0
74.9,357770.0,50.0,68.7,29.8,,0
70.47389221206761,276522.0,50.0,68.6,29.8,,0
59.04733890713157,306479.0,50.0,68.8,29.8,5.2,0
47.93278349172641,336207.0,50.0,68.7,29.8,,0
53.5482509066422,349493.0,50.0,68.7,29.8,,0
47.157701245268015,397356.0,50.0,68.6,29.8,,0
49.24400809689526,329868.0,50.0,68.7,29.7,,0
69.5023117246568,294321.0,50.0,68.7,29.8,,0
70.22962372119541,264686.0,50.0,68.7,29.8,5.8,0
74.9,320636.0,50.0,68.7,29.8,,0
52.84306310437344,306536.0,50.0,68.6,29.8,,0
69.70703123271264,293699.0,50.0,68.7,29.7,,0
51.00770772692667,310030.0,50.0,68.8,29.8,,0
45.87645464676038,401924.0,50.0,68.8,29.8,,0
53.203264905423325,357422.0,50.0,68.8,29.8,,0
62.51364100377327,275695.0,50.0,68.8,29.8,,0
59.92854348944725,355280.0,50.0,68.8,29.8,,0
57.74086397896432,373690.0,50.0,68.7,29.8,,0
72.25818471338236,361351.0,50.0,68.8,29.8,,0
54.484118732724035,271407.0,50.0,68.8,29.8,,0
52.63694873564647,328830.0,50.0,68.8,29.8,,0
66.54944056238827,222279.0,50.0,68.9,29.8,,0
59.902641580658994,327114.0,50.0,68.9,29.8,,0
56.66946892421338,378107.0,50.0,68.9,29.8,5.1,0
65.06136089101045,378958.0,50.0,68.9,29.8,,0
57.40847375579721,362186.0,50.0,68.9,29.8,,0
74.9,379026.0,50.0,68.9,29.8,,0
46.894300878855205,308584.0,50.0,68.9,29.8,,0
55.858023534602445,342016.0,50.0,68.9,29.8,,0
68.2362426601744,282249.0,50.0,68.9,29.8,,0
60.81406216700325,229103.0,50.0,68.9,29.8,,0
74.9,296943.0,50.0,69.0,29.8,,0
60.670367278133966,306065.0,50.0,68.9,29.8,,0
73.75233090016098,192312.0,50.0,68.8,29.8,,0
59.80067589208909,315238.0,50.0,68.9,29.8,,0
54.55636334889981,397680.0,50.0,68.9,29.8,4.9,0
49.35204649373075,354730.0,50.0,68.9,29.8,,0
64.275033464473,376768.0,50.0,68.8,29.8,,0
51.99373098266994,287016.0,50.0,68.9,29.8,,0
73.15283888972878,339139.0,50.0,68.7,29.8,,0
41.460751839878895,295731.0,50.0,68.9,29.8,,0
64.63659184617673,357699.0,50.0,68.9,29.8,,0
51.84923216168454,188858.0,50.0,68.9,29.8,,0
66.2786782288444,265085.0,50.0,68.9,29.8,,0
40.0,192545.0,50.0,68.7,29.8,,0
69.7677703223729,325787.0,50.0,68.7,29.8,,0
57.29212343145298,382506.0,50.0,68.7,29.8,,0
67.64789619627688,392733.0,50.0,68.6,29.8,,0
43.28717433399604,318445.0,50.0,68.7,29.8,4.3,0
40.59943950062383,309677.0,50.0,68.7,29.8,,0
57.01660975479987,348197.0,50.0,68.7,29.8,,0
60.54676657370278,348053.0,50.0,68.7,29.8,5.3,0
68.44128159766673,416971.0,50.0,68.7,29.8,,0
56.216440136566504,277653.0,50.0,68.8,29.8,,0
62.953003383796904,283897.0,50.0,68.8,29.8,,0
74.9,307255.0,50.0,68.8,29.8,,0
53.213083585512116,298790.0,50.0,68.8,29.8,,0
68.6210090816597,312901.0,50.0,68.7,29.8,,0
52.299998158435415,394940.0,50.0,68.8,29.8,,0
49.725961912059,321600.0,50.0,68.7,29.8,,0
67.82767381932277,246589.0,50.0,68.7,29.8,,0
65.7631260168711,272520.0,50.0,68.7,29.8,,0
69.87339337000803,276680.0,50.0,68.7,29.8,,0
68.31322838218632,369762.0,50.0,68.7,29.8,,0
70.33723830759365,331309.0,50.0,68.8,29.8,,0
57.2243886848436,294061.0,50.0,68.8,29.8,,0
74.9,288522.0,50.0,68.8,29.8,,0
47.555207117160045,349941.0,50.0,68.7,29.8,,0
50.44635836176205,277247.0,50.0,68.8,29.8,,0
42.67674885396282,298269.0,50.0,68.8,29.8,,0
59.00741971324208,330939.0,50.0,68.8,29.8,,0
71.4156749315938,343710.0,50.0,68.7,29.8,,0
57.70953336536184,311081.0,50.0,68.8,29.8,,0
66.1218896269822,377265.0,50.0,68.8,29.8,,0
61.515770393798405,298889.0,50.0,68.7,29.8,,0
48.08560798697346,254965.0,50.0,68.8,29.8,,0
67.99523606452227,346009.0,50.0,68.7,29.8,,0
66.92836230127993,314210.0,50.0,68.8,29.8,,0
74.9,298214.0,50.0,68.8,29.8,,0
71.46323084648647,318256.0,50.0,68.9,29.9,,0
52.69979082384795,346663.0,50.0,68.8,29.8,,0
64.91563342420793,336063.0,50.0,68.7,29.8,,0
60.97534106467438,318294.0,50.0,68.8,29.8,,0
74.9,373291.0,50.0,68.7,29.8,,0
68.67392273982614,325030.0,50.0,68.7,29.8,,0
72.08588640716003,343309.0,50.0,68.7,29.8,,0
60.31445703328843,306339.0,50.0,68.7,29.8,,0
59.02899194804774,177330.0,50.0,68.9,29.8,5.2,0
62.5272100715717,298018.0,50.0,68.9,29.8,,0
74.9,320870.0,50.0,68.8,29.8,,0
45.73243896558046,317755.0,50.5,68.9,29.9,,0
47.446546979249945,341303.0,50.0,68.7,29.8,,0
63.49136837207382,363102.0,50.0,68.9,29.8,,0
50.509418499665216,321530.0,50.0,68.8,29.8,,0
43.61973845488038,351567.0,50.0,68.9,29.8,,0
66.22645416528147,342311.0,50.0,68.9,29.8,,0
60.019428376283294,338664.0,50.0,68.8,29.8,,0
74.9,307170.0,50.0,68.8,29.8,,0
61.663742204521014,271124.0,50.0,68.7,29.8,,0
49.580868460820014,324401.0,50.0,68.7,29.8,,0
73.24720256042289,308467.0,50.0,68.9,29.8,,0
57.169001648254515,301690.0,50.0,68.8,29.8,,0
53.58291994986812,333273.0,50.0,68.7,29.8,,0
42.03290825785626,377642.0,50.0,68.6,29.8,,0
52.01493242244648,352485.0,50.0,68.7,29.8,4.8,0
44.76001683127349,350097.0,50.0,68.7,29.8,,0
68.06333529377397,337289.0,50.0,68.6,29.8,,0
48.06685773840249,331229.0,50.0,68.7,29.8,4.6,0
45.80332578318733,308625.0,50.0,68.7,29.9,,0
72.35295721146392,355851.0,50.0,68.7,29.8,,0
60.1821953104852,276133.0,50.0,68.7,29.8,,0
67.74705254609032,320872.0,50.0,68.7,29.8,,0
40.0,355218.0,50.0,68.7,29.8,,0
59.70920599356369,374110.0,50.0,68.8,29.8,,0
46.85675377388634,177048.0,50.0,68.7,29.8,,0
63.34900630014222,333120.0,50.0,68.7,29.9,,0
40.0,275967.0,50.0,68.8,29.8,,0
74.9,306247.0,50.0,68.8,29.8,,0
68.77150771651459,290720.0,50.0,68.7,29.8,,0
40.0,312338.0,50.0,68.8,29.8,,0
56.81274527656674,302005.0,50.0,68.8,29.8,,0
58.62430997392329,331892.0,50.0,68.8,29.8,5.2,0
58.19859658495432,263119.0,50.0,68.9,29.8,,0
65.83421749874327,232278.0,50.0,68.8,29.8,,0
40.0,353263.0,50.0,68.9,29.8,4.1,0
66.08424326562428,317417.0,50.0,68.9,29.8,5.6,0
43.254617942939134,288144.0,50.0,68.9,29.8,,0
56.84703902776195,248184.0,50.0,68.8,29.8,,0
51.131656103721205,349354.0,50.0,68.9,29.8,,0
74.9,301125.0,50.0,68.9,29.8,,0
69.07786025179318,233867.0,50.0,68.8,29.8,,0
67.91341489336334,283822.0,50.0,68.8,29.8,,0
63.68814740049564,308851.0,50.0,68.7,29.8,,0
74.9,280650.0,50.0,68.8,29.8,,0
67.53127557074197,307422.0,50.0,68.9,29.8,,0
58.10033426388404,311726.0,50.0,68.8,29.8,,0
49.85192274607064,319365.0,50.0,68.6,29.8,,0
59.248221334538144,330855.0,50.0,68.8,29.8,,0
61.01406174831435,355909.0,50.0,68.7,29.8,,0
71.08210339256843,272721.0,50.0,68.7,29.8,,0
70.42527000708925,266614.0,50.0,68.8,29.8,,0
67.05427065765282,347888.0,50.0,68.7,29.8,,0
40.0,324184.0,50.0,68.7,29.8,,0
54.378046639676214,285855.0,50.0,68.7,29.8,,0
74.9,290584.0,50.0,68.5,29.8,,0
50.323476850583404,323406.0,50.0,68.7,29.8,,0
68.227076955581,313625.0,50.0,68.7,29.9,,0
73.99644654803103,343893.0,50.0,68.5,29.8,,0
40.0,296173.0,50.0,68.6,29.8,,0
53.257894807779614,341571.0,50.0,68.6,29.8,4.9,0
40.0,434705.0,50.0,68.7,29.8,,0
66.37231313873052,326699.0,50.0,68.7,29.8,5.6,0
74.17881259702975,425464.0,50.0,68.6,29.8,,0
70.44895973506084,362696.0,50.0,68.8,29.8,,0
61.568280293572585,313631.0,50.0,68.7,29.8,,0
54.290454671941184,282824.0,50.0,68.6,29.8,,0
51.75583080360603,259224.0,50.0,68.6,29.8,4.8,0
59.08954259177972,244189.0,50.0,68.5,29.8,,0
62.29099828972453,318365.0,50.0,68.7,29.8,,0
61.76322358064025,296504.0,50.0,68.6,29.8,,0
74.9,381205.0,50.0,68.6,29.8,,0
45.065489998983324,330479.0,50.0,68.6,29.8,,0
52.703926284752114,274348.0,50.0,68.5,29.8,,0
43.91913514651278,339449.0,50.0,68.6,29.8,,0
51.82343717916511,363552.0,50.0,68.6,29.8,4.8,0
71.92538657436526,381826.0,50.0,68.6,29.8,,0
49.77135880711076,341391.0,50.0,68.6,29.8,,0
67.5894505997076,298661.0,50.0,68.6,29.8,,0
50.738736511285495,392428.0,50.0,68.6,29.8,,0
62.72995050878465,348618.0,50.0,68.7,29.8,,0
50.13508785806487,265132.0,50.0,68.6,29.8,,0
53.16660270609468,314419.0,50.0,68.6,29.8,,0
47.22935991819182,319556.0,50.0,68.6,29.8,,0
40.0,269597.0,50.0,68.7,29.8,,0
68.0509349793225,347170.0,50.0,68.8,29.8,,0
55.29747881535761,274200.0,50.0,68.8,29.8,,0
47.67115738168787,303202.0,50.0,68.7,29.8,4.6,0
67.7342218997435,361771.0,50.0,68.7,29.8,,0
54.04161917421637,268092.0,50.0,68.7,29.8,,0
63.214123654396,282940.0,50.0,68.7,29.8,5.4,0
53.78096833366557,379637.0,50.0,68.6,29.8,,0
69.92538514278922,327108.0,50.0,68.7,29.8,,0
44.736971986647326,329512.0,50.0,68.6,29.8,,0
72.75188748945033,303096.0,50.0,68.7,29.8,,0
74.9,378173.0,50.0,68.6,29.8,,0
74.9,333735.0,50.0,68.6,29.8,,0
67.04870039767215,383638.0,50.0,68.6,29.8,,0
65.36872724482771,297444.0,50.0,68.6,29.8,,0
54.617485961665665,330734.0,50.0,68.6,29.8,,0
44.513262936645376,313553.0,50.0,68.6,29.8,,0
73.15856541876305,221393.0,50.0,68.5,29.8,6.0,0
74.9,370506.0,50.0,68.6,29.8,,0
54.482824610034285,344452.0,50.0,68.6,29.8,,0
60.03777272287592,375349.0,50.0,68.5,29.8,,0
71.79219771323929,256996.0,50.0,68.6,29.8,,0
67.04714896157012,310746.0,50.0,68.6,29.8,,0
60.9939908462172,287232.0,50.0,68.6,29.8,,0
74.9,366802.0,50.0,68.6,29.8,,0
51.12274603232439,259942.0,50.0,68.6,29.8,,0
55.37192842826582,339552.0,50.0,68.7,29.8,,0
62.88247012735468,376390.0,50.0,68.6,29.8,,0
69.47903666617023,363630.0,50.0,68.7,29.8,5.8,0
63.92226480732525,257481.0,50.0,68.6,29.8,,0
57.65161762623718,367704.0,50.0,68.6,29.8,,0
59.38172485770425,342639.0,50.0,68.8,29.8,,0
56.1750202170464,273658.0,50.0,68.7,29.8,,0
58.51987123144667,333907.0,50.0,68.6,29.8,,0
52.131747366462676,309392.0,50.0,68.6,29.8,,0
48.72644109616821,370366.0,50.0,68.6,29.8,,0
56.46653090894359,385373.0,50.0,68.7,29.8,,0
74.9,316352.0,50.0,68.6,29.8,,0
47.8986152094318,226134.0,50.0,68.7,29.8,,0
42.3355551236785,258177.0,50.0,68.6,29.8,,0
74.9,325212.0,50.0,68.6,29.8,,0
64.67525428910385,220081.0,50.0,68.6,29.8,,0
45.624402849392865,359918.0,50.0,68.6,29.8,,0
63.441289348591035,313375.0,50.0,68.7,29.8,5.5,0
66.77810830320146,393610.0,50.0,68.6,29.8,,0
57.34749043755539,323121.0,50.0,68.7,29.8,,0
62.31116302477566,427644.0,50.0,68.6,29.8,,0
40.0,350745.0,50.0,68.6,29.8,,0
58.62237301489124,345504.0,50.0,68.6,29.8,,0
52.11152935206331,317796.0,50.0,68.6,29.8,,0
68.53692695358595,460080.0,50.0,68.6,29.8,5.8,0
69.69643427282486,281837.0,50.0,68.7,29.8,,0
54.91488381572756,299596.0,50.0,68.6,29.8,,0
40.0,305145.0,50.0,68.7,29.8,,0
68.79394898186094,262659.0,50.0,68.7,29.8,5.8,0
72.58179181260711,341949.0,50.0,68.6,29.8,,0
51.189200136347544,313631.0,50.0,68.7,29.8,,0
74.9,353009.0,50.0,68.7,29.8,,0
60.10540385877778,309304.0,50.0,68.7,29.7,,0
60.91930884541991,296970.0,50.0,68.7,29.8,,0
40.0,411898.0,50.0,68.7,29.8,,0
61.86389999039282,337916.0,50.0,68.7,29.8,,0
59.3051070014771,286919.0,50.0,68.6,29.8,,0
57.76890622861475,248027.0,50.0,68.7,29.8,,0
74.9,264446.0,50.0,68.7,29.8,6.1,0
47.61640459383385,300188.0,50.0,68.7,29.8,,0
74.9,320652.0,50.0,68.7,29.8,,0
45.16637044763445,376445.0,50.0,68.6,29.8,,0
68.77200752142578,344229.0,50.0,68.8,29.8,,0
68.58881089405008,427746.0,50.0,68.6,29.8,,0
74.9,289097.0,50.0,68.6,29.8,,0
74.9,337242.0,50.0,68.6,29.8,,0
65.989149793653,243847.0,50.0,68.8,29.8,,0
57.955370815341645,283422.0,50.0,68.6,29.8,,0
69.93670577871971,368198.0,50.0,68.6,29.8,,0
40.0,319008.0,50.0,68.8,29.8,4.1,0
73.46233805753103,311599.0,50.0,68.7,29.8,,0
68.74876374002838,335802.0,50.0,68.7,29.8,5.8,0
64.09992278343151,307790.0,50.0,68.7,29.8,,0
45.401030350371485,269531.0,50.0,68.8,29.8,,0
68.5122301734638,320875.0,50.0,68.6,29.8,5.8,0
58.3378530647133,300924.0,50.0,68.7,29.8,,0
56.337733854230976,367111.0,50.0,68.6,29.8,,0
55.97707101758368,259652.0,50.0,68.7,29.8,,0
68.92382130648208,310780.0,50.0,68.6,29.8,,0
60.37675038639332,392341.0,50.0,68.7,29.8,,0
59.75327331179391,333013.0,50.0,68.7,29.8,,0
45.8529181044201,310114.0,50.0,68.7,29.8,,0
67.31431254250322,250008.0,50.0,68.8,29.8,,0
62.41014111738851,324535.0,50.0,68.7,29.8,,0
60.49544946704927,366672.0,50.0,68.7,29.8,,0
64.01326217818226,386513.0,50.0,68.7,29.8,,0
48.076925812871565,326116.0,50.0,68.6,29.8,,0
61.013601436679366,271883.0,50.0,68.7,29.8,,0
71.47554002509615,424610.0,50.0,68.7,29.8,,0
59.79592710619403,342725.0,50.0,68.6,29.8,,0
61.014221709783925,287888.0,50.0,68.5,29.7,,0
40.0,288240.0,50.0,68.6,29.8,,0
43.296499428579224,396684.0,50.0,68.5,29.8,4.4,0
58.61868367292113,304433.0,50.0,68.6,29.8,,0
70.66984589745367,269521.0,50.0,68.6,29.8,,0
50.79763154394537,323063.0,50.0,68.7,29.8,,0
72.34522789708177,342575.0,50.0,68.6,29.8,,0
62.97990171019059,323515.0,50.0,68.7,29.8,,0
64.80283026632131,329074.0,50.0,68.5,29.8,5.6,0
47.64033270267677,322073.0,50.0,68.7,29.8,4.6,0
47.11573609298697,323648.0,50.0,68.6,29.8,,0
54.2322247021411,434272.0,50.0,68.5,29.8,,0
59.52126739497945,256809.0,50.0,68.5,29.8,,0
58.3898374718769,343371.0,50.0,68.5,29.7,5.2,0
74.9,293474.0,50.0,68.5,29.8,,0
41.01086431171632,356757.0,50.0,68.6,29.7,,0
43.432815529204184,300373.0,50.0,68.5,29.8,,0
56.90855417386807,316866.0,50.0,68.6,29.8,5.1,0
68.26997348489203,289236.0,50.0,68.6,29.8,,0
56.71524897399887,319357.0,50.0,68.6,29.8,,0
61.79517549022545,324402.0,50.0,68.6,29.8,,0
65.23206930267096,357972.0,50.0,68.6,29.7,5.6,0
64.71160938781162,340411.0,50.0,68.5,29.7,5.6,0
41.01332199904227,322260.0,50.0,68.6,29.7,,0
65.75409057601931,352802.0,50.0,68.5,29.8,,0
51.69179070919447,290343.0,50.0,68.6,29.8,,0
53.11079189659682,344138.0,50.0,68.7,29.8,,0
72.4065726590905,301664.0,50.0,68.7,29.8,,0
70.89554776352459,325556.0,50.0,68.6,29.7,5.9,0
58.508570674050766,310487.0,50.0,68.7,29.8,,0
68.95933637522589,334651.0,50.0,68.7,29.8,,0
74.9,281649.0,50.0,68.6,29.8,,0
66.21722042435971,296185.0,50.0,68.6,29.8,,0
49.568556156136275,319510.0,50.0,68.5,29.7,,0
61.64822975288443,451317.0,50.0,68.6,29.8,,0
57.79025021180158,269141.0,50.0,68.5,29.8,,0
63.27612860993263,226641.0,50.0,68.6,29.7,,0
58.896518608748806,320721.0,50.0,68.6,29.8,,0
69.53520459534253,363813.0,50.5,68.5,29.8,,0
53.95716457310739,313222.0,50.0,68.6,29.8,,0
50.80655003267195,269237.0,50.0,68.6,29.7,,0
63.718737352567615,262688.0,50.0,68.7,29.8,,0
55.02447719313764,275217.0,50.0,68.7,29.8,,0
66.59619823548312,401064.0,50.0,68.7,29.8,,0
44.38094420636003,236614.0,50.0,68.8,29.8,,0
58.50135737579919,320706.0,47.5,68.7,29.8,,0
62.62391168108757,299915.0,50.0,68.8,29.8,,0
57.592328414094816,336537.0,50.0,68.6,29.8,,0
72.48517071173806,232022.0,50.0,68.6,29.8,,0
55.57272673162245,329621.0,50.0,68.5,29.8,,0
48.98428674467117,397902.0,51.0,68.6,29.8,,0
52.375081437255155,318141.0,51.5,68.7,29.8,5.0,0
66.6722651621075,293392.0,50.0,68.5,29.8,5.7,0
40.0,300710.0,50.0,68.6,29.8,,0
72.3532866711245,304839.0,50.0,68.8,29.8,6.0,0
49.84278838249226,361655.0,50.5,68.8,29.8,,0
56.03070124772337,297042.0,50.0,68.9,29.8,,0
61.79347307595972,354683.0,50.0,69.0,29.8,,0
74.9,357225.0,59.0,68.9,29.8,,0
73.91807959666014,297231.0,49.5,68.9,29.8,,0
47.68958272836628,322804.0,50.0,68.7,29.8,,0
61.286038983115155,271466.0,50.0,68.6,29.8,,0
57.89646564115185,337969.0,50.0,68.7,29.8,,0
64.32472074021696,342692.0,50.0,68.7,29.8,5.5,0
63.49157676164931,297184.0,50.0,68.7,29.8,,0
53.83319248021388,266047.0,50.0,68.6,29.8,,0
74.9,320605.0,50.0,68.6,29.8,,0
57.301763330461775,278204.0,49.5,69.0,29.9,,0
74.9,271700.0,50.0,67.6,29.9,6.2,0
54.85382489272712,338712.0,50.0,67.4,29.9,,0
67.20255558893133,363106.0,50.0,67.5,29.9,,0
74.9,342777.0,50.0,67.5,29.9,,0
47.32763040039999,308437.0,50.0,67.7,29.9,,0
63.693988470166616,413070.0,50.0,67.6,29.8,,0
43.22633425890844,374115.0,50.0,67.6,29.9,,0
62.158972434557,357702.0,50.0,67.7,29.9,,0
58.77606340036881,282090.0,50.0,67.6,29.9,,0
69.01047335281598,349449.0,50.0,67.6,29.9,,0
71.66468358887667,319401.0,50.0,67.5,29.9,,0
52.80213572016181,249854.0,50.0,67.6,29.9,,0
69.83247921767287,339075.0,50.0,67.5,29.9,,0
48.41060840563249,295764.0,50.0,67.5,29.9,,0
54.398894256582714,253265.0,50.0,67.5,29.9,,0
50.1878112407384,268977.0,50.0,67.5,29.8,,0
55.05025185734476,286758.0,50.0,67.5,29.8,,0
40.475940949599014,411016.0,49.5,67.6,29.9,,0
74.9,284944.0,50.0,67.4,29.8,,0
63.269056759843316,338785.0,50.0,67.6,29.9,,0
74.29303025728171,283162.0,50.0,67.4,29.8,,0
73.10528140778911,295344.0,50.0,67.5,29.9,,0
43.96965114997664,352586.0,50.0,67.4,29.8,,0
74.9,436455.0,50.0,67.4,29.8,,0
45.60329681891744,351451.0,50.0,67.5,29.8,,0
55.0823850744776,355251.0,50.0,67.5,29.8,,0
42.35412538522499,263175.0,50.0,67.5,29.8,,0
50.689502122002196,323553.0,50.0,67.5,29.9,,0
52.30702480153973,349657.0,50.0,67.5,29.8,,0
72.32273541909497,346980.0,50.0,67.5,29.8,,0
74.9,338712.0,50.0,67.4,29.8,,0
45.397239475918,381351.0,50.0,67.5,29.8,,0
52.73812517272803,360968.0,50.0,67.7,29.8,,0
74.9,340550.0,50.0,67.6,29.8,,0
42.0460942420242,278680.0,50.0,67.5,29.8,,0
74.9,312389.0,50.0,67.5,29.8,,0
60.95488241930599,354147.0,50.0,67.6,29.8,,0
68.35587434496388,332545.0,50.0,67.7,29.8,,0
57.49597954535441,305929.0,50.0,67.6,29.8,,0
70.29478590349612,344910.0,50.0,67.6,29.8,,0
56.91239999258652,368695.0,50.0,67.7,29.8,,0
58.451590618442594,281675.0,50.0,67.5,29.8,,0
50.89235161315986,275956.0,50.0,67.6,29.8,,0
56.73107980075575,375517.0,50.0,67.6,29.7,5.2,0
50.338857827633895,328481.0,50.0,67.7,29.8,,0
52.119727852471044,308286.0,50.0,67.6,29.8,,0
41.87950545617697,310075.0,50.0,67.7,29.8,4.4,0
57.675535442340454,344312.0,50.0,67.7,29.8,,0
62.67937095906445,266072.0,50.0,67.6,29.8,,0
73.01037892852251,329463.0,50.0,67.7,29.8,6.1,0
62.38072220612984,319586.0,51.0,67.7,29.8,,0
53.78691063333336,329801.0,50.0,67.7,29.8,,0
65.70706123114299,241389.0,50.0,67.7,29.7,,0
53.53486995184685,308527.0,50.0,67.6,29.8,,0
63.07404726833134,373698.0,50.0,67.7,29.7,5.6,0
50.73911022483861,297591.0,50.0,67.6,29.7,,0
53.8495906722414,283931.0,50.0,67.7,29.8,5.0,0
55.83376205865285,354686.0,50.0,67.7,29.7,,0
47.35397405562785,339251.0,50.0,67.6,29.8,,0
40.0,294739.0,50.0,67.8,29.7,,0
56.046128397384166,395368.0,50.0,67.5,29.7,,0
56.70237234296774,220944.0,50.0,67.8,29.7,,0
40.0,321531.0,50.0,67.6,29.8,,0
67.3652502694789,336895.0,50.0,67.8,29.8,,0
62.01084126961188,372301.0,50.0,67.7,29.7,,0
53.52490535115442,360270.0,50.0,67.7,29.7,,0
40.415821379682995,279277.0,50.0,67.7,29.7,,0
40.0,307631.0,50.0,67.8,29.7,,0
59.44486539280389,325134.0,50.0,67.9,29.7,,0
60.74260023464562,278260.0,50.0,67.9,29.8,5.4,0
57.717109867041415,252614.0,50.0,67.9,29.7,,0
74.9,306336.0,50.0,67.8,29.7,,0
54.133366571475705,391502.0,50.0,68.0,29.8,,0
45.093041597409254,269348.0,50.0,67.9,29.8,,0
46.84535610157722,316945.0,50.0,67.9,29.7,,0
65.17957955565117,353285.0,50.0,67.8,29.8,,0
74.9,218775.0,50.0,67.8,29.8,,0
67.304827069493,294929.0,50.0,67.9,29.7,,0
52.96301821333472,292110.0,50.0,67.8,29.7,,0
49.09476395030432,395803.0,50.0,67.9,29.7,,0
70.10756792416683,321043.0,50.0,67.9,29.7,,0
74.9,251936.0,50.0,68.0,29.7,,0
44.03153842402889,221991.0,50.0,67.9,29.7,,0
51.60702551852055,327276.0,50.0,68.0,29.7,,0
61.23430293518801,326720.0,50.0,68.1,29.8,5.4,0
43.06731802720702,356141.0,50.0,68.0,29.7,,0
62.87553021886797,352987.0,50.0,68.0,29.7,,0
40.0,334017.0,50.0,68.0,29.7,,0
45.746817120989675,302120.0,50.0,68.0,29.7,,0
66.4123787836366,324099.0,50.0,68.0,29.7,5.7,0
49.78152024264817,320282.0,50.0,68.0,29.8,,0
41.62157621707628,371762.0,50.0,68.0,29.7,,0
57.536591766044985,370334.0,50.0,68.0,29.7,,0
53.68161975484748,296439.0,50.0,68.1,29.7,,0
50.829758560345844,359427.0,50.0,68.1,29.7,,0
51.48682611205829,349006.0,50.0,68.0,29.7,,0
55.41057122796852,231081.0,50.0,68.0,29.7,,0
53.15623118656241,266940.0,50.0,68.0,29.7,,0
60.40683268418805,266431.0,50.0,68.0,29.7,,0
71.1117012085754,315901.0,50.0,67.9,29.7,,0
57.86884806289513,349515.0,50.0,68.0,29.7,,0
71.56688320891035,319095.0,50.0,68.0,29.7,,0
50.74559640540851,240171.0,50.0,68.0,29.7,,0
51.76740291557784,292225.0,50.0,68.0,29.7,,0
61.28468943590756,304468.0,50.0,68.0,29.7,,0
68.25519566461713,292415.0,50.0,68.0,29.7,,0
59.315505997764696,373279.0,50.0,68.0,29.7,,0
64.1019025674596,317298.0,50.0,68.1,29.8,,0
52.77666669677787,291504.0,50.0,68.1,29.8,,0
49.79264096457663,295654.0,50.0,68.0,29.8,4.8,0
69.06799006493178,310015.0,50.0,68.0,29.7,,0
43.80272316742523,399567.0,50.5,68.0,29.7,,0
63.839582293741955,256687.0,50.0,68.1,29.7,5.6,0
54.69781287311012,324989.0,50.0,68.2,29.7,,0
74.9,270134.0,50.0,68.0,29.7,,0
71.71248863227136,382976.0,50.5,68.0,29.7,,0
52.456148339105155,307511.0,50.0,68.0,29.8,,0
47.56428903151476,310844.0,50.0,68.1,29.7,,0
59.56092030788483,349684.0,50.0,67.9,29.7,,0
73.08220165224536,286335.0,50.0,68.1,29.7,,0
40.0,319043.0,50.0,68.0,29.8,,0
63.52245035962369,331223.0,50.0,68.0,29.8,,0
56.07992102989147,325613.0,50.0,68.0,29.7,,0
74.9,337178.0,50.0,68.0,29.7,,0
55.51957889996299,297491.0,50.0,68.1,29.8,,0
57.96177170786723,393653.0,50.0,68.1,29.7,,0
57.80039148568563,319109.0,50.0,68.0,29.7,,0
54.212237148764366,369454.0,50.0,68.1,29.7,,0
74.9,340277.0,50.0,68.1,29.7,,0
60.993274845425105,321655.0,50.0,68.1,29.7,,0
40.0,353531.0,50.0,68.1,29.8,,0
61.60999699195012,339275.0,50.0,68.1,29.7,,0
51.462453670995544,302699.0,50.0,67.9,29.7,,0
55.06770076196192,365973.0,50.0,68.1,29.7,,0
55.45488196076288,413719.0,50.0,68.0,29.7,,0
65.17034902818045,262594.0,50.0,68.0,29.7,,0
58.45744448097652,290674.0,50.0,68.0,29.7,5.3,0
40.0,391976.0,50.0,67.9,29.7,,0
68.43771050664004,343994.0,50.0,68.0,29.7,,0
61.98484392359645,257809.0,50.0,68.0,29.7,,0
54.19659432533476,357880.0,50.0,67.9,29.7,,0
47.38535964260997,206070.0,50.0,67.9,29.7,,0
57.27472790662889,313620.0,50.0,67.9,29.7,,0
61.62676099697651,352783.0,50.0,68.0,29.8,,0
67.6512697467745,331644.0,50.0,67.9,29.7,,0
74.34637665704051,251646.0,50.0,67.9,29.7,6.2,0
66.05498177372868,348194.0,50.0,67.9,29.7,,0
45.12525256703712,252370.0,50.0,68.0,29.7,,0
51.04869448229279,290230.0,50.0,68.0,29.7,,0
69.04103356202917,292345.0,50.0,67.8,29.7,,0
49.72381778062555,292476.0,50.0,68.0,29.7,,0
73.42358800985053,320586.0,50.0,68.0,29.7,6.1,0
57.84898769571706,315049.0,50.0,67.9,29.7,,0
74.9,286287.0,50.0,68.0,29.7,,0
74.9,329472.0,50.0,67.9,29.7,6.2,0
58.07496741629583,432540.0,50.0,67.9,29.7,,0
47.332326122416845,304084.0,50.0,68.1,29.7,,0
45.210825130032,362860.0,50.0,68.0,29.7,,0
74.9,395146.0,50.0,67.9,29.7,,0
74.68738503775205,311107.0,50.0,67.9,29.7,,0
55.61710827012184,244797.0,50.0,68.0,29.7,,0
74.9,341104.0,50.0,68.1,29.7,,0
54.0965171415662,379762.0,50.0,68.0,29.7,,0
48.32682579887999,338297.0,50.0,67.9,29.7,,0
57.92845038850999,348740.0,50.0,68.1,29.7,,0
59.23711752976654,254708.0,50.0,68.0,29.7,,0
60.90691647204046,367198.0,50.0,68.0,29.7,,0
59.64940312975218,354880.0,50.0,68.0,29.7,,0
47.45364617191136,318818.0,50.0,68.1,29.7,,0
52.50587453893707,353614.0,50.0,68.1,29.7,,0
60.37789874714395,351053.0,50.0,68.0,29.8,,0
73.05252511389439,351122.0,50.0,68.2,29.7,,0
63.27742121152373,275080.0,50.0,68.0,29.7,,0
59.966566671997185,296010.0,50.0,68.0,29.7,,0
55.87123251954928,303145.0,50.0,68.0,29.7,,0
48.240893102613065,231919.0,50.0,68.0,29.7,,0
51.9822834200668,328702.0,50.0,68.1,29.7,,0
43.82187545487012,320705.0,50.0,68.0,29.7,,0
74.9,366037.0,50.0,68.0,29.7,,0
74.9,337600.0,50.0,67.9,29.7,,0
74.01011787583735,287421.0,50.0,68.0,29.7,,0
52.26791679573619,196738.0,50.0,68.0,29.7,,0
74.23374568850758,389314.0,50.0,68.0,29.7,,0
53.36187305583276,308572.0,50.0,68.0,29.7,,0
50.95365463570846,337219.0,50.0,67.8,29.7,4.9,0
73.49919054363889,241575.0,50.0,67.9,29.7,,0
64.91326236770703,307549.0,50.0,68.0,29.7,,0
61.36073270360027,340654.0,50.0,68.0,29.7,,0
57.741570734726146,315338.0,50.0,68.0,29.7,,0
57.43349798934433,363664.0,50.0,68.1,29.7,,0
65.02511952152996,329926.0,50.0,68.0,29.7,,0
44.74857934689261,302963.0,50.0,68.0,29.7,,0
70.7840299240701,321696.0,50.0,68.0,29.7,,0
67.91437763506966,399493.0,50.0,68.0,29.7,,0
72.4632728305058,324192.0,50.0,68.1,29.7,,0
53.86812995765128,205090.0,49.5,68.1,29.7,,0
57.97938093032577,305329.0,50.0,68.0,29.7,,0
64.6843943327445,313074.0,50.0,68.2,29.7,,0
56.15537928675847,239927.0,50.0,67.9,29.7,5.2,0
48.7203860501992,341449.0,50.0,68.0,29.7,,0
74.9,315611.0,50.0,67.9,29.7,,0
63.93373288288948,362861.0,50.0,68.1,29.7,,0
50.269272765597,336506.0,50.0,68.0,29.7,,0
51.1141187240141,358917.0,50.0,68.2,29.8,,0
61.816836575420794,333430.0,50.0,68.2,29.7,,0
50.608816830976934,351816.0,50.0,68.2,29.7,4.8,0
74.9,274643.0,50.0,68.2,29.7,,0
55.922891908229715,330422.0,50.0,68.0,29.7,,0
69.4368745439498,294820.0,50.0,68.1,29.7,,0
40.0,381163.0,50.0,68.1,29.7,,0
69.12607343500972,241567.0,50.0,68.1,29.7,,0
52.709174498645325,390568.0,50.0,68.1,29.7,,0
74.9,362238.0,50.0,68.1,29.7,,0
57.886650792481646,323734.0,50.0,68.1,29.7,,0
58.42889033848648,370770.0,50.0,68.1,29.7,,0
49.48989112205868,283739.0,50.0,68.3,29.7,,0
72.12329504203218,318003.0,50.0,68.2,29.7,,0
74.9,289781.0,50.0,68.1,29.7,,0
59.3426596759341,278491.0,50.0,68.1,29.7,,0
60.088352177082804,253465.0,50.0,68.0,29.7,,0
54.148398948540446,255368.0,50.0,68.1,29.7,,0
68.3270787982951,352246.0,50.0,68.1,29.7,,0
40.0,380024.0,50.0,68.1,29.7,,0
74.9,322070.0,50.0,68.1,29.7,,0
52.30662887730426,447094.0,50.0,68.2,29.7,4.9,0
44.17237802036987,320904.0,50.0,68.2,29.7,,0
62.15546727158308,380531.0,50.0,68.2,29.7,,0
64.31686770152146,297561.0,50.0,68.2,29.7,,0
48.585787555344524,304618.0,50.0,68.1,29.7,,0
47.916871668658274,322152.0,50.0,68.2,29.7,,0
53.22964584167416,252768.0,50.0,68.2,29.7,5.0,0
74.9,297604.0,50.0,68.2,29.7,,0
44.78235834029625,312428.0,50.0,68.3,29.7,,0
60.820458791611905,241408.0,50.0,68.2,29.7,,0
63.979772005509155,272877.0,50.0,68.1,29.7,,0
74.9,343578.0,50.0,68.3,29.7,,0
55.2012001186882,286467.0,50.0,68.2,29.7,,0
58.74038750923651,347575.0,50.0,68.2,29.7,,0
59.694070456977606,310227.0,50.0,68.3,29.7,,0
60.700443489814745,292826.0,50.0,68.2,29.7,,0
55.88152887788355,226139.0,50.0,68.2,29.7,,0
71.68471477022841,333445.0,50.0,68.2,29.7,,0
50.71852987159884,405443.0,50.0,68.2,29.7,,0
61.04419776470864,273373.0,50.0,68.1,29.7,,0
70.2808490576455,337912.0,50.0,68.1,29.7,,0
64.73495982581063,300840.0,50.0,68.2,29.7,,0
65.40594868533641,308220.0,50.0,68.2,29.7,,0
66.6712974197501,234277.0,50.0,68.2,29.7,,0
54.79351844424973,397496.0,50.0,68.2,29.7,,0
50.7951905351964,292827.0,50.0,68.3,29.7,,0
54.6244639386003,265333.0,50.0,68.3,29.7,,0
40.0,309623.0,50.0,68.3,29.7,,0
61.63031308897988,317637.0,50.0,68.2,29.7,,0
58.261457256625356,321936.0,50.0,68.3,29.7,,0
72.27409765860916,311429.0,50.0,68.4,29.7,,0
53.11100907495276,307349.0,50.0,68.2,29.7,,0
66.9521611170813,383541.0,50.0,68.2,29.7,,0
52.46227512996986,324452.0,50.0,68.3,29.7,,0
64.06028930323151,275333.0,50.0,68.3,29.7,,0
60.245006006555016,254044.0,50.0,68.3,29.7,,0
40.0,336503.0,50.0,68.2,29.7,4.2,0
55.39350310403061,329102.0,50.0,68.3,29.7,,0
59.7852602758998,276061.0,50.0,68.2,29.7,,0
59.45694837642796,264510.0,50.0,68.3,29.7,,0
74.9,258981.0,50.0,68.2,29.7,,0
57.65057674837703,273097.0,50.0,68.3,29.7,,0
66.84505408032955,305085.0,50.0,68.2,29.7,5.7,0
53.77599936454548,358394.0,50.0,68.3,29.7,5.0,0
60.35316710013063,343249.0,50.0,68.3,29.7,5.4,0
48.224088761790426,256783.0,50.0,68.3,29.7,,0
61.2864955444816,305651.0,50.0,68.3,29.7,5.4,0
67.51721606944733,316404.0,50.0,68.2,29.7,,0
62.46090407081556,246947.0,50.0,68.3,29.7,,0
74.9,312609.0,50.0,68.2,29.7,,0
68.37104364407038,282375.0,50.0,68.3,29.7,,0
63.69611882660809,261371.0,50.0,68.2,29.7,,0
65.42481405911604,303981.0,50.0,68.2,29.7,,0
60.35028604722681,351408.0,50.0,68.2,29.7,,0
45.20951626535664,289197.0,50.0,68.3,29.7,,0
65.48789137304118,414419.0,50.0,68.4,29.7,,0
58.343011984062215,346601.0,50.0,68.4,29.7,,0
58.71634236169824,407401.0,50.0,68.2,29.7,,0
40.0,324257.0,50.0,68.3,29.7,,0
40.493471597255265,207204.0,50.0,68.4,29.7,,0
63.5695446374138,326277.0,50.0,68.2,29.7,,0
56.581956747093585,315221.0,50.0,68.3,29.7,,0
74.9,308382.0,50.0,68.4,29.7,,0
66.1214923350009,290778.0,50.0,68.3,29.7,,0
63.54279090048724,309279.0,50.0,68.3,29.7,,0
55.07377820724324,401850.0,50.0,68.3,29.7,,0
74.12621955821207,326153.0,50.0,68.3,29.7,,0
40.0,303754.0,50.0,68.4,29.7,,0
74.9,309620.0,50.0,68.3,29.7,,0
73.2386108646439,384887.0,50.0,68.3,29.7,,0
62.6275669902717,282118.0,50.0,68.3,29.7,,0
40.0,350787.0,50.0,68.2,29.7,4.2,0
50.222927966117425,327926.0,50.0,68.4,29.7,,0
45.002155924927635,308064.0,50.0,68.4,29.7,,0
60.40462865881264,332086.0,50.0,68.3,29.7,,0
46.62213375177103,373860.0,50.0,68.3,29.7,,0
52.837262583216344,244648.0,50.0,68.3,29.7,,0
58.691718960438436,321546.0,50.0,68.4,29.7,,0
61.927073198061116,381295.0,50.0,68.4,29.7,,0
57.16261395916969,314617.0,50.0,68.4,29.7,,0
46.76178742520288,356924.0,50.0,68.4,29.7,,0
62.21170876893724,301098.0,50.0,68.5,29.7,,0
40.0,384998.0,50.0,68.5,29.7,,0
45.267840426527314,293392.0,50.0,68.5,29.7,,0
64.30013413291204,266154.0,50.0,68.5,29.7,,0
42.077882660962274,224422.0,50.0,68.5,29.7,,0
68.65196343486762,295466.0,50.0,68.4,29.7,,0
74.9,275254.0,50.0,68.4,29.7,,0
48.94258771885295,294557.0,50.0,68.4,29.7,,0
62.91761586166187,298840.0,50.0,68.4,29.7,,0
67.34798656803014,275963.0,50.0,68.4,29.7,5.8,0
43.42089937843703,239080.0,50.0,68.4,29.7,,0
40.0,296686.0,50.0,68.4,29.7,,0
56.388236251281334,291585.0,50.0,68.4,29.7,,0
74.9,375261.0,50.0,68.4,29.7,,0
55.98236415066598,239273.0,50.0,68.6,29.7,,0
53.199538703339364,293008.0,50.0,68.4,29.7,5.0,0
52.114380452663305,288602.0,50.0,68.5,29.7,,0
52.15844525130231,302605.0,50.0,68.5,29.7,,0
52.37350681421332,329374.0,50.0,68.6,29.7,,0
64.32442459085833,279020.0,50.0,68.5,29.7,,0
74.9,275897.0,50.0,68.6,29.7,,0
40.586392634215954,337135.0,50.0,68.4,29.7,,0
50.191102387027925,334458.0,50.0,68.4,29.7,,0
40.0,382660.0,50.0,68.6,29.7,,0
68.06752089648482,252478.0,50.0,68.4,29.7,,0
42.25467451384457,395251.0,50.0,68.4,29.7,,0
51.1514411580245,282461.0,50.0,68.6,29.7,,0
40.0,304214.0,50.0,68.5,29.7,,0
57.26736462197097,352197.0,50.0,68.5,29.7,,0
43.2110588617863,251587.0,50.0,68.5,29.7,,0
65.41155161731773,365302.0,50.0,68.4,29.7,,0
41.1461717865854,368668.0,50.0,68.5,29.7,,0
60.450502097841856,369131.0,50.0,68.5,29.7,,0
59.1573556617886,206497.0,50.0,68.4,29.7,,0
58.176391412207536,367706.0,50.0,68.5,29.7,,0
49.27504777099543,302541.0,50.0,68.5,29.7,,0
57.88639795738826,189521.0,50.0,68.4,29.7,,0
74.9,279438.0,50.0,68.4,29.7,6.2,0
66.06882518967359,316098.0,50.0,68.5,29.7,,0
74.9,338272.0,50.0,68.4,29.7,,0
57.180908741748304,279791.0,50.0,68.4,29.7,,0
69.57420841658566,235695.0,50.0,68.4,29.7,,0
67.75068504331071,270542.0,50.0,68.5,29.7,,0
74.9,327258.0,50.0,68.5,29.7,,0
67.7294852142013,323689.0,50.0,68.5,29.7,,0
40.0,281267.0,50.0,68.5,29.7,4.2,0
68.06867205133659,327499.0,50.0,68.3,29.7,,0
74.17187886366807,338147.0,50.0,68.4,29.7,,0
48.39957731156808,284177.0,50.0,68.5,29.7,,0
61.235008686278846,215868.0,50.0,68.5,29.7,,0
74.9,339878.0,50.0,68.5,29.7,,0
74.72441516458647,248872.0,50.0,68.5,29.7,,0
74.9,420417.0,50.0,68.5,29.7,,0
44.14945973547219,354713.0,50.0,68.5,29.7,,0
60.01331933624752,250500.0,50.0,68.4,29.7,,0
65.91460766222244,357512.0,50.0,68.6,29.7,,0
52.786481367973835,372466.0,50.0,68.6,29.7,,0
40.0,252735.0,50.0,68.5,29.7,,0
61.63916874706503,321142.0,50.0,68.4,29.7,5.4,0
51.40111813891074,356431.0,50.0,68.6,29.7,,0
66.37073177059139,358616.0,50.0,68.5,29.7,,0
58.52236277577279,347116.0,50.0,68.6,29.7,5.2,0
54.652196363640066,412421.0,50.0,68.5,29.7,5.0,0
50.24945075853617,414738.0,50.0,68.6,29.7,,0
60.4186553650729,258102.0,50.0,68.5,29.7,,0
74.9,325665.0,50.0,68.5,29.7,,0
70.21348918056286,375073.0,50.0,68.4,29.7,5.9,0
64.05546664974031,293349.0,50.0,68.6,29.7,,0
71.708560532031,320033.0,50.0,68.6,29.7,,0
68.23029382330103,223082.0,50.0,68.5,29.7,,0
65.36378060411822,291263.0,50.0,68.5,29.7,,0
74.9,348038.0,49.0,68.6,29.7,,0
62.87829295019156,341883.0,50.0,68.6,29.7,,0
48.01870976547938,393046.0,50.0,68.6,29.7,,0
74.9,337681.0,50.0,68.5,29.7,,0
74.9,294388.0,50.0,68.7,29.7,,0
50.434637205300234,321841.0,50.0,68.7,29.7,,0
65.21929246041478,302270.0,50.0,68.6,29.7,,0
66.45321828442181,333787.0,50.0,68.6,29.7,,0
48.02031869650734,343345.0,50.5,68.6,29.7,,0
70.36233891025826,327716.0,50.0,68.5,29.7,,0
73.83177723914031,265216.0,50.0,68.6,29.7,,0
65.61540506558222,267337.0,50.0,68.6,29.7,,0
46.63102370120295,291608.0,50.0,68.7,29.7,4.6,0
48.69527779710906,295340.0,50.0,68.6,29.7,,0
57.43019627146573,357671.0,50.0,68.7,29.7,,0
56.14609153553157,248646.0,50.0,68.6,29.7,,0
73.68081415794192,282330.0,50.0,68.6,29.7,,0
59.295354874744454,340094.0,50.0,68.6,29.7,,0
62.3953250208334,369238.0,50.0,68.5,29.7,,0
65.74803772071311,281241.0,50.0,68.7,29.7,5.6,0
74.9,328745.0,50.0,68.6,29.7,,0
58.23191728054193,363376.0,50.0,68.7,29.7,,0
62.993411351160866,337965.0,50.0,68.7,29.7,,0
74.9,307619.0,50.0,68.7,29.7,,0
56.18686927179125,325246.0,50.0,68.7,29.7,,0
72.85819122697247,252205.0,50.0,68.6,29.7,,0
40.0,293579.0,50.0,68.7,29.7,,0
40.392924491288554,300882.0,50.0,68.8,29.7,,0
66.02999635355148,279916.0,50.0,68.7,29.7,,0
42.87808107862389,323120.0,50.0,68.5,29.7,,0
70.35052181538204,243726.0,50.0,68.7,29.7,5.9,0
69.8427887796718,356778.0,50.0,68.8,29.7,,0
71.44902122587953,374831.0,50.0,68.7,29.7,,0
74.9,303975.0,50.0,68.6,29.7,,0
61.314858960934295,301260.0,50.0,68.7,29.7,,0
60.02372213706973,388979.0,50.0,68.7,29.7,,0
43.859826192831974,281252.0,50.0,68.6,29.7,,0
74.9,365901.0,50.0,68.6,29.7,,0
55.642420238195065,358448.0,50.0,68.7,29.7,,0
64.0945901099044,387512.0,50.0,68.7,29.7,,0
60.894115125921275,366153.0,50.0,68.7,29.7,5.4,0
74.9,346914.0,50.0,68.6,29.7,,0
60.591937989538124,352510.0,50.0,68.7,29.7,,0
55.61662970155338,427458.0,50.0,68.6,29.7,5.1,0
62.160852452351776,307718.0,50.0,68.6,29.7,,0
49.971731939759565,369374.0,50.0,68.6,29.7,4.8,0
70.40624895393287,297619.0,50.0,68.5,29.7,5.9,0
66.91741614146908,252114.0,50.0,68.5,29.7,,0
62.219646900877876,340374.0,50.0,68.6,29.7,,0
74.9,285313.0,50.0,68.7,29.7,,0
44.659768454372106,279705.0,50.0,68.7,29.7,,0
43.96117799622096,380149.0,50.0,68.6,29.7,,0
74.9,334409.0,50.0,68.6,29.7,,0
74.65553934822178,326028.0,50.0,68.7,29.7,,0
58.85866022759081,305013.0,50.0,68.7,29.7,,0
56.275308103469214,250348.0,50.0,68.6,29.7,,0
63.17105716328807,318184.0,50.0,68.6,29.7,,0
68.9443286889345,324208.0,50.0,68.7,29.7,,0
58.0475555811709,280796.0,50.0,68.7,29.7,5.2,0
60.865838841861134,353220.0,50.0,68.7,29.7,,0
46.27993210699367,323936.0,50.0,68.7,29.7,,0
62.796515418353806,287687.0,50.0,68.6,29.7,,0
52.945724341104,330377.0,50.0,68.6,29.7,,0
46.39894778048853,335746.0,50.0,68.7,29.7,,0
49.2557475160896,367828.0,50.0,68.7,29.7,,0
74.9,281265.0,50.0,68.7,29.6,,0
66.4104943484961,287296.0,50.0,68.6,29.7,,0
72.49145008557348,263063.0,50.0,68.6,29.6,,0
65.76704110113255,280715.0,50.0,68.8,29.7,,0
57.51618493081958,273603.0,50.0,68.8,29.7,,0
69.86820565074905,282335.0,50.0,68.8,29.7,,0
66.62357111198193,304515.0,50.0,68.7,29.7,5.7,0
58.626331538413645,326649.0,50.0,68.7,29.7,5.2,0
50.85810394009381,329466.0,50.0,68.7,29.7,,0
74.9,284985.0,50.0,68.7,29.7,,0
74.06172171928614,387414.0,50.0,68.8,29.6,,0
50.206140131663474,254522.0,50.0,68.8,29.7,,0
63.623530802061175,295366.0,50.0,68.7,29.7,,0
74.9,321566.0,50.0,68.7,29.7,,0
50.373607103577854,268377.0,50.0,68.7,29.7,,0
73.07885950908997,294296.0,50.0,68.8,29.7,,0
60.52594559352514,363011.0,50.0,68.7,29.7,,0
54.18889977683004,317933.0,50.0,68.8,29.6,,0
59.80117908212976,350749.0,50.0,68.8,29.7,,0
67.08893202612391,310094.0,50.0,68.7,29.7,,0
60.763788737958215,303269.0,50.0,68.7,29.7,,0
42.268651116966666,331592.0,50.0,68.7,29.7,,0
74.9,280232.0,50.0,68.8,29.7,,0
50.723643484767564,280817.0,50.0,68.8,29.7,,0
68.69510134467747,340181.0,50.0,68.8,29.7,5.8,0
58.09754769100252,278689.0,50.0,68.8,29.7,,0
61.10852149967909,249592.0,50.0,68.8,29.7,,0
61.72111880228992,359218.0,50.0,68.8,29.7,,0
44.98561036039587,251036.0,50.0,68.7,29.7,,0
74.9,292470.0,50.0,68.8,29.7,,0
73.63137415132586,313070.0,50.0,68.7,29.7,,0
58.05654219670407,339728.0,50.0,68.8,29.7,,0
49.39201371904271,325962.0,50.0,68.7,29.7,,0
55.422127022110885,260577.0,50.0,68.7,29.7,,0
64.04978489671679,308151.0,50.0,68.8,29.7,,0
58.11570205866351,265542.0,50.0,68.8,29.7,,0
74.9,359452.0,50.0,68.7,29.7,,0
71.56987061006375,306254.0,50.0,68.8,29.7,,0
40.0,407881.0,50.0,68.7,29.7,,0
59.26682990392958,286304.0,50.0,68.7,29.7,,0
65.00161889379737,372520.0,50.0,68.8,29.7,,0
59.7233933269744,377535.0,50.0,68.8,29.7,,0
72.99599926220242,271562.0,50.0,68.8,29.7,,0
51.91451873208628,363089.0,50.0,68.7,29.7,,0
40.0,313274.0,50.0,68.8,29.7,,0
42.83002558050394,298555.0,50.0,68.8,29.7,,0
56.41415893164955,303879.0,50.0,68.8,29.7,,0
53.3728649746487,270628.0,50.0,68.8,29.7,,0
74.9,404035.0,50.0,68.8,29.7,,0
46.0552101569246,391195.0,50.0,68.8,29.7,,0
55.20641411432577,325813.0,50.0,68.7,29.7,,0
59.24071248123701,290311.0,50.0,68.8,29.7,,0
71.80622812327375,325664.0,50.0,68.8,29.7,,0
54.2813829213691,261293.0,50.0,68.8,29.7,,0
49.27685983537056,246137.0,50.0,68.8,29.7,,0
60.14668258098203,266150.0,50.0,68.8,29.7,,0
56.8132738497775,381654.0,50.0,68.8,29.7,,0
74.39159487505903,318547.0,50.0,68.9,29.7,,0
58.9549832862822,404594.0,50.0,68.8,29.7,,0
66.24907344430453,305248.0,50.0,68.8,29.7,,0
42.88778259455458,337724.0,50.0,68.7,29.7,4.4,0
69.95188527099435,291575.0,50.0,68.8,29.7,,0
63.49443306165639,303639.0,50.0,68.8,29.7,,0
57.791611209611965,208048.0,50.0,68.9,29.7,,0
57.338623155406374,363621.0,50.0,68.8,29.7,,0
52.4231693332013,322363.0,50.0,68.8,29.7,,0
50.92859151969695,336219.0,50.0,68.8,29.7,,0
57.40172162956592,277734.0,50.0,68.9,29.7,,0
74.9,361801.0,50.0,68.8,29.7,,0
52.7411188328619,342400.0,50.0,68.9,29.7,,0
66.44894403384457,348903.0,50.0,68.9,29.7,,0
40.0,365297.0,50.0,68.9,29.7,,0
53.16361244489122,303897.0,50.0,68.9,29.7,,0
74.9,333584.0,50.0,68.9,29.7,6.1,0
55.364130294633895,220761.0,50.0,69.0,29.7,,0
74.9,259465.0,50.0,69.0,29.7,,0
47.958733158005955,305089.0,50.0,68.9,29.7,4.6,0
74.9,354795.0,50.0,68.9,29.7,,0
58.10594988191688,333873.0,50.5,68.9,29.7,,0
52.79537168554673,326284.0,50.0,69.0,29.7,,0
60.88004093733764,363594.0,50.0,69.0,29.7,,0
71.6061374692674,342228.0,50.0,68.9,29.7,,0
55.651829309446775,353382.0,50.0,69.1,29.7,,0
58.89637840556344,271313.0,50.0,69.1,29.7,,0
55.16054649706874,323803.0,50.0,69.0,29.7,,0
70.92258940397694,311741.0,50.0,69.0,29.7,,0
45.48961546512473,322553.0,50.0,69.0,29.7,,0
61.36147248067863,328362.0,50.0,69.0,29.7,5.4,0
71.03845819145316,365851.0,50.0,69.0,29.7,,0
52.86946953142,292273.0,50.0,69.0,29.7,,0
47.51761546853432,351446.0,50.0,69.1,29.7,,0
74.9,305821.0,50.0,69.0,29.7,,0
57.10283322330008,386005.0,50.0,69.1,29.7,,0
66.0666942385801,339630.0,50.0,69.0,29.7,,0
45.709001928315274,350542.0,50.0,68.9,29.7,,0
48.8503639138829,268969.0,50.0,69.0,29.7,,0
55.83874107879945,293639.0,50.0,69.0,29.7,,0
57.340803667379525,255155.0,50.0,69.0,29.7,,0
71.50579567761207,370745.0,50.0,69.0,29.7,5.9,0
40.0,364030.0,52.5,69.1,29.7,,0
50.273656442140485,358563.0,50.0,69.0,29.7,,0
59.17864208800301,321294.0,50.0,69.0,29.7,,0
57.77882820694538,374545.0,50.0,69.0,29.7,,0
45.12494384969966,347352.0,50.0,69.0,29.7,,0
73.2159619786746,352235.0,50.0,69.0,29.7,,0
74.9,296197.0,50.0,69.0,29.7,,0
71.48765787112238,315225.0,50.0,69.0,29.7,,0
74.80087291623204,319653.0,50.0,69.0,29.7,,0
55.34549061765036,378773.0,50.0,69.0,29.7,,0
54.10125673177284,256427.0,50.0,69.0,29.7,,0
53.79783740191406,347856.0,50.0,69.0,29.7,,0
74.9,325000.0,50.0,69.0,29.7,,0
74.9,258882.0,50.0,69.1,29.7,6.1,0
54.68083842218516,307014.0,50.0,69.0,29.7,,0
58.62528687032977,323784.0,50.5,69.0,29.7,,0
68.29093148870632,299983.0,51.0,69.0,29.7,,0
61.66834424343751,317969.0,50.0,69.0,29.7,,0
48.8893211533062,314884.0,50.0,68.9,29.7,,0
58.27608564123458,312571.0,50.0,69.0,29.7,,0
60.38111347897741,323405.0,50.0,69.0,29.7,,0
54.812457850712036,377272.0,50.0,68.9,29.7,,0
45.966232449563805,287556.0,50.0,69.0,29.7,,0
74.9,273290.0,50.0,69.0,29.7,,0
43.754943903482896,353051.0,50.0,69.0,29.7,,0
40.0,309412.0,50.0,69.0,29.7,,0
74.9,250477.0,50.0,69.0,29.7,,0
40.0,252536.0,50.0,69.0,29.7,,0
70.78031482016382,370614.0,50.0,68.9,29.7,,0
53.84893443625789,350744.0,50.0,69.1,29.7,,0
74.9,400430.0,50.0,69.1,29.7,,0
57.04397662584182,216433.0,50.0,69.0,29.7,,0
50.14945293108376,300793.0,50.0,69.0,29.7,,0
56.89273444105931,311546.0,50.0,69.0,29.7,,0
73.42673517516803,377349.0,50.0,69.0,29.7,,0
57.9399161529026,369431.0,50.0,69.0,29.7,,0
64.29193639957307,322902.0,50.0,69.0,29.7,,0
70.87852988531957,323251.0,50.0,69.1,29.7,,0
74.9,255271.0,50.0,68.9,29.7,6.1,0
53.81794921089579,314306.0,50.0,68.9,29.7,,0
65.27343228549589,377058.0,50.0,69.0,29.7,5.6,0
59.70721719316612,255999.0,50.0,69.0,29.7,,0
70.11016675746005,353973.0,50.0,68.9,29.7,,0
40.0,319828.0,50.0,69.1,29.7,,0
40.91829803183643,290090.0,50.0,69.0,29.7,,0
49.166292876446406,356416.0,50.0,69.1,29.7,,0
61.401962090066206,262148.0,50.0,69.1,29.7,,0
70.56079155548811,255478.0,50.0,69.0,29.7,,0
63.96136548565132,283369.0,50.0,69.0,29.7,,0
55.61187500963376,342692.0,50.0,68.9,29.7,,0
66.25739278871436,380163.0,50.0,69.1,29.7,,0
59.012955603942565,333790.0,50.0,69.1,29.7,,0
54.747152131148106,328189.0,50.0,69.1,29.7,5.0,0
65.27383257610214,315576.0,50.0,69.1,29.7,,0
40.0,334916.0,50.0,69.1,29.7,,0
64.37473772826549,289392.0,50.0,69.2,29.7,,0
44.58735556712983,386414.0,50.5,69.1,29.7,,0
65.89734613073283,309691.0,50.0,69.1,29.7,,0
46.355605402230154,283018.0,50.0,69.1,29.7,4.5,0
74.9,326194.0,50.0,69.1,29.7,,0
53.39295519599152,342936.0,50.0,69.1,29.7,,0
50.22722175064412,387537.0,50.0,69.2,29.7,,0
74.9,299004.0,50.0,69.2,29.7,,0
52.45595703562967,202184.0,50.0,69.1,29.7,,0
42.221030741383586,259723.0,50.0,69.1,29.7,,0
61.62228409184863,305319.0,50.0,69.0,29.7,,0
43.8559741510171,307347.0,50.0,69.2,29.7,,0
66.06404577176818,343752.0,50.0,69.1,29.7,,0
40.0,314228.0,50.0,69.1,29.7,,0
43.399910676340674,360577.0,50.0,69.2,29.7,,0
69.40975699624198,279588.0,50.0,69.1,29.7,,0
50.8074575711952,299242.0,50.0,69.1,29.7,4.8,0
40.0,335118.0,50.0,69.1,29.7,,0
56.72586544391843,363657.0,50.0,69.1,29.7,,0
46.81908938444937,292139.0,50.0,69.1,29.7,,0
41.921696903530616,274806.0,50.0,69.1,29.7,,0
45.81621604718137,364818.0,50.0,69.1,29.7,,0
51.620857814983296,325587.0,50.0,69.2,29.7,4.8,0
55.43083915365835,262874.0,50.0,69.1,29.7,,0
57.98039492194029,346959.0,50.0,69.1,29.7,,0
45.50688728947977,356410.0,50.0,69.0,29.7,,0
49.80334894226765,298265.0,50.0,69.1,29.7,,0
66.36819747612057,290145.0,50.0,68.9,29.7,,0
60.45089831203039,305838.0,50.0,69.1,29.7,,0
61.55241608044582,212866.0,50.0,69.1,29.7,,0
40.0,347718.0,50.0,69.0,29.7,,0
72.44617686778861,279028.0,50.0,69.0,29.7,,0
57.07165977394639,333262.0,50.0,69.1,29.7,,0
68.31861121990445,228754.0,50.0,69.0,29.7,5.7,0
49.36751703625947,305033.0,50.0,69.1,29.7,,0
68.43768236683259,432429.0,50.0,69.1,29.7,,0
57.26393127828339,256686.0,50.0,69.2,29.7,,0
64.82721692641557,379444.0,50.0,69.2,29.7,,0
61.29616945175401,279200.0,50.0,69.1,29.7,,0
71.49592729776023,349859.0,50.0,69.1,29.7,,0
47.687029869652505,337164.0,50.0,69.0,29.7,,0
71.96718681190647,373185.0,50.0,69.0,29.7,,0
59.20261229628653,303886.0,50.0,69.1,29.7,,0
74.72728586497516,265542.0,50.0,69.1,29.7,,0
65.26295149105206,258348.0,50.0,69.0,29.7,,0
72.78451526711524,308387.0,50.0,69.1,29.7,,0
74.9,342113.0,50.0,69.0,29.7,6.1,0
45.32135723925684,384108.0,50.0,69.0,29.7,,0
74.9,359702.0,50.0,69.0,29.7,,0
50.86094561956536,306229.0,50.0,69.0,29.7,,0
61.745126608869114,288333.0,50.0,69.1,29.7,,0
74.9,326494.0,50.0,69.0,29.7,,0
40.0,335271.0,50.0,69.2,29.7,,0
55.82211123819224,316628.0,50.0,69.0,29.7,,0
55.5765676105716,356317.0,50.0,69.1,29.7,,0
73.43625334264057,332737.0,50.0,69.0,29.7,,0
55.92826575434209,318139.0,50.0,69.0,29.7,5.1,0
60.23519539893154,283890.0,50.0,69.1,29.7,,0
66.94714378285482,340701.0,50.0,69.0,29.6,,0
74.9,376490.0,50.0,69.0,29.7,,0
51.77190098891844,356913.0,50.0,69.0,29.7,,0
48.58855940286634,351316.0,50.0,69.1,29.6,,0
53.80062961487871,273953.0,50.0,69.0,29.6,,0
63.360544112368856,199644.0,50.0,69.0,29.7,,0
40.0,312012.0,50.0,69.2,29.7,,0
60.98930119961811,303380.0,50.0,69.1,29.7,5.3,0
41.046764415388814,283194.0,50.0,69.0,29.6,,0
64.69451192684872,346180.0,50.0,68.9,29.6,,0
59.8053225888487,372057.0,50.0,69.0,29.7,,0
64.76876428151081,286364.0,50.0,69.1,29.6,,0
56.63397535906059,256871.0,50.0,68.9,29.7,,0
58.702332115303,370044.0,50.0,69.1,29.6,,0
68.22348101653162,383090.0,50.0,69.0,29.7,,0
56.36537707441208,380574.0,50.0,69.1,29.7,,0
57.68034928262436,386221.0,50.0,69.1,29.7,,0
59.737719030694514,351825.0,50.0,69.0,29.7,,0
74.9,311295.0,50.0,69.0,29.7,,0
62.62066785053009,377998.0,50.0,69.0,29.7,,0
58.40396203283924,260559.0,50.0,69.0,29.7,,0
74.9,298860.0,50.0,69.0,29.7,,0
61.90507261125052,372020.0,50.0,68.9,29.7,,0
52.69807315522558,274645.0,50.0,69.0,29.7,,0
63.044847561298,239311.0,50.0,69.0,29.6,,0
56.54512707758496,331026.0,50.0,69.0,29.7,,0
56.76057723809803,250544.0,50.0,69.0,29.6,,0
74.9,324659.0,50.0,69.0,29.7,,0
74.9,308298.0,50.0,69.0,29.7,,0
49.43985621971083,332113.0,50.0,69.0,29.6,4.7,0
57.410554484061365,267000.0,50.0,69.1,29.7,,0
74.9,291997.0,50.0,69.1,29.7,,0
40.0,379767.0,50.0,69.1,29.7,,0
53.94842381024852,292647.0,50.0,69.1,29.7,4.9,0
40.0,398342.0,50.0,69.2,29.7,,0
44.52623295348375,322630.0,50.0,69.0,29.6,,0
70.95144387048529,338977.0,50.0,69.0,29.7,,0
59.2841482560937,243425.0,50.0,69.0,29.6,,0
50.28330197079259,328451.0,50.0,69.1,29.6,,0
50.55391116015605,329151.0,50.0,69.1,29.7,,0
68.1809209057817,363312.0,50.0,69.1,29.6,,0
45.2858477062478,418849.0,50.0,69.1,29.7,,0
69.20975213464956,319922.0,50.0,69.1,29.6,5.8,0
73.07443899691968,426443.0,50.0,69.1,29.6,,0
42.735358787317566,309863.0,50.0,69.2,29.7,,0
40.0,328669.0,50.0,69.3,29.6,,0
64.38473090310168,318237.0,50.0,69.2,29.6,,0
52.14559714802028,227771.0,50.0,69.2,29.7,,0
64.48240420094122,385494.0,50.0,69.1,29.6,,0
52.907778531198815,339802.0,50.0,69.1,29.7,,0
41.182268238959395,340574.0,50.0,69.2,29.7,,0
55.279412427064116,285691.0,50.0,69.1,29.6,,0
50.87563630540643,302287.0,50.0,69.1,29.7,,0
64.58919978831042,260952.0,50.0,69.2,29.6,5.6,0
55.234616021185765,318133.0,50.0,69.1,29.6,,0
46.81152930561769,400849.0,50.0,69.2,29.6,,0
49.7580542392639,289875.0,50.0,69.1,29.6,,0
48.26030460213003,400931.0,50.0,69.2,29.7,,0
66.63486274319378,277853.0,50.0,69.2,29.6,,0
73.27477870631962,329031.0,50.0,69.2,29.6,,0
63.08704105333802,304498.0,50.0,69.2,29.6,,0
51.00700815651632,335199.0,50.0,69.3,29.6,,0
53.458953240052914,401754.0,50.0,69.2,29.7,4.9,0
44.768506737082745,389127.0,50.0,69.4,29.6,,0
58.66417381442639,333458.0,50.0,69.2,29.7,,0
69.99789319955322,291638.0,50.0,69.2,29.7,,0
70.37098061638363,198160.0,50.0,69.3,29.7,,0
51.36012560133673,278417.0,50.0,69.1,29.7,,0
44.95792785153886,310327.0,50.0,69.2,29.6,,0
64.62899961818033,351619.0,50.0,69.3,29.6,5.5,0
62.89052108640489,290043.0,50.0,69.3,29.7,,0
64.428197253902,325592.0,50.0,69.3,29.6,5.5,0
71.23267401523219,354962.0,50.0,69.3,29.7,,0
60.36571696704755,279623.0,50.0,69.4,29.7,,0
52.16459813001503,295259.0,50.0,69.3,29.6,,0
56.21680399300493,332062.0,50.0,69.3,29.6,,0
68.5820926815367,317699.0,50.0,69.3,29.6,,0
60.193497454805666,326448.0,50.0,69.3,29.7,,0
53.809136242411924,278357.0,50.0,69.3,29.7,,0
40.0,288718.0,50.0,69.6,29.7,,0
65.67774543921344,288368.0,50.0,69.5,29.7,,0
57.14631555088872,340989.0,50.0,69.5,29.7,,0
66.24827395707203,271421.0,50.0,69.5,29.7,,0
71.9647122774437,370730.0,50.0,69.5,29.7,,0
46.44180171337728,282927.0,50.0,69.6,29.7,,0
74.2930881977543,313391.0,50.0,69.6,29.7,,0
40.0,257014.0,50.0,69.5,29.7,,0
57.007564497930225,267663.0,50.0,69.4,29.6,,0
55.0389147523627,321457.0,50.0,69.5,29.7,,0
74.9,306929.0,50.0,69.4,29.7,,0
72.8705015948731,384294.0,50.0,69.4,29.7,,0
74.9,332813.0,50.0,69.4,29.7,,0
40.0,340737.0,50.0,69.5,29.7,,0
72.58079865376249,316351.0,50.0,69.5,29.7,,0
74.9,358692.0,50.0,69.4,29.7,,0
66.8192805258334,368887.0,50.0,69.5,29.7,,0
64.00043821513054,207823.0,50.0,69.5,29.7,,0
54.010332582355616,373872.0,50.0,69.5,29.7,,0
50.30890391882045,309943.0,50.0,69.5,29.7,,0
47.461964233163144,400276.0,50.0,69.4,29.7,,0
74.9,280225.0,50.0,69.5,29.7,,0
61.76757600466901,289377.0,50.0,69.4,29.7,,0
67.37933566837654,342935.0,50.0,69.4,29.7,,0
69.74046685935919,334936.0,50.0,69.4,29.7,,0
74.9,273743.0,50.0,69.4,29.7,,0
40.0,302310.0,50.0,69.4,29.7,,0
41.18414081327679,252839.0,50.0,69.5,29.7,,0
47.984224149624396,278501.0,50.0,69.4,29.7,,0
48.54458277659928,343319.0,50.0,69.5,29.7,,0
53.925731266975966,311921.0,50.0,69.5,29.7,,0
70.73079329401122,285515.0,50.0,69.5,29.7,5.8,0
56.82544921554334,336459.0,50.0,69.5,29.7,,0
40.0,212679.0,50.0,69.5,29.7,,0
64.15340794557267,342140.0,50.0,69.4,29.7,,0
74.9,327114.0,50.0,69.4,29.7,,0
69.83687660709714,311203.0,50.0,69.4,29.7,,0
63.566726659021036,395026.0,50.0,69.5,29.7,,0
40.0,338612.0,50.0,69.4,29.7,,0
74.9,332691.0,50.0,69.4,29.7,,0
74.9,291685.0,50.0,69.4,29.7,,0
59.61543007003544,321508.0,50.0,69.3,29.7,,0
40.0,267431.0,50.0,69.3,29.7,,0
46.83749904739217,356992.0,50.0,69.3,29.7,4.5,0
70.46583726820866,334581.0,50.0,69.2,29.7,,0
69.88923476226847,312613.0,50.0,69.2,29.7,,0
74.42318003447451,320395.0,50.0,69.2,29.7,,0
60.694368569121075,308048.0,50.0,69.2,29.7,,0
68.21340573163714,301046.0,50.0,69.2,29.7,,0
71.71717652637682,269053.0,50.0,69.3,29.7,,0
46.813004943261674,350934.0,50.0,69.2,29.7,,0
58.93746942500385,299574.0,50.0,69.2,29.8,5.2,0
70.68069278970552,292673.0,50.0,69.2,29.7,,0
57.597584948395564,382965.0,50.0,69.2,29.7,,0
74.9,390757.0,50.0,69.1,29.7,,0
56.61449067679307,375381.0,50.0,69.2,29.7,5.1,0
48.61256606677586,279189.0,50.0,69.3,29.7,,0
40.0,395279.0,50.0,69.1,29.7,,0
49.63224181108706,314306.0,50.0,69.2,29.7,,0
49.07610789686059,351282.0,50.0,69.2,29.7,,0
55.492396071391916,261283.0,50.0,69.1,29.7,,0
65.29995077023273,255482.0,50.0,69.3,29.7,,0
49.9511312962141,225189.0,50.0,69.2,29.7,,0
42.91250265362872,328033.0,50.0,69.1,29.7,,0
40.0,253348.0,50.0,69.2,29.7,,0
59.9715730064063,295537.0,50.0,69.2,29.8,,0
74.9,402525.0,50.0,69.2,29.7,,0
49.58493044698616,345071.0,50.0,69.2,29.7,,0
68.99139068255342,293113.0,50.0,69.2,29.7,,0
42.05350156202155,319446.0,50.0,69.1,29.7,4.3,0
57.92585190223067,300390.0,50.0,69.1,29.7,,0
65.30780241797382,286217.0,50.0,69.1,29.7,,0
46.17602942905028,324908.0,50.0,69.0,29.7,,0
64.63164111082651,267050.0,50.0,69.1,29.7,,0
71.13708733189297,240328.0,50.0,69.2,29.7,,0
53.06263849541228,308389.0,50.0,69.1,29.7,,0
52.365315448176844,294572.0,50.5,69.1,29.7,,0
74.9,281710.0,50.0,69.2,29.7,,0
74.9,339670.0,50.0,69.2,29.7,,0
61.1046616477439,341430.0,50.0,69.2,29.7,,0
74.9,275288.0,50.0,69.1,29.7,,0
46.55498497276333,286031.0,50.0,69.1,29.7,,0
60.38571776357473,242340.0,50.0,69.2,29.7,,0
60.2680708718233,396209.0,50.0,69.1,29.7,,0
61.81688868749733,306829.0,50.0,69.3,29.7,,0
52.58207461579647,360433.0,50.0,69.1,29.7,,0
50.090006721143425,403087.0,50.0,69.1,29.7,,0
74.9,331553.0,50.0,69.1,29.7,,0
59.86181894308026,366379.0,50.0,69.1,29.7,,0
73.1375820267279,283730.0,50.0,69.1,29.7,,0
53.68133840235958,260494.0,50.0,69.2,29.7,,0
64.90877926000869,349998.0,50.0,69.0,29.7,5.6,0
43.80089234566472,299516.0,50.0,69.1,29.7,,0
43.83295298902381,279554.0,50.0,69.1,29.7,,0
66.61220472271559,286993.0,50.0,69.1,29.7,,0
56.39008852761241,246770.0,50.0,69.2,29.7,,0
62.24388251669597,318007.0,50.0,69.3,29.7,,0
51.25248899960205,311494.0,50.0,69.2,29.7,,0
62.16353856604133,283330.0,50.0,69.2,29.7,,0
42.284849471978646,401250.0,50.0,69.1,29.7,,0
52.40072754347673,315645.0,50.0,69.1,29.7,,0
72.13007682024376,478807.0,50.0,69.2,29.7,,0
45.066162601333616,340242.0,50.0,69.3,29.7,4.4,0
51.509372576470724,295754.0,50.0,69.1,29.7,,0
51.35745574791852,269345.0,50.0,69.2,29.7,,0
59.50450365858406,253647.0,50.0,69.1,29.7,,0
71.36169079814245,322475.0,50.0,69.1,29.7,5.9,0
65.06921967481728,299021.0,50.0,69.2,29.7,,0
55.59355278945902,332940.0,50.0,69.2,29.7,,0
46.03139241113009,303890.0,50.0,69.3,29.8,,0
49.68463783345855,279924.0,50.0,69.3,29.7,,0
40.0,380269.0,50.0,69.2,29.7,4.1,0
51.76153496215477,372351.0,50.0,69.2,29.7,,0
72.8255078567315,262130.0,50.0,69.4,29.7,,0
46.93906517192585,435222.0,50.0,69.2,29.7,,0
74.9,318581.0,50.0,69.2,29.7,,0
63.088477277008195,291611.0,50.0,69.2,29.7,,0
65.18823257040408,287726.0,50.0,69.2,29.7,,0
40.0,260529.0,50.0,69.2,29.7,,0
60.25311297420705,269101.0,50.0,69.3,29.8,,0
59.19267042103758,271640.0,50.0,69.4,29.7,,0
50.61175292997608,358392.0,50.0,69.3,29.7,,0
62.969766571681255,319565.0,50.0,69.3,29.7,,0
70.54756767684782,341627.0,50.0,69.2,29.7,,0
74.9,299306.0,50.0,69.2,29.7,,0
54.8443802576699,261450.0,50.0,69.2,29.7,,0
54.852231391530964,363414.0,50.0,69.3,29.7,,0
74.9,363213.0,50.0,69.3,29.7,,0
40.0,368741.0,50.0,69.3,29.7,,0
40.0,360415.0,50.0,69.2,29.7,,0
55.58658568114734,351613.0,50.0,69.1,29.7,,0
44.01061982526521,372702.0,50.0,69.2,29.7,4.4,0
42.42030304674133,289919.0,50.0,69.3,29.7,,0
48.02286446677158,241057.0,50.0,69.2,29.7,4.6,0
61.13433081106162,401274.0,50.0,69.3,29.7,,0
74.9,324372.0,50.0,69.2,29.7,,0
73.40017530081028,330444.0,50.0,69.2,29.7,,0
65.98659833721855,304603.0,50.0,69.2,29.7,,0
62.34092310507123,344186.0,50.0,69.3,29.7,,0
53.05848325348403,316512.0,50.0,69.2,29.7,,0
59.29883857203014,357188.0,50.0,69.3,29.7,,0
47.20761394046784,317680.0,50.0,69.4,29.7,,0
74.9,372382.0,50.0,69.2,29.7,,0
74.9,321099.0,50.0,69.3,29.7,,0
63.85197076423228,365100.0,50.0,69.3,29.7,,0
74.9,232177.0,50.0,69.3,29.7,,0
44.21470431540185,378924.0,50.0,69.3,29.7,,0
56.67732773077436,289772.0,50.0,69.2,29.7,,0
44.95006815605275,295024.0,50.0,69.3,29.7,,0
43.17156859891411,414099.0,50.0,69.3,29.7,,0
59.73076737623312,317392.0,50.0,69.3,29.7,,0
67.05692010201398,363305.0,50.0,69.2,29.7,,0
71.35065787865567,368312.0,50.0,69.3,29.7,,0
52.42985339050972,306595.0,50.0,69.2,29.7,,0
69.2283798653073,296267.0,51.0,69.2,29.7,,0
59.9387204156733,337944.0,50.0,69.2,29.7,,0
69.42222098772451,240004.0,50.0,69.3,29.7,5.8,0
68.57694779866733,309482.0,50.0,69.3,29.7,,0
68.48949253037257,354961.0,50.0,69.3,29.7,,0
74.9,380905.0,50.0,69.3,29.7,,0
74.9,384965.0,50.0,69.3,29.7,,0
63.49654781779135,321448.0,50.0,69.4,29.7,,0
70.47380499814001,352943.0,50.0,69.3,29.7,,0
56.29120515914088,338217.0,50.5,69.3,29.7,,0
59.57884239858487,281573.0,50.0,69.3,29.7,,0
74.9,322483.0,50.0,69.3,29.7,,0
74.9,246852.0,50.0,69.3,29.7,,0
53.318654725879604,321468.0,50.0,69.2,29.7,,0
73.64857317154697,337976.0,50.0,69.2,29.7,,0
63.725673050169014,269273.0,50.0,69.3,29.7,,0
46.11670323324634,334512.0,50.0,69.3,29.7,,0
43.6307280741797,296065.0,50.0,69.4,29.7,,0
66.01100794903029,275795.0,50.0,69.3,29.7,5.6,0
74.9,375077.0,50.0,69.5,29.7,,0
41.142960019940396,278043.0,50.0,69.4,29.7,4.2,0
40.0,284783.0,50.0,69.3,29.7,,0
69.1966617188688,301374.0,50.0,69.3,29.7,,0
65.52956692339161,251494.0,50.0,69.3,29.7,,0
69.57570305498287,295020.0,50.0,69.3,29.7,,0
60.14603618739486,315820.0,50.0,69.3,29.7,,0
44.741417749292594,268111.0,50.0,69.4,29.7,,0
71.61353362804111,337954.0,50.0,69.3,29.7,,0
72.60058849864112,334609.0,50.0,69.4,29.6,,0
61.7158876177106,242329.0,50.0,69.4,29.7,,0
56.75559963886596,318767.0,50.0,69.4,29.7,,0
74.9,350913.0,50.0,69.3,29.7,,0
74.9,346889.0,50.0,69.5,29.7,,0
51.46436127660625,325270.0,50.0,69.4,29.7,,0
62.83468375517079,277737.0,50.0,69.5,29.7,,0
55.387351480884945,310740.0,50.0,69.4,29.7,,0
74.9,226366.0,50.0,69.4,29.7,,0
74.46982104859252,277844.0,50.0,69.5,29.7,,0
43.535049752764635,373097.0,50.0,69.4,29.7,,0
68.78277683081257,376453.0,50.0,69.4,29.7,,0
69.60842337054692,412693.0,50.0,69.5,29.7,,0
66.70468604333382,312958.0,50.0,69.5,29.7,,0
64.11511652785612,375956.0,50.0,69.4,29.7,,0
50.6474960968786,290665.0,50.0,69.5,29.7,4.7,0
56.29247982482511,225293.0,50.0,69.4,29.7,,0
61.656940901010564,235124.0,50.0,69.4,29.7,,0
60.63671175519143,358938.0,50.0,69.3,29.7,,0
54.277482472273974,395470.0,50.0,69.5,29.7,,0
42.473989206978146,373606.0,50.0,69.4,29.7,4.3,0
68.10164467688305,242778.0,50.0,69.5,29.7,,0
74.9,317131.0,50.0,69.4,29.7,,0
49.47019173413242,256681.0,50.0,69.5,29.7,,0
57.359783668083914,314266.0,50.0,69.5,29.7,,0
61.23174634247597,306599.0,50.0,69.4,29.7,,0
67.59870372138113,302556.0,50.0,69.4,29.7,5.7,0
40.0,313278.0,50.0,69.3,29.7,,0
40.0,335919.0,50.0,69.4,29.7,,0
48.248397236608376,327351.0,50.0,69.4,29.7,,0
74.9,277306.0,50.0,69.4,29.7,,0
72.73507510214542,300497.0,50.0,69.5,29.7,,0
74.9,303568.0,50.0,69.5,29.7,6.1,0
49.914084173919704,350925.0,50.0,69.5,29.7,,0
54.77052324451637,282134.0,50.0,69.5,29.7,4.9,0
54.265921791554504,317992.0,50.0,69.4,29.7,4.9,0
74.9,232966.0,50.0,69.5,29.7,,0
60.27696790740505,348120.0,50.0,69.5,29.7,,0
62.32138289990155,378943.0,50.0,69.5,29.7,,0
59.10785604289771,311695.0,50.0,69.4,29.7,,0
67.10795456416012,324469.0,50.0,69.5,29.7,,0
55.31509514063435,343226.0,50.0,69.4,29.7,,0
52.16966048140026,292497.0,50.0,69.5,29.7,,0
53.66407173881264,380888.0,50.0,69.5,29.7,,0
40.0,337801.0,50.0,69.5,29.7,,0
60.41126177040267,244360.0,50.0,69.5,29.6,,0
63.716721349632024,341408.0,50.0,69.5,29.7,,0
67.0756707762888,200667.0,50.0,69.6,29.7,,0
74.9,286801.0,50.0,69.5,29.7,6.1,0
68.23881296103812,353348.0,50.0,69.6,29.7,5.7,0
49.47963497256848,349720.0,50.0,69.6,29.7,,0
55.3740811090517,226788.0,50.0,69.6,29.7,,0
74.01290310633334,285122.0,50.0,69.6,29.7,,0
49.74607844714335,301862.0,50.0,69.6,29.7,,0
63.26684070392866,317422.0,50.0,69.5,29.7,,0
66.57680309648605,259722.0,50.0,69.6,29.7,,0
51.09136355483118,314780.0,50.0,69.6,29.7,,0
74.9,314878.0,50.0,69.6,29.7,,0
73.02266716393957,321734.0,50.0,69.6,29.7,,0
54.19609635074918,308897.0,50.0,69.5,29.7,4.9,0
57.97896345565343,347164.0,50.0,69.6,29.7,,0
74.9,336185.0,50.0,69.5,29.7,,0
74.24493214490107,276584.0,50.0,69.5,29.7,,0
55.024433894231635,287406.0,50.0,69.6,29.7,4.9,0
63.77333509049823,303846.0,50.0,69.5,29.7,,0
68.75727524441035,278104.0,50.0,69.7,29.7,,0
60.516371679855375,350908.0,50.0,69.5,29.7,,0
40.0,415473.0,50.0,69.7,29.7,,0
56.60217738144149,228873.0,50.0,69.6,29.7,,0
61.89712678292143,321504.0,50.0,69.6,29.7,,0
59.01726744513008,364603.0,50.0,69.6,29.7,,0
68.96933965712466,333404.0,50.0,69.7,29.7,,0
65.40186760735978,315303.0,50.0,69.5,29.7,,0
74.9,253436.0,50.0,69.5,29.7,,0
61.67582009059076,322926.0,50.0,69.6,29.7,,0
69.75936487277511,282026.0,50.0,69.6,29.7,,0
40.0,327057.0,50.0,69.6,29.7,4.1,0
63.37476590662325,387031.0,50.0,69.5,29.7,,0
44.75565544409896,371961.0,50.0,69.6,29.7,,0
74.9,303000.0,50.0,69.6,29.7,,0
44.50869336608131,301686.0,50.0,69.6,29.7,,0
60.168059608456566,345370.0,50.0,69.6,29.7,,0
52.903263241943435,389983.0,50.0,69.6,29.7,4.8,0
46.62561221990326,241735.0,50.0,69.6,29.7,,0
73.28052509144781,217642.0,50.0,69.6,29.7,,0
57.55044277352741,460295.0,50.0,69.6,29.7,,0
59.85547736448082,269565.0,50.0,69.6,29.7,,0
59.311230434558475,317713.0,50.0,69.6,29.7,,0
61.927799284237395,349801.0,50.0,69.5,29.7,,0
47.53066597958713,395939.0,50.0,69.5,29.7,,0
62.94137141247141,352705.0,50.0,69.7,29.7,,0
52.46220720293229,377887.0,50.0,69.7,29.7,,0
56.91537109424323,332489.0,50.0,69.6,29.7,,0
48.80272707375469,275138.0,50.0,69.6,29.7,,0
68.25846367743459,300037.0,50.0,69.6,29.7,,0
49.75412294994747,291056.0,51.5,69.6,29.7,,0
68.38743686060906,291693.0,50.5,69.6,29.7,,0
58.58814082077403,320676.0,50.0,69.6,29.7,,0
40.0,253799.0,50.0,69.6,29.7,,0
64.03533467097076,286833.0,50.0,69.6,29.7,,0
72.68069893536503,363506.0,50.0,69.6,29.7,,0
68.63002399626525,401889.0,50.0,69.6,29.7,,0
59.002928067081804,349199.0,50.0,69.6,29.7,,0
52.987188280847626,430356.0,50.0,69.6,29.7,4.8,0
74.9,320534.0,50.0,69.7,29.7,,0
64.63903475886231,381168.0,50.0,69.7,29.7,,0
58.23432594223072,290451.0,50.0,69.5,29.7,,0
70.48787701208259,323529.0,50.0,69.5,29.7,5.8,0
62.195933395743126,282457.0,50.0,69.7,29.7,5.3,0
40.0,330626.0,50.0,69.7,29.7,,0
70.8595444979304,309838.0,50.0,69.7,29.7,,0
74.9,288323.0,50.0,69.6,29.7,,0
47.343546540408965,316974.0,50.0,69.6,29.7,4.5,0
59.00888909578451,354648.0,50.5,69.6,29.7,,0
50.70044611123218,381564.0,50.0,69.6,29.7,,0
74.9,318238.0,50.0,69.6,29.7,,0
74.9,272457.0,50.0,69.7,29.7,,0
72.90265849418299,367127.0,50.0,69.5,29.7,,0
70.36124736227855,319299.0,50.0,69.6,29.7,,0
40.0,291122.0,50.0,69.5,29.7,,0
52.48900778778477,275978.0,50.0,69.6,29.7,,0
61.46691605456479,301146.0,50.0,69.6,29.7,,0
50.104655882819735,272353.0,50.0,69.5,29.7,,0
51.41384417417726,370467.0,50.0,69.6,29.7,,0
52.06769934447007,296827.0,50.0,69.7,29.7,,0
54.51962861972105,335254.0,50.0,69.6,29.7,,0
65.47499386234239,182990.0,50.0,69.6,29.7,,0
72.2596225659313,384636.0,50.0,69.6,29.7,,0
47.39776155165997,276246.0,50.0,69.7,29.7,,0
54.59695934666074,285979.0,50.0,69.7,29.7,,0
62.687122487359275,232406.0,50.0,69.6,29.7,,0
46.584868703559124,389263.0,50.0,69.6,29.6,,0
48.86136039182379,375954.0,50.0,69.6,29.7,4.6,0
64.26405834708164,238582.0,50.0,69.6,29.7,,0
67.62395034259447,314704.0,50.0,69.6,29.7,,0
54.53439532500312,331023.0,50.0,69.7,29.7,,0
65.69560182680151,351841.0,50.0,69.7,29.7,,0
74.13903417057602,338366.0,50.0,69.5,29.6,,0
43.49239093456366,298685.0,50.0,69.6,29.7,,0
74.9,352602.0,50.0,69.6,29.7,,0
74.9,382794.0,50.0,69.6,29.7,6.1,0
62.90162485866898,333563.0,50.0,69.6,29.7,5.4,0
59.56103952147785,241798.0,50.0,69.6,29.6,,0
60.216567029618695,374480.0,50.0,69.6,29.7,,0
52.80432006214556,338537.0,50.0,69.6,29.6,,0
70.21909255071837,279064.0,50.0,69.6,29.7,,0
54.584365627876025,274193.0,50.0,69.5,29.7,,0
50.13401271972712,262057.0,50.0,69.5,29.6,,0
49.19461846346368,383875.0,50.0,69.4,29.7,,0
49.01427565091649,325690.0,50.0,69.4,29.6,,0
53.965574955948526,373048.0,50.0,69.5,29.7,,0
74.9,358883.0,50.0,69.4,29.6,6.1,0
63.673614637233065,309602.0,50.0,69.5,29.6,,0
45.697503549705004,407458.0,50.0,69.3,29.6,4.5,0
50.88392378696936,349864.0,50.5,69.5,29.6,,0
72.71478687148077,295012.0,50.0,69.3,29.7,,0
72.45615032779155,354389.0,52.5,69.3,29.6,,0
74.9,298879.0,50.0,69.3,29.6,,0
44.56963179264342,297252.0,50.5,69.3,29.6,,0
62.50624251041198,322619.0,50.0,69.2,29.6,,0
55.27874524470539,234086.0,50.0,69.3,29.6,,0
65.64579595354928,408755.0,50.0,69.2,29.6,,0
65.57101485747604,347411.0,50.0,69.3,29.6,,0
66.86934367386122,337867.0,50.0,69.2,29.6,,0
71.17999160241713,337791.0,50.0,69.2,29.6,,0
56.24787396416069,284180.0,50.0,69.3,29.6,5.1,0
57.012316136631895,334135.0,50.0,69.2,29.6,,0
56.20700446652432,334145.0,50.0,69.1,29.6,,0
65.26980160440502,357493.0,50.0,69.1,29.6,,0
74.9,323510.0,50.0,69.2,29.6,,0
44.30668121822807,304470.0,50.0,69.2,29.6,,0
60.528750808879195,237390.0,50.0,69.2,29.6,5.3,0
74.9,326407.0,50.0,69.1,29.6,,0
64.57623401496342,381448.0,50.0,69.1,29.6,,0
52.438286038291835,345831.0,50.0,69.1,29.6,,0
58.68163052277677,311716.0,50.0,69.1,29.6,,0
50.73369134634745,394952.0,50.0,69.1,29.6,,0
55.49399951909315,351475.0,50.0,69.2,29.6,,0
40.0,373099.0,50.0,69.2,29.6,,0
72.6265338714847,324384.0,50.0,69.2,29.6,,0
57.276690406344905,338000.0,50.0,69.2,29.6,,0
74.9,240654.0,50.0,69.2,29.6,,0
69.38432865088953,278977.0,50.0,69.1,29.6,,0
59.760979244403224,308845.0,50.0,69.0,29.6,5.3,0
54.86018090642693,319529.0,50.0,69.0,29.6,,0
46.38994625666651,366313.0,50.0,69.2,29.6,,0
40.0,344289.0,50.0,69.1,29.6,,0
56.081569769585144,267308.0,50.0,69.2,29.6,,0
62.428600447184344,249937.0,50.0,69.2,29.6,,0
60.47656586063562,255970.0,50.0,69.2,29.6,,0
65.53526501181398,278403.0,50.0,69.2,29.6,,0
54.58807179564829,333227.0,50.0,69.2,29.6,,0
50.72949465789317,317391.0,50.0,69.1,29.5,,0
41.83403398506176,348389.0,50.0,69.2,29.6,,0
74.9,445649.0,50.0,69.0,29.5,,0
61.09401775999727,355469.0,50.0,69.0,29.5,,0
40.0,387623.0,50.0,69.0,29.6,4.2,0
69.31474205668927,298222.0,50.0,69.2,29.6,,0
74.84616960346811,308548.0,50.0,69.1,29.5,,0
54.50369780382532,341390.0,50.0,69.0,29.5,,0
47.23974600203618,365973.0,50.0,68.9,29.5,,0
47.328122256877876,272747.0,50.0,69.1,29.5,,0
49.08372253909999,354177.0,50.0,69.0,29.5,,0
52.59869566176351,259340.0,50.0,69.0,29.5,,0
52.731840000770426,318558.0,50.0,69.0,29.5,,0
45.82833019602737,268174.0,50.0,68.9,29.5,,0
74.9,281274.0,50.0,69.0,29.5,,0
56.12349157472392,303474.0,50.0,69.1,29.5,,0
54.9437183067547,347960.0,50.0,69.0,29.5,,0
71.37771540566459,306232.0,50.0,69.1,29.5,6.0,0
45.16226056089181,377349.0,50.0,69.1,29.5,,0
58.855906905639806,397864.0,50.0,69.1,29.5,,0
40.0,328793.0,50.0,68.9,29.5,,0
74.9,304103.0,50.0,69.0,29.5,,0
57.294078919984365,333298.0,50.0,69.1,29.5,,0
53.29445017338051,305956.0,50.0,69.1,29.5,,0
55.946218869703166,291766.0,50.0,69.2,29.5,,0
74.74627860240672,340748.0,50.0,69.2,29.5,,0
63.007538785239625,356385.0,50.0,69.1,29.5,,0
56.8277300015584,285160.0,50.0,69.2,29.5,,0
52.76850834462531,320080.0,50.0,69.2,29.5,,0
47.28945949952518,297488.0,50.0,69.2,29.5,,0
53.806600297542786,415605.0,50.0,69.2,29.5,,0
40.0,311917.0,50.0,69.2,29.5,,0
74.9,325483.0,50.0,69.2,29.5,,0
69.04100968105311,324492.0,50.0,69.2,29.5,,0
51.991999425402234,219113.0,50.0,69.1,29.5,,0
62.465468244435634,285097.0,50.0,69.1,29.5,,0
50.39597512601635,297545.0,50.0,69.0,29.5,,0
74.9,428217.0,50.0,69.1,29.5,,0
62.606495250340814,299085.0,50.0,69.1,29.5,,0
45.87328299058548,341084.0,50.0,69.1,29.5,,0
74.9,308869.0,50.0,69.1,29.5,,0
40.0,350152.0,50.0,69.2,29.5,,0
71.8247965374006,248636.0,50.0,69.1,29.5,,0
62.117810203955436,340305.0,50.0,69.2,29.5,,0
59.12271237589274,284415.0,50.0,69.2,29.5,,0
72.19124668276268,301847.0,50.0,69.1,29.5,,0
42.17776604760081,227773.0,50.0,69.2,29.5,,0
74.9,347749.0,50.0,69.2,29.5,6.2,0
61.05568256555003,300187.0,50.0,69.1,29.5,,0
53.652019029562474,271591.0,50.0,69.1,29.5,,0
54.82253226528138,224596.0,50.0,69.1,29.5,,0
51.16723615837783,306007.0,50.0,69.2,29.5,,0
67.31856056628503,318203.0,50.0,69.2,29.5,,0
69.5390773665067,380711.0,50.0,69.2,29.5,,0
72.69804112588922,341172.0,50.0,69.3,29.5,,0
60.14235215016941,275864.0,50.0,69.4,29.5,,0
68.87932861655179,395588.0,50.0,69.3,29.5,,0
64.10527247580502,406276.0,50.0,69.2,29.5,,0
41.69313950326699,268062.0,50.0,69.3,29.5,,0
70.26241809297915,331893.0,50.0,69.2,29.5,5.9,0
74.9,319303.0,50.0,69.3,29.5,,0
49.58429492966002,310388.0,50.0,69.2,29.5,,0
41.60779234891519,269213.0,50.0,69.2,29.5,,0
71.66932797501612,359275.0,50.0,69.3,29.5,6.0,0
64.35605141767292,242551.0,50.0,69.3,29.5,,0
55.699157093845336,264875.0,50.0,69.3,29.5,,0
74.11839904545319,293732.0,50.0,69.3,29.5,,0
46.97102747062141,321340.0,50.0,69.2,29.5,,0
52.31814651798466,386768.0,50.0,69.2,29.5,,0
51.18226922958971,257034.0,50.0,69.3,29.4,,0
40.0,318614.0,50.0,69.3,29.5,4.2,0
53.25683863370489,255699.0,50.0,69.3,29.5,,0
74.27071753506942,350026.0,50.0,69.4,29.5,6.1,0
59.661385452753244,381394.0,50.0,69.2,29.5,,0
67.95043240078336,282971.0,50.0,69.3,29.5,,0
47.52935803211081,356809.0,50.0,69.3,29.5,,0
64.75640347760822,327638.0,50.0,69.2,29.5,5.6,0
49.84202636557311,347357.0,50.0,69.3,29.5,,0
50.93401340239261,315410.0,50.0,69.3,29.5,,0
74.9,290262.0,50.0,69.4,29.5,,0
41.12412891512567,272635.0,50.0,69.3,29.5,,0
71.93158592025148,331462.0,50.0,69.3,29.5,,0
58.453471455734956,297090.0,50.0,69.2,29.5,5.3,0
65.82431889063828,281790.0,50.0,69.2,29.5,,0
63.66798682371115,287093.0,50.0,69.3,29.5,5.5,0
49.22808737669935,291313.0,50.0,69.4,29.5,,0
55.49511064219246,317802.0,50.0,69.2,29.5,,0
62.82546954133337,154023.0,50.0,69.3,29.5,,0
50.30819330703882,302379.0,50.0,69.3,29.5,,0
74.9,271399.0,50.0,69.3,29.5,,0
61.95355941719895,387276.0,50.0,69.3,29.5,,0
44.24437764063273,337728.0,50.0,69.3,29.5,,0
50.37273799278576,297291.0,50.0,69.3,29.5,,0
50.36266999256023,287066.0,50.0,69.2,29.5,,0
74.9,358000.0,50.0,69.1,29.5,,0
73.2208543414345,342139.0,50.0,69.2,29.5,,0
40.7249185391765,337773.0,50.0,69.1,29.5,,0
72.87515537408817,281597.0,50.0,69.2,29.5,,0
71.58392000593352,351695.0,50.0,69.3,29.5,,0
74.9,301199.0,50.0,69.3,29.5,,0
46.828668212691284,303726.0,50.0,69.3,29.5,,0
74.9,237721.0,50.0,69.3,29.5,,0
40.0,324022.0,50.0,69.4,29.5,,0
54.688928486710125,320347.0,50.0,69.3,29.5,,0
71.34374125483038,295134.0,50.0,69.3,29.5,6.0,0
40.0,412001.0,50.0,69.4,29.5,4.2,0
48.03326055073469,272343.0,50.0,69.3,29.5,,0
73.24464016467115,302697.0,50.0,69.4,29.5,,0
59.23932177558227,341725.0,50.0,69.3,29.5,,0
73.00299723731995,304994.0,50.0,69.5,29.5,,0
74.9,223889.0,50.5,69.4,29.5,,0
69.11744684343692,282221.0,50.0,69.4,29.5,,0
74.9,326392.0,50.0,69.4,29.5,,0
51.925136015887176,349827.0,50.0,69.4,29.5,,0
70.71826016648701,348885.0,50.0,69.3,29.5,,0
47.64364512440328,298219.0,50.0,69.4,29.5,,0
59.95112595454278,318143.0,50.0,69.4,29.5,,0
68.99694570526017,229329.0,50.0,69.4,29.5,,0
64.01192465464204,306950.0,50.0,69.4,29.5,,0
49.93799260339257,286588.0,50.0,69.4,29.5,,0
57.42554802578444,157951.0,50.0,69.4,29.5,,0
51.5845251505014,280588.0,50.0,69.5,29.5,,0
66.3933985118715,283751.0,50.0,69.4,29.5,,0
57.41863439795412,389402.0,50.0,69.5,29.5,,0
71.93221823778508,360602.0,50.0,69.4,29.5,,0
54.00153083506978,344436.0,50.0,69.4,29.5,,0
57.19322639455687,311175.0,50.0,69.4,29.5,,0
64.9162241249586,293135.0,50.0,69.4,29.5,,0
74.9,312794.0,50.0,69.4,29.5,,0
67.42032679511598,385502.0,50.0,69.4,29.5,,0
72.3798452949021,256598.0,50.0,69.4,29.5,,0
65.33875074011861,358282.0,50.0,69.5,29.5,5.6,0
70.70235626592898,269901.0,50.0,69.4,29.5,,0
52.11557715579211,364755.0,50.0,69.6,29.5,,0
50.858875551808254,306513.0,50.0,69.5,29.5,,0
74.9,317849.0,50.0,69.6,29.5,,0
51.278710345993886,280507.0,50.0,69.5,29.5,4.8,0
63.992631955022254,260008.0,50.0,69.5,29.5,,0
57.03196843324298,334995.0,50.0,69.6,29.5,,0
74.9,350039.0,50.0,69.5,29.5,6.1,0
51.43121858421385,373028.0,50.0,69.6,29.5,,0
56.40581954943027,264393.0,50.0,69.7,29.5,,0
57.93550368881433,384717.0,50.0,69.5,29.5,,0
61.982880600779104,320563.0,50.0,69.6,29.5,,0
74.9,255589.0,50.0,69.7,29.5,,0
44.572810631366735,247286.0,50.0,69.6,29.5,,0
64.47177823776066,327492.0,50.0,69.5,29.5,,0
74.9,330956.0,50.0,69.6,29.6,,0
55.150114086248365,320080.0,50.0,69.6,29.5,,0
61.4124890215315,244770.0,50.0,69.6,29.5,,0
74.9,343394.0,50.0,69.6,29.5,,0
62.52009969627107,347682.0,50.0,69.6,29.5,,0
68.51293176703926,313675.0,50.0,69.5,29.5,,0
52.425106365111596,346975.0,50.0,69.6,29.5,,0
64.62853008637742,283554.0,50.0,69.6,29.5,,0
74.9,333200.0,50.0,69.6,29.5,,0
68.75783234721158,382636.0,50.0,69.6,29.5,,0
60.26266585397802,334262.0,50.0,69.5,29.5,,0
69.72032686207339,287381.0,50.0,69.7,29.5,,0
60.64861995415201,325649.0,50.0,69.6,29.5,,0
48.527297379799265,424293.0,50.0,69.6,29.6,,0
43.11247867809117,261585.0,50.0,69.5,29.5,,0
74.9,352096.0,50.0,69.5,29.5,,0
47.68842219023067,347328.0,50.0,69.6,29.5,,0
74.9,318638.0,50.0,69.6,29.6,,0
74.9,242417.0,50.0,69.6,29.6,,0
68.32588144630922,372493.0,50.0,69.6,29.6,,0
70.69612681926296,310803.0,50.0,69.7,29.5,5.9,0
56.51470221586621,339986.0,50.0,69.6,29.6,,0
69.78905383982483,347111.0,50.0,69.6,29.6,,0
72.48069468952067,274150.0,50.0,69.6,29.5,,0
57.266748250516386,277699.0,50.0,69.6,29.6,,0
55.3666466869663,365684.0,50.0,69.7,29.6,,0
61.29580704870275,437308.0,50.0,69.6,29.6,,0
62.320876406276604,322686.0,50.0,69.7,29.6,,0
61.274195033282595,291298.0,50.0,69.6,29.6,,0
59.30596065146887,370750.0,50.0,69.6,29.6,,0
61.36764801753327,284294.0,50.0,69.6,29.6,,0
48.89898455425638,299740.0,50.0,69.6,29.6,,0
60.88636121293057,373711.0,50.0,69.6,29.6,,0
43.91413630360276,305607.0,50.0,69.5,29.5,,0
61.73172023322095,237483.0,50.0,69.5,29.6,,0
49.996820604403126,289405.0,50.0,69.7,29.6,,0
50.44835551379402,328635.0,50.0,69.5,29.6,4.7,0
58.07328468597843,295012.0,50.0,69.6,29.6,,0
65.13555151863162,397538.0,50.0,69.5,29.6,,0
74.9,233475.0,50.0,69.6,29.6,,0
66.92486620602168,311988.0,50.0,69.5,29.6,,0
61.861864114384275,302077.0,50.0,69.5,29.6,,0
61.411063558646426,326813.0,50.0,69.6,29.6,,0
53.05257891181292,279663.0,50.0,69.5,29.6,,0
54.61565180856619,330541.0,50.0,69.5,29.6,5.0,0
67.18795610021117,358400.0,50.0,69.7,29.6,,0
54.069719723197046,332773.0,50.0,69.6,29.6,,0
71.55003110343958,372451.0,50.0,69.5,29.6,,0
59.29400575042173,310058.0,50.0,69.6,29.6,,0
62.29349080603671,268263.0,50.0,69.6,29.6,,0
57.6766858675739,353506.0,50.0,69.6,29.6,,0
67.70336555332442,307837.0,50.0,69.6,29.6,,0
62.612618413046,282890.0,50.0,69.5,29.6,,0
68.4419057787003,316498.0,50.0,69.6,29.6,,0
56.688582579646344,303722.0,50.0,69.5,29.6,,0
59.2452735972017,299845.0,50.0,69.5,29.6,,0
67.89771643203076,302212.0,50.0,69.6,29.6,,0
74.9,385934.0,50.0,69.5,29.6,6.1,0
49.301478121745944,323136.0,50.0,69.6,29.6,,0
52.19212054396566,305300.0,50.0,69.5,29.6,,0
74.9,306159.0,50.0,69.7,29.6,,0
64.32271244492915,344359.0,50.0,69.5,29.6,,0
47.99244753020111,281520.0,50.0,69.5,29.6,,0
45.527731543102576,280131.0,50.0,69.5,29.6,,0
40.0,344506.0,50.0,69.6,29.6,,0
74.9,326651.0,50.0,69.6,29.6,,0
43.00477368791271,291075.0,50.0,69.6,29.6,4.3,0
54.493477859700036,274208.0,50.0,69.5,29.6,,0
70.32219166074188,356461.0,50.0,69.5,29.6,,0
46.13457847418809,352628.0,50.0,69.6,29.6,,0
74.9,405615.0,50.0,69.5,29.6,,0
74.9,279410.0,50.0,69.6,29.6,,0
74.9,304060.0,50.0,69.4,29.6,,0
52.89041453543383,334718.0,50.0,69.5,29.6,,0
53.01526399088385,337956.0,50.0,69.4,29.6,,0
44.15907374715238,309256.0,50.0,69.6,29.6,,0
74.9,317432.0,50.0,69.5,29.6,,0
61.69914944087859,341386.0,50.0,69.5,29.6,,0
74.04793955181192,245514.0,50.0,69.6,29.6,,0
67.01428862204922,307933.0,50.0,69.4,29.6,,0
61.99965474374206,367697.0,50.0,69.4,29.6,,0
45.66976018305787,274431.0,50.0,69.5,29.6,,0
40.0,295287.0,50.0,69.5,29.6,,0
74.9,314573.0,50.0,69.5,29.6,,0
43.91850125214257,298144.0,50.0,69.5,29.6,,0
42.14565955811253,269366.0,50.0,69.4,29.6,,0
64.66582692316456,267175.0,50.0,69.5,29.7,,0
73.35161166243962,316799.0,50.0,69.6,29.6,,0
61.02713644733431,307473.0,50.0,69.4,29.6,,0
69.27417406252468,355242.0,50.0,69.4,29.6,,0
64.02065222294605,345415.0,49.0,69.5,29.7,,0
57.45492396095489,344399.0,50.0,69.4,29.6,,0
55.94546669431432,320100.0,50.0,69.5,29.6,,0
56.70427500760443,299425.0,50.0,69.5,29.6,,0
51.73065842733852,341046.0,50.0,69.4,29.7,,0
74.9,372699.0,50.0,69.5,29.6,,0
44.92121596865478,378014.0,50.0,69.5,29.6,,0
56.18209798058486,347032.0,50.0,69.4,29.7,,0
49.125416015433466,326389.0,50.0,69.4,29.6,4.7,0
63.76467819476289,253192.0,50.0,69.4,29.6,,0
67.29920599613027,380567.0,50.0,69.3,29.6,5.7,0
57.90422465182046,381207.0,50.0,69.5,29.6,,0
57.72367807857111,358231.0,50.0,69.4,29.7,,0
40.0,428845.0,50.0,69.5,29.6,4.1,0
74.9,307191.0,50.0,69.4,29.6,,0
40.0,332961.0,50.0,69.6,29.7,,0
42.672893435114915,340018.0,50.0,69.5,29.6,,0
64.93878862997138,277636.0,50.0,69.5,29.6,,0
73.45160428337253,356250.0,50.0,69.5,29.6,,0
71.70988004746276,320398.0,50.0,69.5,29.6,,0
43.01371119703552,364004.0,50.0,69.5,29.6,,0
56.755543210370504,257459.0,50.0,69.4,29.6,,0
74.9,414473.0,50.0,69.5,29.6,,0
59.50502245224956,417160.0,50.0,69.3,29.7,,0
61.095776743336195,302879.0,50.0,69.4,29.6,,0
52.43449854977427,393668.0,50.0,69.5,29.7,,0
50.63827342334674,353087.0,50.0,69.5,29.6,,0
53.290033979289504,299286.0,50.0,69.4,29.6,,0
72.3629963276348,302898.0,50.0,69.4,29.6,6.0,0
55.14245544695648,370976.0,50.0,69.4,29.6,,0
74.9,349011.0,50.0,69.5,29.7,6.1,0
52.14276269251261,297022.0,50.0,69.4,29.6,,0
60.95898316488045,334441.0,50.0,69.4,29.6,,0
48.145609078322735,352536.0,50.0,69.4,29.6,,0
61.02615995567519,242793.0,50.0,69.4,29.6,,0
48.852882210471236,297314.0,50.0,69.4,29.6,,0
59.12570773390734,405017.0,50.0,69.4,29.6,,0
62.85805567367554,282165.0,50.0,69.4,29.6,,0
62.647569651685956,304156.0,50.0,69.4,29.6,5.4,0
63.8970988744025,346125.0,50.0,69.4,29.6,,0
74.51076776668725,318907.0,50.0,69.4,29.6,,0
74.9,360861.0,50.0,69.4,29.6,,0
51.510725462253745,419443.0,50.0,69.4,29.6,,0
63.92393415924117,282419.0,50.0,69.4,29.6,,0
74.9,413499.0,50.0,69.4,29.6,,0
59.60369683536528,297335.0,50.0,69.4,29.6,,0
57.931500510556056,352162.0,50.0,69.4,29.6,,0
74.9,345671.0,50.0,69.4,29.6,,0
61.22067850166124,387410.0,50.0,69.4,29.6,,0
56.24596232338173,366391.0,50.0,69.4,29.6,,0
56.54324641978466,339396.0,50.0,69.4,29.6,,0
58.63724922251458,317486.0,50.0,69.4,29.6,,0
55.47136179045348,380518.0,50.0,69.4,29.6,,0
51.20488754269758,286689.0,50.0,69.4,29.6,4.8,0
74.9,364003.0,50.0,69.4,29.6,,0
40.0,294563.0,50.0,69.4,29.6,,0
40.0,277218.0,50.0,69.4,29.6,,0
40.0,313835.0,50.0,69.4,29.6,,0
46.29669817006426,322695.0,50.0,69.4,29.6,4.5,0
40.4985448934097,323731.0,50.0,69.4,29.6,,0
55.021004662556074,387587.0,50.0,69.4,29.6,,0
74.9,355340.0,50.0,69.4,29.6,,0
56.08063463206545,409342.0,50.0,69.4,29.6,,0
41.36357666592215,256839.0,50.0,69.4,29.6,,0
58.994602801331226,421431.0,50.0,69.4,29.6,,0
57.57193311755895,311753.0,50.0,69.4,29.6,,0
42.69707572665829,362566.0,50.0,69.4,29.6,,0
71.43811505195225,355508.0,50.0,69.4,29.6,,0
52.44935192583165,288198.0,50.0,69.4,29.6,,0
44.48253299514035,323774.0,50.0,69.4,29.6,,0
47.03511204865798,267016.0,50.0,69.4,29.6,,0
54.91571139707189,297987.0,50.0,69.4,29.6,,0
53.54425765413654,340990.0,50.0,69.4,29.6,,0
60.94857362580335,307032.0,50.0,69.4,29.6,,0
62.19615513973778,275381.0,50.0,69.4,29.6,,0
61.263343486916135,326777.0,50.0,69.4,29.6,,0
41.96343768771023,364806.0,50.0,69.4,29.6,,0
49.42279553727605,324063.0,50.0,69.4,29.6,,0
73.97294088642325,361655.0,50.0,69.4,29.6,,0
60.412000662826024,303687.0,50.0,69.4,29.6,,0
71.3701429029068,350361.0,50.0,69.4,29.6,,0
52.57961975947044,284229.0,50.0,69.4,29.6,,0
40.0,326931.0,50.0,69.4,29.6,,0
59.00762705977922,371128.0,50.0,69.4,29.6,,0
64.3086611217644,380040.0,50.0,69.4,29.6,,0
51.63162926500595,371216.0,50.0,69.4,29.6,,0
53.65300345074414,354991.0,50.0,69.4,29.6,,0
42.494899289631675,330581.0,50.0,69.4,29.6,,0
40.0,307978.0,50.0,69.4,29.6,,0
65.28424792653496,296556.0,50.0,69.4,29.6,5.6,0
47.39474845492839,358075.0,50.0,69.4,29.6,,0
58.758446521836916,297969.0,50.0,69.4,29.6,,0
60.50275105385132,438650.0,50.0,69.4,29.6,,0
73.84203419737852,372315.0,50.0,69.4,29.6,,0
65.22655582790837,327491.0,50.0,69.4,29.6,,0
40.0,289445.0,50.0,69.4,29.6,,0
54.23310704157031,235629.0,50.0,69.4,29.6,,0
46.1110105174148,230862.0,50.0,69.4,29.6,,0
59.54011397163153,356844.0,50.0,69.4,29.6,,0
73.28129422349194,338665.0,50.0,69.4,29.6,,0
48.439243905617175,233057.0,50.0,69.4,29.6,,0
40.0,262895.0,50.0,69.4,29.6,,0
49.3336836235719,312811.0,50.0,69.4,29.6,4.7,0
47.83002938247638,335253.0,50.0,69.4,29.6,,0
57.21271796640632,320474.0,50.0,69.4,29.6,,0
73.68300663205446,266889.0,50.0,69.4,29.6,,0
65.02445493950842,319371.0,50.0,69.4,29.6,,0
55.998164628363654,359836.0,50.0,69.5,29.7,5.0,0
70.54816985468409,277407.0,50.0,69.5,29.7,,0
57.81407299370491,332654.0,50.0,69.5,29.7,,0
56.72391902372899,346325.0,50.0,69.4,29.7,,0
63.374304214923306,402465.0,50.0,69.5,29.7,,0
41.63665036884255,314490.0,50.0,69.4,29.7,,0
49.097969861853706,347184.0,50.0,69.5,29.7,,0
40.59393731945347,335584.0,50.0,69.4,29.7,,0
52.439418823819906,286962.0,50.0,69.3,29.7,,0
42.642021557511754,299071.0,50.0,69.5,29.7,,0
73.0140063634911,318866.0,50.0,69.5,29.7,6.0,0
67.5321650144937,394908.0,50.0,69.6,29.7,,0
63.16506701787091,294854.0,50.0,69.5,29.7,,0
65.60702658219348,295506.0,50.0,69.4,29.7,5.6,0
53.94692780043397,251604.0,50.0,69.4,29.7,,0
71.11508989301271,302629.0,50.0,69.3,29.7,,0
62.18517894979034,273381.0,50.0,69.4,29.7,,0
65.23137155658567,285712.0,50.5,69.5,29.7,,0
58.29949533957811,359502.0,50.0,69.4,29.7,,0
69.48911174679036,319008.0,50.0,69.5,29.7,,0
40.0,454676.0,50.0,69.5,29.7,4.1,0
74.9,352520.0,50.0,69.4,29.7,,0
50.96155462090835,314888.0,50.0,69.5,29.7,,0
53.478954842681794,376873.0,50.0,69.5,29.7,,0
63.15003469022201,284712.0,50.0,69.5,29.7,,0
54.35093881050262,370453.0,50.0,69.5,29.7,4.9,0
74.9,388774.0,50.0,69.5,29.7,,0
69.08438478064772,308631.0,50.0,69.4,29.7,,0
40.0,333372.0,50.0,69.5,29.7,,0
59.9780548938708,326299.0,50.0,69.5,29.7,,0
60.64676816439847,260318.0,50.0,69.6,29.7,,0
66.68890268221423,348449.0,50.0,69.5,29.7,,0
68.18806538471591,362595.0,49.5,69.6,29.7,,0
67.24861973905948,301548.0,50.0,69.7,29.7,,0
59.149957825006915,324100.0,50.0,69.5,29.7,,0
61.292393389279425,364919.0,50.0,69.5,29.7,,0
67.7240250362699,413480.0,50.0,69.5,29.7,,0
74.9,323584.0,50.0,69.5,29.7,,0
40.0,375657.0,50.0,69.6,29.7,,0
53.51548393215535,283933.0,50.0,69.5,29.7,,0
55.218656700127596,299901.0,50.0,69.5,29.7,,0
67.34723772126472,249825.0,50.0,69.6,29.7,,0
47.06735105050078,335442.0,50.0,69.5,29.7,4.5,0
67.4753283649597,348869.0,50.0,69.3,29.7,5.7,0
50.55556465280041,275978.0,50.0,69.5,29.7,,0
53.92038199454497,330794.0,50.0,69.6,29.7,,0
74.9,227865.0,50.0,69.5,29.7,,0
57.3512549164996,260029.0,50.0,69.5,29.7,,0
40.17308787175813,363513.0,50.5,69.5,29.7,4.2,0
66.53549489399207,340224.0,50.0,69.5,29.7,,0
71.05231007677192,298412.0,50.0,69.6,29.7,,0
54.80834980399766,418357.0,50.0,69.5,29.7,,0
57.041147348885104,353080.0,50.0,69.7,29.7,,0
60.07657849155978,236828.0,50.0,69.5,29.7,,0
40.0,293945.0,50.0,69.6,29.7,,0
72.67321502003986,355473.0,50.0,69.5,29.7,,0
70.9689259706884,275582.0,50.0,69.5,29.7,,0
74.9,276579.0,50.0,69.5,29.7,,0
62.553892784039625,319534.0,50.0,69.5,29.7,,0
57.91351415622496,380236.0,50.0,69.5,29.7,,0
51.53867375800847,259267.0,50.0,69.4,29.7,4.8,0
60.239945834477034,302007.0,50.0,69.5,29.7,,0
74.9,350442.0,50.0,69.5,29.7,,0
55.08791309737651,272474.0,50.0,69.5,29.7,,0
40.0,273865.0,50.0,69.6,29.7,,0
61.37930126110958,384229.0,50.0,69.5,29.7,,0
73.46026970865503,330309.0,50.0,69.6,29.7,,0
56.12198801157018,332096.0,50.0,69.6,29.7,,0
53.776344030185086,397326.0,50.0,69.6,29.7,,0
57.72971782469904,316114.0,50.0,69.4,29.7,,0
40.0,311205.0,50.0,69.5,29.7,,0
70.0378096555793,271952.0,50.0,69.6,29.7,,0
50.99135598608625,355671.0,50.0,69.4,29.7,,0
42.28011331778336,367601.0,50.0,69.5,29.7,4.2,0
53.61427331792277,302514.0,50.0,69.5,29.7,,0
46.51345913849287,337012.0,50.0,69.6,29.7,,0
74.9,355167.0,50.0,69.5,29.7,,0
49.62857685671357,371102.0,50.5,69.6,29.7,,0
56.199845448789006,381851.0,50.0,69.5,29.7,,0
69.68011682597236,187558.0,50.0,69.5,29.7,,0
47.95104440453967,362497.0,49.5,69.6,29.7,,0
61.81988726574021,273930.0,50.0,69.4,29.7,,0
52.39692581407425,234219.0,50.0,69.5,29.7,,0
58.939520549683245,419481.0,50.0,69.5,29.7,,0
69.6592006887879,418568.0,50.0,69.5,29.7,5.8,0
70.58876507747976,366236.0,50.0,69.5,29.7,,0
74.9,336976.0,50.0,69.5,29.7,,0
57.753272141917435,366469.0,50.0,69.5,29.7,,0
74.9,298401.0,50.5,69.5,29.7,,0
51.34117101191965,326248.0,50.0,69.5,29.7,,0
69.97798640317994,355914.0,50.0,69.5,29.7,,0
42.90998879774881,406022.0,50.0,69.4,29.7,,0
52.3060208472378,308072.0,50.0,69.5,29.7,,0
49.16814768014616,441424.0,50.0,69.5,29.7,,0
62.90484804345561,281706.0,50.0,69.5,29.7,,0
70.36708259954935,354611.0,50.0,69.4,29.7,,0
57.74727571704139,357827.0,50.0,69.6,29.7,,0
50.09649647002963,297818.0,50.0,69.6,29.6,,0
40.0,260422.0,50.0,69.5,29.7,,0
74.9,393864.0,50.0,69.5,29.7,,0
60.78946378378755,394831.0,50.0,69.5,29.7,,0
58.07910616070034,309046.0,50.0,69.6,29.7,5.1,0
60.678127781586674,314378.0,50.0,69.6,29.7,,0
57.41764411727783,371452.0,50.0,69.5,29.7,,0
61.801627847474435,352061.0,50.0,69.6,29.7,5.3,0
72.37656630332798,337468.0,50.0,69.5,29.7,,0
48.356744089101134,259121.0,50.0,69.6,29.7,,0
61.78536761768766,312293.0,50.0,69.6,29.7,5.3,0
61.04869714704146,319277.0,50.0,69.6,29.7,,0
74.9,260139.0,50.0,69.5,29.7,,0
40.0,334956.0,50.0,69.5,29.7,,0
55.48292934494165,334223.0,50.0,69.4,29.7,,0
67.00659626740801,377784.0,50.0,69.5,29.7,,0
41.913290155392744,294947.0,50.0,69.5,29.7,4.2,0
65.14513510656917,354670.0,50.0,69.5,29.7,,0
74.9,363006.0,50.0,69.5,29.7,,0
59.318536849364676,279930.0,50.0,69.4,29.7,,0
53.22852176737177,293328.0,50.5,69.5,29.7,,0
67.86280354216512,331564.0,50.0,69.5,29.7,5.7,0
44.11620514989385,300384.0,50.0,69.5,29.7,4.3,0
70.53057064141704,335824.0,50.0,69.7,29.7,,0
66.82373539215325,337231.0,50.5,69.8,29.8,,0
74.9,330621.0,50.0,69.7,29.7,,0
55.36772642555162,278791.0,50.0,69.7,29.7,,0
62.995313498516545,210168.0,50.0,69.8,29.7,,0
57.788531978007455,310737.0,50.0,69.8,29.7,,0
43.62634975659263,278228.0,50.0,69.7,29.7,,0
69.71589036177889,330382.0,50.0,69.7,29.7,5.8,0
61.22146000448793,333785.0,50.0,69.8,29.7,,0
61.11153105538708,375928.0,50.0,69.7,29.7,,0
61.481150180443784,254380.0,50.5,69.7,29.7,,0
74.9,336665.0,50.0,69.8,29.7,,0
52.92895523045919,263596.0,50.0,69.8,29.7,,0
64.75097065149654,314727.0,55.0,70.0,29.7,,0
100.0,336163.0,99.5,69.9,29.7,,0
81.30095368254027,385831.0,100.0,69.9,29.7,,0
95.40225514173466,356746.0,99.0,69.9,29.7,,0
93.41085638139927,348492.0,99.5,69.9,29.7,,0
89.87092080807398,396599.0,98.5,70.0,29.7,,3
93.00254667217203,343229.0,99.5,69.9,29.7,,0
98.8189003674092,255405.0,100.0,70.0,29.7,,0
100.0,281761.0,99.5,70.1,29.7,,0
82.98325740182163,348363.0,99.5,70.0,29.7,,0
86.82815463417471,390256.0,100.0,70.0,29.7,,0
79.53730705111812,360430.0,99.5,69.9,29.7,,0
83.37430321424196,361805.0,100.0,69.9,29.8,,0
87.48182192161698,353717.0,100.0,69.9,29.7,,0
83.60060134028524,329597.0,100.0,69.9,29.7,,0
90.29818011221941,387748.0,99.5,70.0,29.7,,3
83.21376532641722,315249.0,100.0,69.9,29.7,,0
92.9076813253747,348699.0,100.0,69.9,29.7,,0
94.64398507188761,313768.0,100.0,69.9,29.8,,0
75.0,328679.0,100.0,70.1,29.7,,0
81.86917912587987,346848.0,100.0,70.0,29.7,,0
82.90523828583689,379640.0,100.0,70.1,29.7,,0
85.69479790061988,356018.0,100.0,70.0,29.7,,0
89.26107646752754,357798.0,100.0,70.0,29.7,,0
87.80696711636021,370424.0,100.0,70.0,29.7,,0
81.63475892939354,405976.0,99.5,70.0,29.7,,0
86.10770093305172,297538.0,100.0,70.1,29.7,,0
89.50458685593418,315952.0,100.0,70.0,29.7,11.0,0
93.32267627607101,438384.0,100.0,70.1,29.7,,3
81.7074232675372,363294.0,100.0,70.0,29.7,,0
75.0,368156.0,100.0,70.0,29.7,,0
80.91428960160248,325006.0,100.0,70.2,29.7,,0
79.18970808128138,379286.0,100.0,70.1,29.8,10.4,0
96.0584348597861,350935.0,100.0,70.1,29.7,,0
81.08458635731424,413580.0,100.0,70.1,29.7,10.6,0
81.99671897796276,263518.0,100.0,70.1,29.7,,0
91.66711207965655,305809.0,100.0,70.1,29.7,,0
95.9088703479934,334754.0,100.0,70.0,29.7,11.4,0
92.82970592435358,406060.0,100.0,70.1,29.7,,3
78.32912908303422,327362.0,100.0,70.2,29.7,,0
87.39463141874349,411502.0,100.0,70.2,29.7,,3
82.73293825647643,326219.0,100.0,70.1,29.7,,0
91.82512460444647,326910.0,100.0,70.1,29.7,,0
89.22020706318094,287938.0,100.0,70.1,29.7,,0
100.0,296091.0,100.0,70.1,29.7,,0
85.42597836807833,348700.0,100.0,70.1,29.7,,0
100.0,297006.0,100.0,70.1,29.7,,0
100.0,380287.0,100.0,70.2,29.7,,3
91.33676259538596,310614.0,100.0,70.1,29.7,11.1,0
92.56912993630459,321060.0,100.0,70.2,29.7,,0
98.1332900255873,311157.0,100.0,70.2,29.7,11.5,0
87.09473204435133,327789.0,100.0,70.1,29.7,,0
80.09981630058404,379652.0,100.0,70.1,29.7,,0
92.28366997927706,398360.0,100.0,70.2,29.7,11.2,3
75.0,392566.0,100.0,70.3,29.7,10.2,0
100.0,331934.0,100.0,70.2,29.7,11.6,0
100.0,339473.0,96.5,70.2,29.7,,0
77.02072209950954,337774.0,100.0,70.2,29.7,,0
96.38563174140221,316472.0,100.0,70.4,29.7,,0
83.1972907279481,373741.0,100.0,70.3,29.7,,0
88.02448093390858,373384.0,100.0,70.3,29.7,,0
89.90263632606668,369185.0,100.0,70.4,29.7,11.0,0
84.54159051352367,359269.0,100.0,70.3,29.7,,0
80.58101595443253,401537.0,100.0,70.2,29.7,,0
82.92580226546148,395153.0,100.0,70.4,29.7,,0
86.13114431213708,358079.0,100.0,70.2,29.7,,0
84.04028359287439,309360.0,100.0,70.4,29.7,,0
75.0,307787.0,100.0,70.3,29.7,,0
85.40872917427262,358475.0,100.0,70.4,29.7,,0
96.0830345062661,332169.0,100.0,70.3,29.7,,0
80.94431388586261,292291.0,100.0,70.4,29.7,,0
91.84050894323283,405327.0,100.0,70.4,29.7,,3
98.1306421436503,378397.0,100.0,70.3,29.7,,3
93.1083465381408,417904.0,100.0,70.4,29.7,,3
90.65665169133449,375845.0,100.0,70.4,29.7,,3
85.43372910518401,295518.0,100.0,70.3,29.7,,0
82.52920879600339,349633.0,100.0,70.3,29.7,,0
88.48628298001043,427051.0,100.0,70.5,29.7,,3
88.65021734072855,397153.0,100.0,70.4,29.7,,3
84.51938206738947,337532.0,100.0,70.4,29.7,,0
77.36793890221242,320306.0,100.0,70.2,29.7,,0
92.21585113091002,350302.0,100.0,70.3,29.7,,0
95.54350895917787,357250.0,100.0,70.4,29.7,,3
85.18037014689807,435931.0,100.0,70.3,29.7,,3
87.24877145029562,396520.0,100.0,70.4,29.7,,3
84.79032634764258,378383.0,100.0,70.4,29.7,,0
95.42412527321349,358339.0,100.0,70.3,29.7,,3
75.0,350730.0,100.0,70.3,29.7,,0
97.84368038207981,371099.0,100.0,70.5,29.8,,3
91.56671100183397,281109.0,100.0,70.6,29.7,,0
82.23635943459954,366454.0,100.0,70.4,29.7,,0
91.28306621429513,398586.0,100.0,70.4,29.7,,3
86.84106595883125,366232.0,100.0,70.6,29.8,,0
88.13099393545035,310522.0,100.0,70.4,29.8,,0
75.0,367240.0,96.0,70.4,29.7,,0
89.39157766730249,325272.0,100.0,70.4,29.7,,0
75.04661554787307,375189.0,100.0,70.5,29.8,,0
85.87263940643558,372274.0,100.0,70.5,29.7,,0
100.0,264342.0,100.0,70.4,29.7,11.6,0
82.40319353038109,341624.0,100.0,70.4,29.7,,0
99.6386093931732,284543.0,99.5,70.4,29.7,,0
100.0,355434.0,100.0,70.4,29.7,,3
87.23199470612913,342077.0,100.0,70.3,29.7,,0
84.50989574255976,391924.0,99.5,70.4,29.7,,0
79.45183396734049,363816.0,100.0,70.4,29.7,,0
84.9265466743442,319514.0,100.0,70.4,29.7,,0
100.0,366762.0,100.0,70.4,29.7,11.6,3
92.90612435728914,395511.0,100.0,70.4,29.7,,3
76.62920043745163,420091.0,100.0,70.4,29.7,,0
75.0,319249.0,100.0,70.3,29.7,,0
84.3277466145688,373268.0,100.0,70.4,29.7,,0
89.7497461291319,343327.0,100.0,70.4,29.7,,0
87.9040212429782,310879.0,100.0,70.5,29.7,,0
76.02214084412661,379060.0,100.0,70.3,29.7,,0
93.54964890028948,413379.0,100.0,70.3,29.7,,3
81.67986322547833,377712.0,100.0,70.4,29.7,,0
85.73034617308214,397618.0,100.0,70.4,29.7,,3
96.17570221342513,358448.0,100.0,70.6,29.7,,3
85.2837587466721,388437.0,100.0,70.6,29.7,,3
93.17523618605253,322622.0,100.0,70.4,29.7,,0
77.37761061216455,338458.0,100.0,70.4,29.7,,0
100.0,395859.0,99.5,70.4,29.7,,3
79.10138024263536,303289.0,100.0,70.5,29.7,10.4,0
98.1974707974359,304574.0,100.0,70.4,29.7,,0
92.07436258913606,325357.0,100.0,70.5,29.7,,0
100.0,319183.0,100.0,70.5,29.7,,0
97.14689224164663,357394.0,100.0,70.4,29.7,,3
90.01755883387429,271187.0,100.0,70.3,29.7,,0
75.0,341177.0,100.0,70.6,29.7,,0
89.97524850733289,304992.0,100.0,70.6,29.7,,0
79.29045271618926,372458.0,100.0,70.8,29.6,,0
92.50283584365704,344490.0,100.0,70.7,29.7,,0
94.2416137694886,303031.0,93.0,74.7,28.7,,3
85.15252066330423,415915.0,100.0,74.6,28.7,,3
88.54657703951854,355052.0,100.0,74.5,28.7,,3
100.0,294026.0,100.0,74.5,28.7,,3
94.37144293313688,416559.0,98.0,74.6,28.7,,3
85.40113658801162,384385.0,100.0,74.5,28.7,,3
80.14384402231276,322530.0,100.0,74.5,28.7,,3
91.07973132838107,381942.0,100.0,74.5,28.7,,3
96.96749209924997,412785.0,100.0,74.5,28.7,11.4,3
87.46042753155854,397744.0,100.0,74.5,28.8,,3
85.2615612524068,386083.0,100.0,74.5,28.8,,3
89.65991038281746,367827.0,100.0,74.4,28.7,,3
91.3880629921763,285811.0,100.0,74.4,28.8,,3
79.00702512911381,354101.0,100.0,74.4,28.8,,3
75.0,383248.0,100.0,74.4,28.7,,3
94.97244773030513,363086.0,100.0,74.4,28.8,,3
79.03092789793662,405205.0,100.0,74.5,28.8,,3
100.0,355883.0,100.0,74.4,28.7,11.6,3
92.08428302760989,358069.0,100.0,74.2,28.8,,3
92.2429535119904,345217.0,100.0,74.4,28.7,,3
87.72348608124958,386228.0,100.0,74.4,28.8,,3
100.0,293997.0,100.0,74.3,28.8,,3
87.16950012477626,302781.0,100.0,74.4,28.8,,3
100.0,326490.0,100.0,74.2,28.8,,3
76.45439364971365,375527.0,99.5,74.3,28.8,,3
100.0,376543.0,100.0,74.3,28.8,,3
89.63838301825534,366365.0,100.0,74.1,28.8,,3
99.31872530260443,315032.0,100.0,74.2,28.8,,3
87.10522316730949,331892.0,100.0,74.3,28.7,,3
78.65707754166633,336864.0,100.0,74.3,28.8,,3
96.86176876785959,372664.0,100.0,74.2,28.8,,3
93.15448400086561,355859.0,99.5,74.2,28.8,,3
92.18659026182871,317976.0,100.0,74.2,28.8,,3
85.52392091258217,357680.0,99.5,74.1,28.8,10.7,3
90.22012687105513,362807.0,100.0,74.1,28.8,,3
86.89331774386898,334903.0,100.0,74.1,28.8,,3
100.0,386271.0,100.0,74.2,28.8,,3
91.30517980762097,340671.0,100.0,74.2,28.8,,3
84.39024938444899,344767.0,100.0,74.2,28.8,10.7,3
90.34263074869347,274782.0,100.0,74.1,28.8,,3
75.44488323700253,324524.0,100.0,74.1,28.8,10.2,3
89.65711549422855,340429.0,100.0,74.2,28.8,,3
99.82496980879587,290704.0,100.0,74.2,28.8,11.6,3
81.98923624317304,410803.0,100.0,74.1,28.8,,3
89.04895459740118,385393.0,100.0,74.2,28.8,,3
100.0,322247.0,100.0,74.1,28.8,,3
87.20548529766374,339102.0,100.0,74.1,28.8,,3
75.0,337584.0,100.0,74.1,28.8,,3
95.04849749904533,371623.0,100.0,74.1,28.8,11.3,3
92.95266535510407,334979.0,100.0,74.1,28.8,,3
82.75122211195487,400770.0,100.0,73.9,28.8,10.6,3
84.02146282913864,361763.0,100.0,74.2,28.8,,3
89.3066774454203,408468.0,100.0,73.9,28.8,,3
95.77129886137888,298189.0,100.0,74.2,28.8,,3
78.49957466579968,373156.0,100.0,74.2,28.8,,3
87.48529882096666,331793.0,100.0,74.1,28.8,,3
96.12502307195577,357498.0,100.0,74.1,28.8,,3
88.41965909511555,381193.0,99.5,74.1,28.8,,3
84.99912804045148,412740.0,98.5,74.0,28.8,,3
81.69561901413593,376277.0,100.0,74.0,28.8,,3
99.47066270927876,294908.0,100.0,74.1,28.8,,3
85.25331859318041,395688.0,100.0,74.1,28.8,,3
97.2579563818482,343140.0,100.0,74.0,28.7,,3
82.12263125058513,388237.0,99.5,74.1,28.8,,3
97.46839282065284,303413.0,100.0,74.1,28.8,,3
78.36869080826895,359010.0,100.0,74.1,28.8,,3
93.03488506743113,338037.0,100.0,74.1,28.8,,3
93.4343505598588,321594.0,100.0,74.1,28.8,,3
75.0,333043.0,100.0,74.0,28.8,10.2,3
88.50585717210481,338966.0,100.0,73.9,28.8,,3
78.73117389072412,277374.0,100.0,74.1,28.8,10.4,3
83.88728956505682,385906.0,100.0,74.1,28.8,,3
98.04957951530946,397508.0,100.0,74.0,28.8,,3
81.47272371881158,303851.0,100.0,74.1,28.8,,3
91.97307691983916,375404.0,100.0,74.1,28.8,11.1,3
91.20135684160398,269437.0,100.0,74.1,28.8,,3
81.06492332093227,348812.0,100.0,74.1,28.8,,3
91.89774555704342,380692.0,100.0,73.9,28.8,,3
89.15402817825633,363231.0,100.0,74.0,28.8,,3
88.67892366688883,377424.0,100.0,74.0,28.8,,3
90.50292521192729,352629.0,100.0,74.1,28.8,,3
85.85304960690095,353251.0,100.0,74.1,28.8,,3
91.8767310307142,360699.0,100.0,74.2,28.8,,3
91.04661134676203,403708.0,100.0,74.2,28.8,,3
90.1213113819727,324040.0,100.0,74.1,28.8,,3
95.06885428795336,295352.0,100.0,74.0,28.8,,3
79.3486929540857,363433.0,100.0,74.2,28.8,,3
92.13117334229263,300197.0,100.0,74.1,28.8,,3
84.937460152106,325756.0,100.0,74.1,28.8,10.7,3
84.10658941694723,387743.0,100.0,74.1,28.8,,3
93.65204370837802,349235.0,100.0,74.1,28.8,,3
83.63230458308058,296014.0,100.0,74.0,28.8,,3
99.36147951025559,373684.0,100.0,74.2,28.8,11.5,3
82.34664716741487,378783.0,100.0,74.1,28.8,,3
87.438211035403,338515.0,100.0,74.2,28.8,,3
91.48169222631682,320340.0,100.0,74.2,28.8,,3
85.24994784391912,354858.0,100.0,74.2,28.8,,3
84.00439045691829,376763.0,100.0,74.2,28.8,,3
100.0,319828.0,100.0,74.2,28.8,,3
75.0,269930.0,100.0,74.1,28.8,10.2,3
86.79625486804014,323473.0,100.0,74.1,28.8,,3
89.66288400853665,355303.0,99.5,74.3,28.8,,3
75.17426522708723,277404.0,100.0,74.2,28.8,,3
90.36746592276876,355417.0,100.0,74.2,28.9,,3
84.5934560130676,283714.0,100.0,74.1,28.9,,3
91.77113010211993,400875.0,100.0,74.1,28.8,,3
90.22385952175138,316101.0,100.0,74.1,28.8,,3
88.35641732456921,295355.0,100.0,74.1,28.9,,3
96.46368571071034,353273.0,100.0,74.1,28.9,11.3,3
75.0,337973.0,100.0,74.2,28.8,,3
91.70641208187385,336678.0,98.5,74.0,28.8,,3
85.79283422847861,301023.0,100.0,74.0,28.8,,3
92.53232789665324,324061.0,100.0,74.1,28.8,,3
75.0,335149.0,100.0,74.0,28.8,,3
95.84919772456283,334522.0,100.0,74.1,28.8,,3
100.0,367158.0,100.0,74.0,28.8,,3
90.71006529824292,344864.0,100.0,74.0,28.8,,3
87.45371033788568,339463.0,100.0,74.1,28.8,,3
85.58184486333978,371234.0,100.0,73.9,28.9,,3
80.51335016167548,306964.0,100.0,73.9,28.8,10.5,3
79.01443959299698,431826.0,100.0,74.1,28.8,10.4,3
92.24274321336463,362179.0,100.0,74.0,28.8,11.1,3
79.53988263765255,374933.0,100.0,74.1,28.8,,3
87.06742922837337,358566.0,100.0,74.0,28.8,,3
80.18703747309155,356410.0,100.0,74.1,28.8,,3
84.60933169434813,319375.0,100.0,74.0,28.8,,3
93.872850686458,288491.0,100.0,74.0,28.8,,3
92.51821011451321,377379.0,100.0,74.0,28.9,,3
80.96285059559007,317186.0,100.0,74.0,28.8,,3
86.21579454986878,361281.0,100.0,74.0,28.8,,3
86.7771600654862,367342.0,100.0,74.0,28.8,,3
100.0,329691.0,100.0,74.0,28.8,,3
75.0,383036.0,100.0,74.0,28.9,,3
100.0,365710.0,100.0,74.0,28.8,,3
79.29801059717066,345044.0,100.0,73.9,28.8,,3
79.05181212630694,375714.0,100.0,73.9,28.8,,3
77.18967677841252,337994.0,100.0,73.9,28.8,,3
79.96529738964875,355072.0,100.0,74.0,28.8,,3
85.06926658289794,357070.0,100.0,74.1,28.8,,3
88.17880443973092,310533.0,100.0,74.1,28.8,,3
93.01501650823218,348049.0,100.0,74.1,28.8,,3
80.0917679370728,439637.0,100.0,74.0,28.9,,3
91.811441333737,343869.0,100.0,74.0,28.8,,3
99.32163621361458,423672.0,100.0,74.0,28.9,,3
86.83720462148892,363895.0,100.0,74.1,28.8,,3
80.09597745597647,344112.0,92.5,74.0,28.8,,3
86.40749956992104,357393.0,100.0,74.0,28.8,,3
90.66208382909608,372393.0,100.0,74.1,28.8,,3
89.90114125039968,301570.0,100.0,73.9,28.8,,3
80.49226315407132,328143.0,100.0,73.9,28.8,,3
85.74207526461417,392030.0,100.0,74.0,28.8,,3
78.6964881051767,335703.0,100.0,74.0,28.8,,3
95.6240759857124,338004.0,100.0,74.0,28.8,,3
91.6833251987426,344418.0,100.0,73.9,28.8,,3
90.05426605859779,340861.0,100.0,73.9,28.8,,3
93.33652378182683,288197.0,100.0,74.0,28.8,,3
85.09350393289164,361862.0,100.0,73.9,28.8,10.8,3
92.26956198404955,409718.0,100.0,74.0,28.9,,3
84.87180266507539,409179.0,100.0,74.0,28.8,10.7,3
82.72780938672264,403145.0,100.0,73.9,28.8,10.6,3
94.53973701358697,313461.0,100.0,74.1,28.8,,3
90.45631389801457,347950.0,100.0,74.1,28.9,,3
93.0046767494,341069.0,100.0,73.8,28.8,,3
85.54203019470614,404763.0,100.0,73.9,28.8,,3
87.21023284435462,383056.0,100.0,73.9,28.8,,3
86.1971881196464,416666.0,100.0,74.0,28.8,,3
82.57332296531605,325434.0,100.0,74.1,28.8,,3
100.0,332202.0,100.0,74.0,28.8,,3
100.0,385673.0,100.0,73.9,28.8,,3
86.76280234751333,277468.0,100.0,73.9,28.8,,3
87.84545356582531,354065.0,100.0,74.0,28.8,,3
97.33774186643498,413537.0,100.0,73.9,28.8,,3
82.52010256685001,382047.0,100.0,74.0,28.8,10.6,3
94.1232172481068,392936.0,100.0,74.0,28.8,11.3,3
91.98951929708436,272300.0,100.0,74.0,28.8,,3
86.75662053977793,303771.0,100.0,73.9,28.8,10.8,3
86.3791538166554,389200.0,100.0,74.0,28.8,,3
90.44120668699978,395923.0,100.0,74.0,28.8,,3
90.73403136570832,298066.0,100.0,74.1,28.8,,3
75.0,355952.0,100.0,73.9,28.8,,3
86.28858826919068,310922.0,100.0,74.1,28.8,,3
75.0,320610.0,100.0,74.0,28.8,,3
86.4440681210818,376635.0,100.0,74.0,28.8,,3
89.50904865254384,414322.0,100.0,73.9,28.8,,3
79.71516755163685,385242.0,100.0,73.9,28.8,,3
88.37838994502982,377786.0,100.0,74.0,28.8,,3
84.50788109387565,392867.0,100.0,73.9,28.8,,3
90.36179806676193,322822.0,100.0,73.9,28.8,,3
87.90380776869449,340417.0,100.0,73.9,28.8,,3
91.91342680510235,302808.0,100.0,74.0,28.8,,3
87.76518638307445,365812.0,100.0,73.9,28.8,,3
88.26418645754427,403877.0,100.0,74.0,28.8,,3
94.19218219256842,349700.0,100.0,73.9,28.8,,3
89.73351277998138,361826.0,100.0,73.9,28.8,,3
91.22639683333459,276973.0,100.0,74.0,28.8,,3
85.58778963384522,290622.0,100.0,73.9,28.8,,3
98.22624757967588,347566.0,100.0,74.0,28.8,,3
86.45327240256302,385871.0,100.0,74.1,28.8,,3
91.378598379599,304854.0,100.0,73.9,28.8,,3
87.43275709978104,336593.0,100.0,74.0,28.8,,3
75.0,322388.0,100.0,74.0,28.8,,3
86.53167742386827,345401.0,100.0,73.9,28.8,,3
76.14214861058153,396066.0,100.0,73.9,28.8,,3
87.18317552886849,351502.0,100.0,74.0,28.8,,3
91.20513310671869,318476.0,100.0,74.0,28.8,,3
91.65084778506157,335317.0,100.0,74.0,28.8,11.1,3
80.82731567482247,372937.0,100.0,74.0,28.8,,3
99.93339087041446,378993.0,100.0,74.1,28.8,11.6,3
95.38382052112345,329174.0,100.0,74.0,28.8,,3
75.21904216665234,409605.0,100.0,74.0,28.8,,3
100.0,411712.0,100.0,74.1,28.8,,3
85.313712488162,303814.0,100.0,74.0,28.8,,3
79.47453841744347,282650.0,100.0,73.8,28.8,10.5,3
87.14097105271964,414227.0,100.0,74.1,28.8,,3
86.86669894502205,362092.0,100.0,74.0,28.8,,3
99.00477571443366,333836.0,100.0,73.9,28.8,,3
100.0,429683.0,100.0,73.9,28.8,11.6,3
86.95110929055613,326898.0,100.0,74.0,28.8,,3
93.5779043711225,336099.0,100.0,74.0,28.8,,3
78.74755826346131,401249.0,100.0,74.0,28.8,,3
97.73157909821664,356220.0,100.0,74.0,28.8,,3
77.89708197017458,300818.0,100.0,74.1,28.8,,3
88.85783430735322,330005.0,100.0,74.1,28.8,,3
85.27125654286714,390878.0,100.0,74.0,28.8,,3
93.86543453938046,405125.0,100.0,74.1,28.8,,3
80.07501421298194,336272.0,100.0,74.0,28.8,,3
94.0718535636809,367923.0,100.0,74.0,28.8,11.2,3
100.0,366821.0,100.0,74.1,28.8,,3
100.0,371600.0,100.0,74.0,28.8,,3
96.49733958070928,337059.0,100.0,74.1,28.8,,3
88.11429769507191,386437.0,100.0,74.0,28.8,,3
100.0,379169.0,100.0,74.0,28.7,,3
87.33462582452304,405093.0,100.0,74.1,28.8,,3
75.0,293110.0,100.0,74.1,28.8,,3
93.45307378934712,350564.0,100.0,74.0,28.8,,3
92.84410920899332,352576.0,100.0,74.0,28.8,,3
92.56756555683098,317423.0,100.0,74.0,28.8,,3
92.56388868863752,389776.0,98.5,74.0,28.8,,3
97.76440483144987,430542.0,100.0,74.0,28.8,,3
89.95278754801909,360956.0,100.0,74.1,28.8,,3
75.81462028660921,328743.0,100.0,74.1,28.7,,3
86.4553434079471,392012.0,100.0,74.1,28.8,,3
83.11199100728297,381853.0,100.0,74.2,28.8,,3
87.98702626429296,342913.0,100.0,74.2,28.7,,3
89.99115175306605,334353.0,100.0,74.0,28.7,,3
84.56770201525867,281808.0,100.0,74.0,28.8,,3
86.01636634137688,330801.0,100.0,74.1,28.8,,3
83.87215208520736,366674.0,100.0,74.0,28.8,,3
93.26905562232407,359287.0,100.0,74.0,28.7,,3
95.9633215235958,373022.0,100.0,74.0,28.8,11.4,3
85.63955048155486,331485.0,100.0,74.1,28.8,,3
90.50257789413477,372950.0,100.0,74.0,28.7,,3
99.18275445625198,397646.0,100.0,74.1,28.8,11.5,3
83.66821594794264,345919.0,100.0,74.0,28.7,,3
93.36814243934217,392719.0,100.0,74.0,28.8,,3
95.51175574963834,347444.0,100.0,74.0,28.8,,3
77.96781878057186,310042.0,100.0,74.0,28.7,10.4,3
90.18106811455532,363689.0,100.0,74.1,28.8,,3
79.21056501252492,351782.0,100.0,74.0,28.8,,3
93.04979485577427,303950.0,100.0,74.1,28.8,,3
96.83997761443531,334898.0,100.0,74.1,28.8,,3
98.06090490061321,328661.0,100.0,74.0,28.7,,3
79.78699613692658,331674.0,100.0,74.1,28.8,,3
87.23881501538143,334460.0,100.0,74.1,28.8,,3
86.2719886274151,363358.0,100.0,74.1,28.8,,3
86.6305650416288,347355.0,100.0,74.0,28.8,,3
75.0,365667.0,100.0,74.0,28.8,,3
87.28637361846665,414411.0,100.0,74.0,28.8,,3
80.48347866196833,277668.0,100.0,73.9,28.7,,3
92.94454795144034,363861.0,100.0,74.1,28.7,,3
79.93253583575083,288810.0,100.0,74.0,28.7,,3
100.0,406564.0,100.0,74.1,28.7,11.6,3
75.0,331671.0,100.0,74.1,28.8,,3
100.0,330957.0,100.0,74.0,28.8,,3
84.07510212778678,338689.0,100.0,74.0,28.8,,3
79.03282420985472,281808.0,100.0,74.1,28.8,,3
96.42037848587799,276282.0,100.0,74.0,28.7,11.4,3
89.97817161687004,385463.0,100.0,74.2,28.7,,3
76.39018960879073,313029.0,100.0,74.0,28.7,10.3,3
97.70543350713272,371315.0,100.0,74.1,28.7,,3
83.0617143449689,398089.0,100.0,74.0,28.7,10.7,3
97.65228578763441,360762.0,100.0,74.1,28.8,,3
80.7987181770107,333462.0,100.0,74.1,28.7,,3
90.29109395164312,342456.0,100.0,74.0,28.7,,3
95.51165742587881,288809.0,100.0,74.0,28.7,,3
76.0458917674701,357234.0,100.0,74.1,28.7,,3
84.06764468954476,324918.0,100.0,74.1,28.8,,3
75.0,350781.0,100.0,74.2,28.7,,3
87.57795913599388,376139.0,100.0,74.1,28.7,,3
88.55124906496778,344695.0,100.0,74.1,28.7,,3
97.4160050943227,297501.0,100.0,74.2,28.7,,3
92.29111375078061,283154.0,100.0,74.2,28.7,,3
81.29310495999354,301493.0,100.0,74.2,28.7,,3
94.25554028361535,347383.0,100.0,74.2,28.7,,3
87.89197404325618,305730.0,100.0,74.2,28.7,,3
85.60245203253689,319461.0,100.0,74.1,28.7,,3
91.06764011883372,310356.0,100.0,74.1,28.7,,3
98.63835492164061,282976.0,100.0,74.1,28.7,,3
81.5478413403475,417088.0,100.0,74.2,28.7,,3
84.51889001630373,297404.0,100.0,74.2,28.7,,3
89.75257250030135,330984.0,100.0,74.2,28.7,,3
81.31303795505356,306165.0,100.0,74.2,28.7,,3
100.0,339937.0,100.0,74.1,28.7,11.6,3
75.0,409748.0,100.0,74.1,28.7,,3
92.88856724088457,319341.0,100.0,74.2,28.7,,3
80.53504729051086,376938.0,100.0,74.2,28.7,,3
86.02465338008436,272960.0,100.0,74.2,28.7,,3
100.0,332640.0,100.0,74.2,28.7,,3
99.96457389185942,401137.0,100.0,74.3,28.7,,3
79.99192364413749,391327.0,100.0,74.2,28.7,10.5,3
82.78845960109055,275331.0,100.0,74.2,28.7,,3
84.60321467182285,365905.0,100.0,74.2,28.7,,3
84.2981068160293,337718.0,100.0,74.2,28.7,,3
97.14852835942891,354259.0,100.0,74.2,28.7,,3
81.25361350972038,378081.0,100.0,74.2,28.7,,3
89.58140453563396,249135.0,100.0,74.1,28.7,,3
91.42682331017159,365673.0,100.0,74.3,28.7,,3
88.16096903664688,385668.0,100.0,74.1,28.7,,3
82.62085132538799,363459.0,100.0,74.2,28.7,,3
75.46432503066117,366283.0,100.0,74.2,28.7,,3
100.0,310205.0,100.0,74.2,28.7,,3
81.92158294409779,321599.0,100.0,74.2,28.7,,3
89.03998580641276,307478.0,100.0,74.3,28.7,,3
91.36997902952784,383873.0,100.0,74.3,28.7,,3
92.27477770763028,279263.0,100.0,74.3,28.7,,3
95.96134132126885,387494.0,100.0,74.2,28.7,11.4,3
94.64129097877043,364913.0,100.0,74.2,28.7,,3
89.76151451364106,391295.0,100.0,74.2,28.7,,3
100.0,311878.0,100.0,74.2,28.7,,3
96.62500316635817,346551.0,100.0,74.3,28.7,,3
86.9626155837712,288538.0,100.0,74.3,28.7,,3
85.72168472387683,310109.0,100.0,74.3,28.7,,3
84.28916456395244,306072.0,100.0,74.2,28.7,,3
84.40873290149595,333755.0,100.0,74.3,28.7,,3
88.7740393475104,285410.0,100.0,74.3,28.7,,3
76.43585481803741,364476.0,100.0,74.4,28.7,,3
81.62049506343921,392981.0,100.0,74.3,28.7,,3
89.80215777612037,374270.0,100.0,74.3,28.7,,3
99.28553856336715,337611.0,100.0,74.4,28.7,,3
83.4041063566698,384868.0,100.0,74.3,28.7,,3
92.07610851143748,342506.0,100.0,74.4,28.7,,3
99.13166373564754,341510.0,100.0,74.3,28.7,,3
88.26218910044625,350848.0,100.0,74.4,28.7,,3
80.52324884081223,353103.0,100.0,74.5,28.6,,3
99.17408141918793,367798.0,100.0,74.4,28.7,,3
88.24850741119145,343529.0,100.0,74.4,28.7,,3
90.6469362272508,379990.0,100.0,74.3,28.7,,3
92.87391064711802,336725.0,100.0,74.5,28.7,,3
90.59825275288091,369197.0,100.0,74.4,28.7,,3
79.94244009978418,356729.0,100.0,74.4,28.7,,3
75.0,369301.0,100.0,74.3,28.7,,3
93.28274443650145,379901.0,100.0,74.3,28.7,,3
84.83962518264346,362361.0,100.0,74.4,28.7,,3
99.39163076432934,406550.0,100.0,74.4,28.7,,3
87.76661840618752,355572.0,100.0,74.3,28.7,,3
96.88728915787547,289967.0,100.0,74.4,28.7,,3
85.4153940585838,403422.0,100.0,74.4,28.7,,3
95.80160433347812,364770.0,100.0,74.4,28.7,,3
75.95334075735504,348003.0,100.0,74.4,28.7,,3
83.28067683000053,363241.0,100.0,74.5,28.7,,3
81.52522652164096,308971.0,100.0,74.4,28.7,,3
75.0,398872.0,100.0,74.3,28.7,,3
84.80183590845554,356285.0,100.0,74.4,28.7,,3
87.98209506820655,307302.0,100.0,74.5,28.7,,3
77.92748070841445,309787.0,100.0,74.4,28.7,,3
82.21465248936485,364664.0,100.0,74.4,28.7,,3
81.63425869183511,419859.0,100.0,74.4,28.7,,3
96.21720828714521,382334.0,100.0,74.4,28.7,,3
87.0427287802148,410571.0,100.0,74.5,28.7,,3
86.25595495103101,348749.0,100.0,74.4,28.7,,3
89.35979631799415,378072.0,100.0,74.5,28.7,,3
93.09526463202388,330994.0,100.0,74.5,28.7,,3
83.73605024459238,375596.0,100.0,74.5,28.7,,3
93.72189267112986,334265.0,100.0,74.6,28.7,,3
75.30249544257236,341707.0,100.0,74.4,28.7,,3
92.98820639060688,422216.0,100.0,74.5,28.7,,3
78.4163363012747,332937.0,100.0,74.5,28.7,10.4,3
84.88477150779698,404232.0,100.0,74.6,28.7,,3
87.72046799633094,313706.0,100.0,74.5,28.7,,3
92.46956226337456,333814.0,100.0,74.4,28.7,,3
78.20490181313636,314289.0,100.0,74.4,28.7,,3
100.0,365368.0,100.0,74.5,28.7,,3
88.86208044362034,340004.0,100.0,74.4,28.7,,3
90.33719073695039,361209.0,100.0,74.5,28.7,,3
90.33735062565862,354593.0,100.0,74.4,28.7,,3
94.95038670644439,350924.0,100.0,74.5,28.7,,3
80.17648931557889,325503.0,100.0,74.5,28.7,,3
75.0,431072.0,100.0,74.4,28.7,,3
94.9020367356215,316797.0,100.0,74.5,28.7,,3
85.7452412048232,324524.0,100.0,74.5,28.7,,3
100.0,293204.0,100.0,74.5,28.7,,3
88.91580847055023,345658.0,100.0,74.4,28.7,,3
94.61470904567291,345839.0,100.0,74.6,28.7,,3
75.0,339955.0,100.0,74.4,28.7,,3
80.2227022564534,353183.0,100.0,74.5,28.7,,3
99.47341629216261,280422.0,100.0,74.5,28.7,,3
81.59821811680077,327892.0,100.0,74.5,28.7,,3
84.9469512366943,379605.0,100.0,74.5,28.7,,3
86.6116446595089,366632.0,100.0,74.4,28.7,,3
82.99381565014579,359196.0,100.0,74.5,28.7,,3
94.22238104702171,320708.0,100.0,74.5,28.7,,3
94.25086495845211,352094.0,100.0,74.5,28.7,,3
96.36368192385802,341943.0,100.0,74.5,28.7,,3
91.0499572412968,348375.0,100.0,74.5,28.7,11.1,3
87.23030190367537,360357.0,100.0,74.5,28.6,,3
92.29445975379923,300017.0,100.0,74.5,28.7,,3
99.46906887054303,275613.0,100.0,74.5,28.7,,3
82.52150312208883,346229.0,100.0,74.4,28.7,10.6,3
91.29884775268758,413046.0,100.0,74.5,28.7,,3
75.0,329692.0,100.0,74.5,28.7,10.2,3
75.0,351264.0,100.0,74.5,28.7,,3
90.17346867600024,413631.0,100.0,74.5,28.7,,3
88.96507808714763,391761.0,92.0,74.6,28.7,,3
92.67069665231247,332590.0,100.0,74.5,28.7,,3
76.72831402566368,361000.0,100.0,74.5,28.6,,3
76.06318386283709,401808.0,100.0,74.5,28.7,,3
86.70350318370541,397807.0,100.0,74.4,28.7,,3
84.1582845269408,360754.0,100.0,74.5,28.7,,3
89.67479085867751,348198.0,100.0,74.6,28.7,,3
84.53872389282726,365698.0,100.0,74.6,28.6,,3
80.59069389213434,301622.0,100.0,74.5,28.7,,3
97.94261514661463,379086.0,100.0,74.6,28.7,,3
88.52713286881792,416605.0,100.0,74.6,28.7,,3
85.85787585020124,402908.0,100.0,74.6,28.7,,3
89.40459267940658,309009.0,100.0,74.7,28.7,,3
100.0,389628.0,100.0,74.5,28.6,,3
87.03183175192349,379086.0,100.0,74.6,28.7,10.8,3
84.77037252801675,383165.0,100.0,74.7,28.6,,3
75.0,309207.0,100.0,74.6,28.7,,3
95.83407795429571,340013.0,100.0,74.6,28.7,11.3,3
89.66033835910993,296128.0,93.0,74.6,28.7,,3
100.0,397621.0,100.0,74.7,28.7,,3
86.39451825299736,333812.0,100.0,74.5,28.7,,3
96.23683489135755,429298.0,100.0,74.6,28.7,,3
95.63008204649083,436872.0,100.0,74.6,28.7,,3
80.62118936750466,317224.0,100.0,74.7,28.6,10.5,3
78.48847105557321,367670.0,100.0,74.7,28.7,10.3,3
89.40482839843496,343921.0,100.0,74.6,28.7,,3
94.47406902498639,399293.0,100.0,74.6,28.7,,3
75.79470072570527,326121.0,100.0,74.7,28.6,,3
94.56114875298448,331290.0,100.0,74.7,28.7,,3
81.61435138913477,390741.0,100.0,74.7,28.6,,3
77.68399944220816,337936.0,100.0,74.7,28.7,,3
90.62915220643846,327047.0,100.0,74.7,28.7,,3
94.2652452481054,327244.0,100.0,74.6,28.7,,3
99.26895594756735,344970.0,100.0,74.7,28.6,,3
93.37016109364282,379840.0,100.0,74.6,28.6,,3
82.97967997804741,267860.0,100.0,74.7,28.7,,3
90.88604603731068,352891.0,100.0,74.6,28.6,,3
92.44660822060102,340938.0,100.0,74.7,28.7,11.1,3
84.55657840959427,430338.0,100.0,74.8,28.7,10.7,3
76.22116750791378,379358.0,91.5,74.8,28.7,,3
83.40318513453288,336568.0,100.0,74.7,28.6,10.7,3
85.46317733940828,317862.0,100.0,74.7,28.7,,3
92.56979368188992,405625.0,100.0,74.8,28.6,,3
91.76010928997329,354135.0,100.0,74.7,28.7,11.1,3
80.10847600720602,370673.0,100.0,74.7,28.7,,3
100.0,334772.0,100.0,74.7,28.7,11.6,3
84.99213136518507,327556.0,100.0,74.7,28.7,,3
84.08468612404464,240188.0,100.0,74.8,28.7,,3
91.24028308684571,316177.0,100.0,74.8,28.6,,3
75.1178950496656,380127.0,100.0,74.8,28.7,,3
79.34385771966451,336453.0,100.0,74.8,28.6,,3
99.73153912950863,293631.0,100.0,74.8,28.7,,3
75.7392141232179,360772.0,100.0,74.8,28.7,,3
97.19589891208295,287026.0,100.0,74.7,28.6,11.4,3
91.26151789469742,373239.0,100.0,74.7,28.7,,3
75.0,381940.0,100.0,74.8,28.6,10.2,3
95.01284703873743,337528.0,100.0,74.8,28.6,,3
98.01877089838406,395458.0,100.0,74.8,28.6,,3
88.82494340573764,331942.0,100.0,74.8,28.7,,3
80.21737685933634,348497.0,100.0,74.9,28.6,,3
92.55807135763344,337032.0,100.0,74.8,28.7,,3
75.0,400748.0,100.0,74.9,28.6,,3
89.52178577475915,334815.0,100.0,75.0,28.7,,3
94.8572671073863,410985.0,100.0,74.8,28.6,11.3,3
75.0,367370.0,100.0,74.9,28.7,,3
76.58680631351723,369964.0,100.0,74.8,28.7,10.2,3
89.02341761899663,375429.0,100.0,74.9,28.6,,3
84.00601908404276,275070.0,100.0,75.0,28.7,,3
84.39705446994665,366273.0,100.0,74.9,28.6,,3
96.12313862940178,303126.0,100.0,74.9,28.6,,3
96.21648341498414,324085.0,100.0,74.8,28.6,11.4,3
90.89959905275622,329604.0,100.0,74.9,28.6,,3
89.45736502169682,385675.0,100.0,74.9,28.6,,3
78.18388738169172,322803.0,100.0,74.8,28.7,,3
89.47970069873669,446063.0,100.0,74.9,28.6,,3
81.09448230266537,431605.0,100.0,74.8,28.6,,3
100.0,346107.0,100.0,74.8,28.6,,3
85.6147797904008,322317.0,100.0,74.9,28.7,,3
87.45437975733864,293731.0,100.0,74.9,28.6,,3
87.39008786143522,409875.0,100.0,74.8,28.6,,3
83.11131950018626,340371.0,100.0,74.9,28.6,,3
75.0,364962.0,100.0,74.9,28.6,,3
90.11585347961099,352548.0,100.0,74.9,28.7,11.0,3
86.26538359822285,338289.0,100.0,74.9,28.7,,3
92.01520186960538,348847.0,100.0,74.8,28.6,,3
90.51977497244266,358599.0,100.0,74.9,28.6,,3
96.9874182967661,377079.0,100.0,75.0,28.7,11.4,3
89.54289474520152,410736.0,100.0,74.8,28.6,,3
91.3621482324525,402198.0,100.0,74.8,28.6,11.1,3
92.8555408670931,276323.0,100.0,75.0,28.6,,3
98.43867810655463,355407.0,100.0,75.0,28.6,,3
87.58436183279377,361253.0,100.0,75.0,28.6,,3
85.24013470434346,359081.0,100.0,74.9,28.6,10.7,3
83.26499146925526,400970.0,100.0,75.0,28.6,,3
87.0912950910316,334696.0,100.0,75.0,28.6,,3
80.60059347424581,360751.0,100.0,75.0,28.7,,3
89.49685680100073,365536.0,100.0,74.9,28.6,,3
79.78198489995897,285952.0,100.0,75.0,28.6,10.4,3
93.00473042005248,409385.0,100.0,75.0,28.6,,3
79.78917102088083,413577.0,100.0,75.0,28.7,10.4,3
90.27128846989105,349717.0,100.0,74.9,28.6,,3
84.81961042763378,294619.0,100.0,75.0,28.6,,3
95.9018281273968,318975.0,100.0,75.0,28.6,11.3,3
81.7615465940992,389677.0,100.0,75.0,28.6,,3
75.0,289056.0,100.0,75.0,28.6,,3
87.85492605193535,361731.0,100.0,75.1,28.6,,3
91.8778771837514,337928.0,100.0,75.0,28.6,,3
100.0,340884.0,100.0,75.1,28.6,,3
86.15371078317823,318120.0,100.0,75.1,28.6,,3
88.99125453216857,374598.0,100.0,75.0,28.6,,3
97.62862443626769,290428.0,100.0,75.1,28.6,,3
86.03203729315439,367868.0,100.0,75.1,28.6,,3
92.69646027675628,350261.0,100.0,75.0,28.6,11.2,3
92.33939175625682,317641.0,100.0,75.1,28.7,,3
100.0,389705.0,100.0,75.2,28.7,,3
77.24057770347862,306995.0,100.0,75.2,28.7,,3
79.62462599914475,377118.0,100.0,75.1,28.6,,3
77.72217786866027,336759.0,100.0,75.1,28.6,,3
91.6376351713342,347353.0,100.0,75.2,28.7,,3
90.07110012570165,307367.0,100.0,75.0,28.7,,3
92.75883498717796,325471.0,100.0,75.0,28.7,,3
85.40304260481648,359509.0,100.0,75.1,28.7,,3
88.82462577224679,350959.0,100.0,75.1,28.7,,3
81.99498542418596,338018.0,100.0,75.2,28.7,,3
88.0174687266963,294996.0,100.0,75.1,28.6,10.9,3
84.29973626949297,365507.0,100.0,75.1,28.7,,3
77.78050716923725,396263.0,100.0,75.1,28.6,,3
98.15690610079875,300193.0,100.0,75.1,28.7,11.4,3
98.86095706440112,344256.0,100.0,75.3,28.7,,3
91.34811647325644,330133.0,100.0,75.3,28.6,,3
95.3843586178141,366243.0,100.0,75.3,28.6,,3
81.48677394721918,303391.0,100.0,75.4,28.7,,3
76.31758051832622,357517.0,100.0,75.3,28.7,,3
92.57977129423789,376038.0,100.0,75.3,28.7,,3
87.05615124314097,303720.0,100.0,75.2,28.7,,3
82.54340161580974,396093.0,100.0,75.2,28.7,,3
84.12297148319935,355736.0,100.0,75.3,28.7,,3
79.3947961314009,363463.0,100.0,75.4,28.7,,3
84.33852350656738,391868.0,100.0,75.4,28.7,,3
94.18846164965451,330171.0,100.0,76.5,28.7,,3
86.98668778121869,327955.0,100.0,76.3,28.7,,3
76.64453442763993,315702.0,100.0,76.3,28.7,,3
89.58573862176657,363010.0,100.0,76.0,28.8,,3
89.18838322874112,337930.0,100.0,76.0,28.8,10.8,3
95.46453284576788,352541.0,100.0,75.9,28.8,,3
93.62603062476758,279048.0,100.0,75.7,28.7,,3
75.0,361351.0,100.0,75.5,28.8,,3
76.60187477022808,341501.0,100.0,75.8,28.8,,3
85.58322367180315,413496.0,100.0,75.5,28.7,,3
91.19997242354886,356634.0,100.0,75.5,28.8,,3
94.6959292370694,364739.0,100.0,75.5,28.8,11.1,3
84.33858405609253,392859.0,99.5,75.4,28.7,,3
79.1219989768938,362929.0,100.0,75.3,28.7,,3
75.61944164690951,358157.0,100.0,75.4,28.8,,3
89.54391713418343,417058.0,100.0,75.2,28.8,,3
75.48020885246576,325964.0,100.0,75.2,28.8,,3
94.58145941259315,363412.0,100.0,75.3,28.8,,3
89.44244041070003,311754.0,100.0,75.2,28.8,,3
83.27345321526856,399801.0,100.0,75.1,28.7,,3
87.58792644996858,365014.0,100.0,75.3,28.8,,3
87.07849336978816,302676.0,100.0,75.1,28.8,,3
95.47048340859997,370129.0,100.0,75.3,28.7,,3
100.0,309376.0,100.0,75.1,28.8,,3
94.58058336960384,297538.0,100.0,75.1,28.8,,3
89.25877254138462,389060.0,100.0,75.1,28.8,,3
75.0,341802.0,100.0,75.2,28.7,,3
83.49432212765903,321921.0,100.0,75.2,28.8,,3
91.08170121807484,394827.0,100.0,75.3,28.7,,3
86.93377027816676,358219.0,100.0,75.2,28.7,,3
88.91447002447399,350072.0,100.0,75.2,28.7,,3
79.28525889830316,394337.0,100.0,75.2,28.7,10.3,3
90.36156294527069,365795.0,100.0,75.1,28.7,11.0,3
81.54792296779534,331631.0,100.0,75.1,28.8,,3
86.59092641831377,288635.0,100.0,75.2,28.7,,3
75.0,325970.0,100.0,75.1,28.8,,3
92.18016613153912,323874.0,100.0,75.3,28.7,11.1,3
79.84955841927429,317412.0,100.0,75.2,28.7,,3
84.3572606148375,335845.0,100.0,75.1,28.7,,3
100.0,392184.0,100.0,75.2,28.7,,3
96.19819289825382,396743.0,100.0,75.3,28.7,,3
80.0094330453276,301105.0,100.0,75.2,28.7,,3
79.14503766772755,403380.0,100.0,75.2,28.7,,3
83.62246568894007,299945.0,100.0,75.2,28.7,,3
84.5520303982415,340455.0,100.0,75.2,28.7,,3
90.1473061895565,360038.0,98.5,75.3,28.7,,3
81.37455548901194,377426.0,100.0,75.4,28.7,,3
82.88645172999874,343748.0,100.0,75.2,28.7,,3
93.49419256402685,324327.0,100.0,75.2,28.7,11.1,3
83.4451886113509,373666.0,100.0,75.1,28.7,,3
81.13813458715984,334608.0,99.5,75.2,28.7,10.4,3
92.44593742434314,432163.0,100.0,75.2,28.7,,3
92.84323603810198,368905.0,100.0,75.2,28.7,,3
92.24641266938184,307072.0,100.0,75.2,28.7,,3
88.92477390943927,348809.0,100.0,75.3,28.7,,3
90.57267632298205,354660.0,100.0,75.4,28.7,,3
91.0375974193369,337541.0,100.0,75.4,28.7,,3
88.46887133897434,300886.0,100.0,75.3,28.7,,3
85.44074177597669,405633.0,100.0,75.6,28.7,,3
90.55046671702604,349163.0,100.0,75.4,28.7,11.0,3
100.0,295566.0,100.0,75.4,28.7,,3
79.12435555643025,418508.0,100.0,75.3,28.7,,3
88.36768748839147,340296.0,100.0,75.3,28.7,,3
78.40636539923486,367907.0,100.0,75.3,28.7,,3
92.35567895621969,306220.0,100.0,75.5,28.7,,3
86.87779531559657,336579.0,100.0,75.5,28.7,,3
90.04781717135018,305229.0,100.0,75.3,28.7,,3
98.01557963610526,386632.0,100.0,75.4,28.7,,3
85.09459553013747,341343.0,100.0,75.4,28.7,,3
86.90862279777907,318867.0,100.0,75.5,28.7,,3
84.45256465411971,339189.0,100.0,75.4,28.7,10.6,3
100.0,387864.0,100.0,75.4,28.7,,3
95.47723765869299,364797.0,100.0,75.4,28.7,,3
79.06138392855013,348340.0,100.0,75.4,28.7,,3
95.76390767690704,299669.0,100.0,75.5,28.7,,3
93.09242565498612,442904.0,100.0,75.5,28.7,,3
96.49453316791785,406561.0,100.0,75.4,28.7,,3
89.74671000353729,388717.0,100.0,75.5,28.7,,3
82.25717428516772,381834.0,100.0,75.5,28.7,,3
93.2351050724861,361596.0,100.0,75.4,28.7,,3
98.52805935774799,328448.0,100.0,75.4,28.7,,3
86.5035398682107,353818.0,100.0,75.5,28.7,,3
79.7631122312848,359077.0,100.0,75.4,28.7,10.3,3
75.0,391878.0,100.0,75.6,28.7,,3
88.37309893252772,329164.0,100.0,75.5,28.7,,3
81.32501110163903,340616.0,100.0,75.5,28.7,10.4,3
93.50607768617931,371909.0,100.0,75.6,28.7,,3
82.35569642177231,316158.0,100.0,75.5,28.7,,3
93.25518965055718,321106.0,100.0,75.6,28.7,,3
88.47927819263603,354950.0,100.0,75.6,28.7,10.8,3
90.49649705381391,384330.0,100.0,75.5,28.7,,3
77.89629650506141,273553.0,100.0,75.7,28.7,,3
83.46042175017318,422061.0,100.0,75.5,28.7,,3
100.0,423247.0,100.0,75.5,28.7,,3
86.45614905791449,278715.0,100.0,75.7,28.7,,3
75.0,325438.0,100.0,75.5,28.7,,3
86.41541095880513,402025.0,100.0,75.5,28.7,,3
94.94244367633956,359096.0,100.0,75.6,28.7,,3
80.88124183247086,311568.0,100.0,75.5,28.7,,3
90.03302149657148,377882.0,100.0,75.6,28.7,10.9,3
91.13505009796468,308616.0,100.0,75.5,28.7,,3
93.20534103033668,367036.0,100.0,75.7,28.7,,3
79.43466875047858,318627.0,100.0,75.6,28.7,,3
93.50796779649254,340619.0,100.0,75.8,28.7,11.1,3
100.0,370045.0,100.0,75.7,28.7,,3
84.10695049448584,349591.0,100.0,75.5,28.7,,3
88.50706714110174,320864.0,100.0,75.7,28.7,,3
80.69929441457899,378055.0,100.0,75.5,28.7,,3
94.76218637633677,374151.0,100.0,75.6,28.7,11.2,3
100.0,328329.0,100.0,75.6,28.7,,3
100.0,313963.0,100.0,75.6,28.7,,3
79.89851549305206,279601.0,100.0,75.8,28.7,,3
84.43363748938546,329851.0,100.0,75.7,28.7,,3
92.2074982420372,359755.0,100.0,75.9,28.7,,3
78.4562130318469,334290.0,100.0,75.7,28.7,,3
85.02830383129852,278960.0,100.0,75.6,28.7,,3
80.15242618389304,319167.0,100.0,75.8,28.7,,3
99.46900015856757,357658.0,100.0,75.8,28.7,,3
93.29735003158,290054.0,100.0,75.6,28.7,,3
97.55371586411194,402044.0,100.0,75.7,28.7,,3
75.0,321787.0,100.0,75.8,28.7,,3
91.96612458412409,375775.0,100.0,75.8,28.7,,3
82.57204215610223,337780.0,100.0,75.6,28.7,10.5,3
83.22095151163886,354416.0,100.0,75.6,28.7,,3
97.5774282516953,319158.0,100.0,75.7,28.7,,3
96.00656398214731,318733.0,100.0,75.7,28.7,,3
81.21898230002492,382743.0,100.0,75.8,28.7,,3
95.37549102406093,384056.0,100.0,75.5,28.7,,3
77.47362073425487,331361.0,100.0,75.7,28.7,,3
94.58390873602657,351661.0,100.0,75.8,28.7,,3
79.41045723042029,368332.0,100.0,75.9,28.7,,3
82.28154192806824,421780.0,100.0,75.7,28.7,,3
100.0,374163.0,100.0,75.8,28.7,,3
98.88805363815818,352591.0,100.0,75.7,28.7,,3
94.12349995500013,409108.0,100.0,75.8,28.7,,3
89.9639894543545,339792.0,100.0,75.8,28.7,10.9,3
75.0,346674.0,100.0,75.8,28.7,,3
94.5873854764985,387825.0,100.0,75.7,28.7,,3
92.03492052574728,328348.0,100.0,75.8,28.7,,3
75.0,330191.0,100.0,75.7,28.7,,3
85.56524103156839,337482.0,100.0,75.9,28.7,,3
92.9484508558234,429427.0,100.0,75.6,28.7,,3
88.98823361472874,341330.0,100.0,75.7,28.7,,3
85.92622549596726,354975.0,100.0,75.8,28.7,,3
81.3736499172128,354807.0,100.0,75.8,28.7,,3
91.6064986906544,358387.0,100.0,75.6,28.7,,3
91.66033547203826,367349.0,100.0,75.8,28.7,,3
75.0,375474.0,100.0,75.8,28.7,,3
82.63188123470037,306166.0,100.0,75.7,28.7,10.5,3
79.16438537716003,367341.0,100.0,75.8,28.7,,3
86.21940058220117,282721.0,100.0,75.8,28.7,,3
91.82430252153827,292415.0,100.0,75.9,28.7,,3
89.11857086814568,359539.0,100.0,75.8,28.7,,3
95.08461665356036,421267.0,100.0,76.0,28.7,,3
77.08258939279567,347901.0,100.0,75.9,28.7,,3
85.78931763964626,367349.0,100.0,75.8,28.7,10.6,3
89.72535016746895,335898.0,100.0,75.9,28.7,,3
84.47278249111315,305341.0,100.0,75.9,28.7,,3
95.90289265925207,368368.0,100.0,75.9,28.7,,3
95.3421455823611,337584.0,100.0,75.9,28.7,,3
82.74531625044456,306867.0,100.0,75.8,28.7,,3
90.87134066992527,308408.0,100.0,75.9,28.7,,3
100.0,297694.0,100.0,75.8,28.7,,3
90.18928095370002,412674.0,100.0,75.9,28.7,,3
92.79271807411047,357026.0,100.0,75.8,28.7,,3
80.25213082430483,294729.0,100.0,75.8,28.7,,3
94.16040087134068,410245.0,100.0,75.9,28.7,,3
84.48920007617463,304437.0,100.0,75.8,28.7,,3
75.0,310769.0,100.0,75.7,28.7,,3
87.09074526000768,413964.0,100.0,75.8,28.7,,3
93.38506953786374,362203.0,100.0,75.6,28.7,,3
84.79904270959095,326673.0,100.0,75.9,28.7,,3
99.2451807800637,358029.0,100.0,75.8,28.7,,3
75.0,323058.0,100.0,75.7,28.7,,3
81.134271745827,328149.0,100.0,75.8,28.7,,3
92.50328528228069,345702.0,100.0,75.8,28.7,,3
87.3850767439707,402538.0,100.0,75.8,28.7,,3
82.4283112817065,424567.0,100.0,75.9,28.7,,3
82.62953926903131,353567.0,100.0,75.8,28.7,10.5,3
85.75037123677787,354936.0,100.0,75.8,28.7,,3
91.55673596058503,367353.0,100.0,75.8,28.7,,3
81.97506135503536,305083.0,100.0,75.7,28.7,,3
100.0,330640.0,100.0,75.8,28.7,,3
93.5936995093759,285694.0,100.0,75.9,28.7,,3
85.76309824076259,344912.0,100.0,75.8,28.7,,3
91.78252055942266,241101.0,100.0,76.0,28.7,,3
89.32912490462664,304010.0,100.0,75.9,28.7,,3
90.5947656895594,308546.0,100.0,76.0,28.7,,3
81.15613843259536,339054.0,100.0,75.8,28.7,10.4,3
79.58136424317443,330978.0,100.0,76.0,28.7,,3
78.45299385165347,276673.0,100.0,76.0,28.7,,3
96.14365641943488,298158.0,100.0,75.9,28.7,,3
86.57055289913613,380115.0,100.0,75.9,28.7,10.7,3
83.08044717987165,316993.0,100.0,75.9,28.7,,3
89.80990470933938,394717.0,100.0,75.9,28.7,,3
78.64547787930825,343994.0,100.0,75.9,28.7,,3
75.0,334271.0,100.0,76.0,28.7,,3
88.2736374763046,315815.0,100.0,75.8,28.7,,3
84.34406532939815,293670.0,100.0,75.9,28.7,,3
88.61662889105195,392227.0,100.0,75.8,28.7,,3
79.2228490418363,325093.0,100.0,75.9,28.7,,3
92.02036997163346,398483.0,100.0,75.9,28.7,,3
76.05448150232854,343248.0,100.0,75.8,28.7,,3
90.2650465785562,345917.0,100.0,75.9,28.7,,3
75.0,370043.0,100.0,75.9,28.7,,3
100.0,354666.0,100.0,75.9,28.7,,3
79.7511515736459,329474.0,100.0,75.9,28.7,,3
100.0,386398.0,100.0,75.9,28.7,,3
93.12021294707463,364256.0,100.0,76.0,28.7,,3
82.71090310247222,341977.0,100.0,75.8,28.7,,3
87.37661811457187,371982.0,100.0,76.0,28.7,,3
100.0,394733.0,100.0,75.9,28.7,,3
76.64492515363168,358959.0,100.0,76.0,28.7,,3
93.89410676134318,374754.0,100.0,76.0,28.7,,3
82.96612989290064,466564.0,100.0,76.0,28.7,,3
77.78332350135105,306672.0,100.0,75.9,28.7,,3
89.86876065009261,434672.0,100.0,76.0,28.7,,3
81.31044119436663,339366.0,100.0,76.1,28.7,,3
96.61834938412554,349285.0,100.0,76.0,28.7,11.2,3
85.32316916375764,372625.0,100.0,76.0,28.7,,3
90.18014392183674,391217.0,100.0,76.1,28.7,,3
98.33175111252291,362280.0,100.0,75.9,28.7,,3
90.33386180302647,358564.0,100.0,75.9,28.7,,3
91.9130444531943,352206.0,100.0,76.1,28.7,,3
87.99513214142168,397865.0,100.0,75.9,28.7,,3
100.0,289697.0,100.0,76.0,28.7,,3
88.08016921392455,322452.0,100.0,76.1,28.7,,3
85.51222826811141,366100.0,100.0,76.0,28.7,10.6,3
93.35550697233975,345514.0,100.0,76.0,28.7,,3
75.0,311398.0,100.0,75.9,28.7,,3
95.17199736160133,240382.0,100.0,76.0,28.7,,3
97.499417213456,370849.0,100.0,75.9,28.7,,3
98.52940865224018,342057.0,100.0,76.0,28.7,,3
75.0,367214.0,100.0,76.0,28.7,,3
98.19722499230673,386988.0,100.0,76.0,28.7,11.3,3
82.69846813209571,353470.0,100.0,75.9,28.7,,3
83.7373098497606,317229.0,100.0,75.9,28.7,,3
95.64310856943881,302098.0,100.0,76.1,28.7,,3
80.8494685553471,305838.0,100.0,75.9,28.7,,3
76.07801981360763,355856.0,100.0,75.9,28.7,,3
97.2920243878558,342604.0,99.0,75.9,28.7,,3
75.95401759548668,383597.0,100.0,76.1,28.7,,3
100.0,324150.0,100.0,76.0,28.7,,3
84.17156586625825,370626.0,100.0,76.0,28.7,,3
100.0,329206.0,100.0,76.0,28.7,,3
77.34040175201436,375256.0,100.0,75.9,28.7,10.2,3
94.3925445851384,350245.0,100.0,76.0,28.7,,3
83.5349339227404,389775.0,100.0,76.1,28.7,,3
92.22428803638371,319262.0,100.0,76.1,28.7,,3
88.39275785044538,295931.0,100.0,76.2,28.7,,3
93.48712365150337,339510.0,100.0,76.0,28.7,,3
84.5143133409221,348685.0,100.0,76.1,28.7,,3
88.32246159464198,385797.0,100.0,76.1,28.7,,3
92.72872425060177,343743.0,100.0,76.0,28.7,11.0,3
94.10934519775196,366029.0,100.0,76.1,28.7,,3
84.5872029097117,345011.0,100.0,75.9,28.7,,3
86.81421688925504,370210.0,100.0,76.1,28.7,,3
85.06381908222687,334383.0,100.0,76.1,28.7,,3
100.0,387589.0,100.0,75.9,28.7,,3
81.91519468459889,372837.0,100.0,76.0,28.7,,3
88.94680052524141,365662.0,100.0,76.0,28.7,,3
89.09873059652084,397585.0,100.0,76.2,28.7,,3
90.76496275721156,347516.0,100.0,76.0,28.7,,3
96.33752461586414,359331.0,100.0,76.0,28.7,,3
88.97182863463246,362560.0,100.0,76.2,28.7,,3
87.25112781306906,350369.0,100.0,76.1,28.7,,3
83.30644328990502,319953.0,100.0,76.1,28.7,,3
80.01143690814048,294320.0,100.0,76.1,28.7,,3
80.96226110892354,343029.0,100.0,76.1,28.7,,3
88.8249406595651,339148.0,100.0,76.1,28.7,,3
75.0,412983.0,100.0,75.9,28.7,10.0,3
96.69184098312306,367830.0,100.0,76.1,28.7,,3
100.0,310905.0,100.0,76.0,28.7,,3
100.0,311391.0,100.0,76.1,28.7,,3
89.90990340233085,299046.0,100.0,76.1,28.7,,3
88.11755276435494,365446.0,100.0,76.1,28.7,10.7,3
86.76247735092356,378555.0,100.0,76.1,28.7,,3
88.79211559589805,329103.0,100.0,76.0,28.7,,3
83.46549345758129,382436.0,100.0,76.0,28.7,,3
82.77006376154426,386616.0,100.0,76.0,28.7,10.5,3
97.78169434265544,283251.0,100.0,76.1,28.7,,3
97.06341109840828,432416.0,100.0,76.0,28.7,,3
90.01603008961543,373963.0,100.0,76.2,28.7,,3
96.29604259495326,338980.0,100.0,76.1,28.7,,3
89.45824178830296,297432.0,100.0,76.0,28.7,,3
89.10908022824361,369924.0,100.0,76.1,28.7,,3
92.12930418341176,392616.0,100.0,76.1,28.7,,3
81.80158257491577,328695.0,100.0,76.0,28.7,,3
100.0,343986.0,100.0,76.0,28.7,,3
89.60027029849863,347319.0,100.0,76.0,28.7,,3
81.42655338955981,414941.0,100.0,76.1,28.7,,3
83.77838870463515,304908.0,100.0,76.1,28.7,,3
84.39407778157799,269931.0,100.0,76.1,28.7,10.5,3
82.78970028013454,311274.0,100.0,76.0,28.7,,3
92.9394290474186,323063.0,100.0,76.1,28.7,,3
95.10243148463078,405939.0,100.0,76.1,28.7,,3
94.2494026903008,341384.0,100.0,76.1,28.7,11.1,3
89.12891597364474,289000.0,100.0,76.1,28.7,,3
86.92976501983009,315582.0,100.0,75.9,28.7,,3
93.55461104919439,452910.0,100.0,76.1,28.7,,3
91.99857308779048,270354.0,100.0,76.2,28.7,,3
85.11015845668501,354899.0,100.0,76.2,28.7,,3
88.6988594020821,320767.0,100.0,76.1,28.7,10.8,3
89.96233394109548,300299.0,100.0,76.1,28.7,,3
80.44073021851946,375831.0,100.0,76.1,28.7,,3
79.8746941529614,371528.0,100.0,76.2,28.7,,3
77.04428980275154,420593.0,100.0,76.0,28.7,,3
81.80584062076757,341053.0,100.0,76.1,28.7,,3
90.64490608872325,327386.0,100.0,76.1,28.7,,3
89.14724768857043,373014.0,100.0,76.1,28.7,,3
95.68490586002788,381659.0,100.0,76.2,28.7,11.2,3
86.62551628957861,344134.0,100.0,76.1,28.7,,3
100.0,387995.0,100.0,76.1,28.7,,3
80.62541074943829,353999.0,100.0,76.1,28.7,,3
85.31885488977446,344586.0,100.0,76.1,28.7,,3
78.1640387383353,333523.0,100.0,76.0,28.7,,3
100.0,373163.0,96.0,76.2,28.7,,3
75.0,398668.0,100.0,76.2,28.7,,3
96.7170361832733,335628.0,100.0,76.1,28.7,,3
93.73810835026572,315624.0,100.0,76.1,28.7,,3
84.23795426986914,409941.0,100.0,76.3,28.7,,3
85.82615968104233,275210.0,100.0,76.2,28.7,10.6,3
87.49357421774931,346856.0,100.0,76.3,28.7,,3
97.58694855498767,350573.0,100.0,76.3,28.7,,3
84.62734150847766,391802.0,100.0,76.3,28.7,,3
88.96632186000888,319999.0,100.0,76.1,28.7,10.8,3
97.23998048433295,357746.0,100.0,76.2,28.7,,3
88.0234077334355,357116.0,100.0,76.2,28.7,,3
79.43465302866723,328893.0,100.0,76.2,28.7,10.2,3
88.02866081466226,342213.0,100.0,76.2,28.7,10.7,3
98.17942706253277,358696.0,100.0,76.3,28.7,,3
94.83923138109122,350375.0,100.0,76.3,28.7,,3
96.45030786996898,365901.0,100.0,76.2,28.7,,3
88.10736388310768,349468.0,100.0,76.2,28.7,,3
80.36449098967229,370276.0,100.0,76.2,28.7,,3
87.67836212370896,329920.0,100.0,76.2,28.7,,3
96.85169416649657,299991.0,95.0,76.4,28.7,,3
84.62003283654053,391108.0,100.0,76.3,28.7,,3
90.52418352736203,348085.0,100.0,76.3,28.7,,3
90.00802834520117,357176.0,100.0,76.2,28.7,,3
75.86669962971263,336029.0,100.0,76.1,28.7,10.1,3
100.0,323627.0,100.0,76.1,28.7,,3
85.45359188716533,328335.0,100.0,76.1,28.7,,3
87.3038782134549,326675.0,100.0,76.3,28.7,,3
91.89393201726448,357892.0,100.0,76.2,28.7,,3
94.18838092085615,307962.0,100.0,76.2,28.7,,3
85.27727613693678,340971.0,100.0,76.2,28.7,,3
91.64517528070876,318271.0,100.0,76.3,28.7,,3
95.32523043406675,397456.0,100.0,76.2,28.7,,3
80.08902121891533,330365.0,100.0,76.1,28.7,10.3,3
83.74454793366326,455295.0,100.0,76.2,28.7,,3
84.5607991583369,417105.0,100.0,76.2,28.7,,3
77.86694403914713,310413.0,100.0,76.1,28.7,,3
82.5071637452144,316172.0,100.0,76.2,28.7,,3
85.85681012673201,321648.0,100.0,76.2,28.7,,3
81.44526725812341,396338.0,100.0,76.2,28.7,,3
97.79034898010532,387971.0,100.0,76.3,28.7,,3
92.19199164467463,353709.0,100.0,76.1,28.8,,3
84.02375447467273,311873.0,100.0,76.2,28.7,,3
90.9039656274615,303054.0,100.0,76.2,28.7,10.9,3
80.04863256659685,396116.0,100.0,76.3,28.7,,3
100.0,365731.0,100.0,76.3,28.7,,3
96.85165721835716,340166.0,100.0,76.2,28.7,,3
77.29860651129853,374486.0,100.0,76.2,28.7,,3
92.55431458616052,352866.0,100.0,76.3,28.7,,3
86.0609963351591,388488.0,100.0,76.2,28.7,,3
80.11413573258021,319048.0,100.0,76.2,28.7,,3
79.93514794591658,353398.0,100.0,76.1,28.7,,3
79.29685590312593,322630.0,100.0,76.1,28.7,,3
82.35395550218242,339575.0,100.0,76.1,28.7,,3
76.10100442876819,353488.0,100.0,76.1,28.7,,3
97.97842920531743,355419.0,100.0,76.2,28.7,,3
100.0,403359.0,100.0,76.1,28.7,11.4,3
94.22188037798284,352987.0,100.0,76.2,28.7,,3
88.18000310596352,380551.0,100.0,76.2,28.7,,3
84.86663512396774,274699.0,100.0,76.2,28.7,,3
91.93603243282368,304757.0,100.0,76.2,28.7,,3
80.30287017447692,350008.0,100.0,76.2,28.7,,3
87.23900097957224,293516.0,100.0,76.3,28.7,,3
89.32393251306512,388645.0,100.0,76.3,28.7,,3
78.97326743787374,400899.0,100.0,76.3,28.7,,3
75.51863339896045,434692.0,100.0,76.3,28.7,,3
84.70991655613213,355824.0,100.0,76.1,28.7,,3
75.0,347514.0,100.0,76.0,28.7,10.0,3
89.82785742174553,346553.0,100.0,76.2,28.7,,3
83.49535138358101,312137.0,100.0,76.2,28.7,,3
97.04421295629848,351232.0,100.0,76.2,28.7,,3
100.0,328940.0,100.0,76.1,28.7,,3
84.52164245302227,382623.0,100.0,76.2,28.7,,3
75.01620030397149,301461.0,100.0,76.1,28.7,,3
96.7798797708253,303122.0,100.0,76.2,28.7,,3
75.0,424741.0,100.0,76.2,28.7,10.0,3
76.84945881700635,357364.0,100.0,76.1,28.7,,3
88.55268154179417,237574.0,100.0,76.2,28.7,,3
85.86146381465753,367936.0,100.0,76.2,28.7,,3
90.83447505215088,386140.0,100.0,76.2,28.7,,3
84.90006948075653,378500.0,100.0,76.2,28.7,,3
82.48536745535942,293581.0,100.0,76.1,28.7,,3
77.61817299455014,291515.0,100.0,76.1,28.7,,3
96.07668774312955,289417.0,100.0,76.2,28.7,11.2,3
90.19231072519443,339363.0,100.0,76.1,28.7,,3
87.17881141239495,404544.0,92.5,76.1,28.7,10.1,3
84.49258106227781,374464.0,100.0,76.0,28.7,10.6,3
88.30050681104889,343919.0,100.0,76.1,28.7,,3
100.0,292346.0,100.0,76.3,28.7,,3
98.31305468349956,376256.0,100.0,76.2,28.7,,3
84.16380004294572,415172.0,100.0,76.3,28.7,,3
75.0,329129.0,100.0,76.2,28.7,,3
78.33214236584739,366483.0,100.0,76.1,28.7,,3
79.09548719050258,367322.0,100.0,76.1,28.7,,3
86.50850867342757,330825.0,100.0,76.1,28.7,,3
91.10917796826648,339255.0,100.0,75.9,28.7,,3
79.29092125552769,462054.0,100.0,76.1,28.7,,3
84.10266253576684,261295.0,100.0,76.1,28.7,,3
81.26321048222889,299308.0,100.0,76.2,28.7,,3
94.60916492832412,362866.0,100.0,76.0,28.7,,3
91.18970241432275,335199.0,100.0,76.2,28.7,,3
85.76519802354463,335162.0,100.0,76.1,28.7,,3
87.35045452691624,383413.0,100.0,76.0,28.7,10.7,3
90.68860330004277,370004.0,99.5,76.0,28.7,,3
91.99647126599362,385377.0,100.0,76.0,28.7,,3
90.30520033232203,364353.0,100.0,76.1,28.7,,3
97.51044992954525,323398.0,100.0,76.3,28.7,,3
81.15405936038795,302563.0,100.0,76.1,28.7,,3
89.46331650896205,275850.0,100.0,76.1,28.7,,3
91.69723276847742,345632.0,100.0,76.2,28.7,,3
97.07711759856845,323123.0,100.0,76.0,28.7,,3
86.37345371665995,394888.0,100.0,76.1,28.7,,3
99.06508517422522,322793.0,100.0,76.2,28.7,,3
89.45424986069727,361776.0,100.0,76.1,28.7,10.8,3
90.98922724496919,339496.0,100.0,76.2,28.7,,3
98.25106718498908,274411.0,100.0,76.2,28.7,11.3,3
84.63095812159133,367917.0,100.0,76.1,28.7,,3
91.65779849559475,404110.0,100.0,76.2,28.7,,3
97.5858031456103,338578.0,100.0,76.1,28.7,,3
98.39896994824484,321438.0,100.0,76.2,28.7,,3
95.4470990623347,422420.0,100.0,76.1,28.7,,3
97.71955285483975,354230.0,100.0,76.2,28.7,,3
85.34576982582303,288856.0,100.0,76.1,28.7,,3
90.48431710331363,305391.0,100.0,76.2,28.7,,3
81.6549226910885,302370.0,100.0,76.2,28.7,,3
84.31686133874676,348881.0,100.0,76.1,28.7,,3
90.18891664932565,325979.0,100.0,76.3,28.7,10.8,3
96.55426965116146,341671.0,100.0,76.3,28.7,11.2,3
81.69822053387584,359051.0,100.0,76.3,28.7,,3
100.0,363406.0,100.0,76.3,28.7,,3
85.09715498101114,288901.0,100.0,76.3,28.7,,3
86.24470143222344,359397.0,100.0,76.4,28.7,,3
84.89935286995544,283384.0,100.0,76.4,28.6,,3
81.19547688397253,408181.0,100.0,76.4,28.7,,3
99.47200802984369,314534.0,100.0,76.5,28.7,,3
93.38205429759537,302857.0,100.0,76.5,28.7,,3
99.23453025595961,359809.0,100.0,76.4,28.7,,3
95.59713198893228,281396.0,100.0,76.5,28.7,11.1,3
93.42109681539911,349693.0,100.0,76.5,28.7,,3
94.81543256632673,386594.0,100.0,76.6,28.7,,3
88.526277515798,325966.0,100.0,76.5,28.7,,3
94.23756945743595,347593.0,100.0,76.5,28.7,,3
81.01772037177886,313193.0,100.0,76.4,28.7,,3
76.18268466950094,329588.0,100.0,76.4,28.7,,3
96.82153636859502,357113.0,100.0,76.4,28.7,11.2,3
83.76185835261568,382194.0,100.0,76.4,28.7,,3
81.34018702621289,353814.0,100.0,76.5,28.7,,3
86.56295701819587,381165.0,100.0,76.3,28.7,,3
75.38217303264399,315992.0,100.0,76.4,28.7,,3
75.0,339616.0,100.0,76.4,28.7,,3
97.69142002905944,329782.0,100.0,76.5,28.7,,3
83.91452849443479,384868.0,100.0,76.5,28.7,10.5,3
96.54839646764239,346457.0,100.0,76.3,28.7,,3
93.47771883239913,306921.0,100.0,76.4,28.7,,3
99.02379467140331,435948.0,100.0,76.4,28.7,,3
92.1697263295098,266626.0,100.0,76.4,28.7,,3
83.53415790081773,374513.0,100.0,76.4,28.7,,3
84.6281360226691,400887.0,100.0,76.4,28.7,,3
92.70525811548693,321740.0,100.0,76.4,28.7,11.0,3
88.25811848617002,314246.0,100.0,76.4,28.7,,3
86.53932097270047,327816.0,100.0,76.4,28.7,,3
97.39809440186431,434640.0,100.0,76.4,28.7,,3
76.55049333411398,273071.0,100.0,76.4,28.7,,3
86.03862062518891,289263.0,100.0,76.4,28.7,,3
88.36969282936734,379957.0,100.0,76.5,28.7,,3
99.9531351781346,358055.0,100.0,76.5,28.7,,3
86.45475820120336,270864.0,100.0,76.4,28.7,,3
88.20948119348638,352851.0,100.0,76.4,28.7,10.7,3
93.11165451370196,321660.0,100.0,76.5,28.7,,3
84.51957919811312,290879.0,100.0,76.4,28.7,,3
75.0,305660.0,100.0,76.4,28.7,,3
75.43739348597586,363468.0,100.0,76.4,28.7,,3
83.85492754666514,328470.0,100.0,76.3,28.7,,3
80.1246956305983,220697.0,100.0,76.3,28.7,,3
100.0,309989.0,100.0,76.5,28.7,,3
84.70063944120075,291804.0,100.0,76.5,28.7,10.5,3
95.77544274752508,355737.0,100.0,76.5,28.7,,3
81.38907771787305,334310.0,100.0,76.4,28.7,,3
100.0,347081.0,100.0,76.4,28.7,,3
86.54613169907276,312344.0,100.0,76.5,28.7,,3
75.0,343598.0,100.0,76.6,28.7,,3
90.60388089859694,393983.0,100.0,76.5,28.7,,3
75.0,304996.0,100.0,76.6,28.7,,3
83.35407127554839,349860.0,100.0,76.7,28.7,,3
86.83973046777263,345132.0,100.0,76.6,28.7,,3
91.26476846855955,313868.0,100.0,76.6,28.7,,3
95.47313153786956,367338.0,100.0,76.5,28.7,11.1,3
85.44134188697537,414036.0,100.0,76.5,28.7,,3
100.0,387315.0,100.0,76.5,28.7,11.4,3
75.0,413157.0,100.0,76.5,28.7,,3
94.35806817977547,430256.0,100.0,76.5,28.7,,3
97.8997167338683,413133.0,100.0,76.6,28.7,,3
95.02923880144303,403947.0,100.0,76.6,28.7,,3
100.0,358662.0,100.0,76.6,28.7,,3
75.42215564737496,337701.0,100.0,76.7,28.7,10.0,3
91.11956479506749,352995.0,100.0,76.6,28.7,,3
78.02750427072459,284757.0,100.0,76.6,28.7,,3
82.07069865092137,382309.0,100.0,76.8,28.7,,3
100.0,386662.0,100.0,76.6,28.7,,3
96.45941829691309,346767.0,100.0,76.7,28.7,,3
75.0,331791.0,100.0,76.6,28.7,,3
85.92988470502097,330117.0,100.0,76.7,28.7,,3
88.43755892299701,367656.0,100.0,76.7,28.7,,3
94.82412150594799,338875.0,100.0,76.7,28.7,,3
75.0,330684.0,100.0,76.7,28.7,10.0,3
88.34968317593587,398912.0,100.0,76.8,28.7,,3
83.45753726252715,370501.0,100.0,76.7,28.8,,3
90.32070319708346,351756.0,100.0,76.7,28.7,,3
95.44426655459674,323566.0,100.0,76.7,28.8,,3
83.39850840285187,349523.0,100.0,76.6,28.8,,3
82.8788279592504,370320.0,100.0,76.7,28.7,,3
82.29446156507093,359052.0,100.0,76.7,28.7,,3
87.19861784970595,358597.0,100.0,76.8,28.7,,3
84.32206883949569,336436.0,100.0,76.8,28.8,,3
88.7680741439764,358082.0,100.0,76.8,28.8,,3
87.96638467687075,418214.0,100.0,76.8,28.8,,3
80.07410465006973,347431.0,100.0,76.6,28.7,,3
75.41096782306413,364883.0,100.0,76.7,28.8,,3
79.07802770898549,338867.0,100.0,76.7,28.7,,3
85.02348539734939,361235.0,100.0,76.6,28.8,,3
83.57767265963857,326187.0,100.0,76.5,28.8,,3
99.48685171268718,361382.0,100.0,76.5,28.8,,3
83.51159318382186,339966.0,100.0,76.4,28.8,,3
100.0,340593.0,100.0,76.4,28.7,11.4,3
82.4857870147809,322600.0,100.0,76.4,28.8,,3
83.60698815208337,326220.0,100.0,76.4,28.8,,3
77.76281721320606,305031.0,100.0,76.4,28.8,,3
81.36543700510904,373662.0,100.0,76.3,28.8,,3
84.95010170181702,341713.0,100.0,76.3,28.8,,3
98.16070420203917,401800.0,100.0,76.3,28.8,,3
85.74300045489812,324765.0,100.0,76.2,28.8,,3
81.0845574906117,377711.0,100.0,76.1,28.8,,3
86.36234213182169,334540.0,100.0,76.1,28.8,,3
81.49068339889958,319213.0,100.0,76.1,28.7,,3
90.56046553194595,297382.0,100.0,76.1,28.8,,3
95.9589495503035,328646.0,100.0,76.2,28.8,,3
86.80291244598565,296520.0,100.0,76.1,28.8,,3
87.90107249406108,336867.0,100.0,76.0,28.7,,3
87.59935520914827,408868.0,100.0,76.1,28.8,,3
89.42158436632192,318213.0,100.0,76.1,28.8,,3
82.30944071562746,373805.0,100.0,76.2,28.7,,3
98.38954632794739,361276.0,100.0,76.1,28.8,,3
93.50970195643815,374389.0,100.0,76.2,28.8,,3
99.35251530686017,272016.0,100.0,76.1,28.8,,3
93.33775151443622,389349.0,100.0,76.1,28.8,11.0,3
77.29021035091542,314573.0,100.0,76.1,28.7,,3
81.19373801097477,320848.0,100.0,76.3,28.7,10.3,3
84.1462635925158,359704.0,100.0,76.2,28.8,,3
94.92539720933895,393252.0,100.0,76.3,28.8,,3
81.29741551065774,316211.0,100.0,76.1,28.8,,3
98.52657472012979,375869.0,100.0,76.1,28.8,11.3,3
88.66291873495197,368933.0,100.0,76.2,28.8,,3
87.76156974518848,370983.0,100.0,76.3,28.7,,3
85.31146642795407,360752.0,100.0,76.3,28.7,,3
75.91563159704403,322488.0,100.0,76.2,28.7,,3
82.58391058567724,335024.0,100.0,76.2,28.7,,3
80.58789396176202,328658.0,100.0,76.3,28.7,,3
75.88468750081503,371948.0,100.0,76.4,28.7,,3
87.33989184870885,281791.0,100.0,76.3,28.7,,3
81.32136071562661,363464.0,100.0,76.3,28.7,,3
83.65582442891369,322122.0,98.5,76.3,28.7,,3
87.40325858393538,363743.0,100.0,76.3,28.7,,3
76.50918034368672,372005.0,100.0,76.2,28.7,,3
81.59765374714098,349282.0,100.0,76.2,28.7,,3
87.71663887446792,328917.0,100.0,76.3,28.8,,3
79.81072203095428,338572.0,100.0,76.4,28.8,,3
100.0,295532.0,100.0,76.4,28.7,,3
100.0,339611.0,100.0,76.4,28.8,,3
88.28297133670911,306531.0,100.0,76.4,28.7,,3
81.82984466658016,329883.0,100.0,76.4,28.7,,3
79.6344402329767,341643.0,100.0,76.4,28.7,,3
84.74387286554582,424031.0,100.0,76.3,28.8,,3
78.67220651455631,354107.0,100.0,76.4,28.7,,3
89.9827702552146,307187.0,100.0,76.3,28.7,,3
93.49461996362271,334066.0,100.0,76.3,28.7,,3
75.0,376393.0,100.0,76.4,28.7,,3
79.06447292718109,308089.0,100.0,76.4,28.8,,3
93.50321666313918,336113.0,100.0,76.3,28.7,,3
95.342177204412,398406.0,100.0,76.4,28.8,,3
82.84057231742162,381730.0,100.0,76.4,28.7,,3
81.95631358885694,439324.0,100.0,76.4,28.7,,3
82.45634396375029,391043.0,100.0,76.4,28.7,,3
94.75032020705261,362643.0,100.0,76.4,28.7,,3
82.63565470866654,343944.0,100.0,76.3,28.7,,3
75.0,358976.0,100.0,76.3,28.7,,3
90.79692264822708,355339.0,100.0,76.3,28.7,,3
75.0,299374.0,100.0,76.3,28.8,,3
82.0152721372107,361666.0,100.0,76.4,28.7,,3
90.31471124514388,343191.0,100.0,76.3,28.8,,3
93.08196429283166,308950.0,100.0,76.4,28.8,,3
92.88188004555197,368989.0,100.0,76.3,28.8,,3
91.02043786270329,342718.0,100.0,76.4,28.7,,3
100.0,369727.0,100.0,76.4,28.7,,3
80.25331309397153,359932.0,100.0,76.3,28.8,,3
94.01986701659375,326475.0,100.0,76.4,28.8,,3
96.71417797544879,365281.0,100.0,76.3,28.7,11.2,3
75.0,361986.0,100.0,76.2,28.8,,3
84.75176676469827,371487.0,100.0,76.4,28.8,,3
95.55371872201451,357806.0,100.0,76.3,28.8,,3
100.0,342851.0,100.0,76.4,28.8,,3
92.99854258443101,382197.0,100.0,76.4,28.8,,3
87.22123224885814,381150.0,100.0,76.4,28.8,,3
83.24261610270266,333097.0,100.0,76.4,28.8,10.4,3
77.5000904773095,359656.0,100.0,76.4,28.8,,3
90.60201340683476,397170.0,100.0,76.3,28.7,,3
94.32912003484707,338608.0,100.0,76.3,28.8,,3
78.57456250132579,367314.0,100.0,76.3,28.8,,3
96.88602537931713,380207.0,100.0,76.3,28.7,11.2,3
96.6758201988583,341524.0,100.0,76.3,28.8,,3
84.26704825459484,320523.0,99.0,76.4,28.8,,3
87.55282826709123,346856.0,100.0,76.3,28.8,,3
89.65342102831293,344828.0,100.0,76.3,28.8,,3
86.93097816218582,318932.0,100.0,76.4,28.8,,3
95.53295210841193,353060.0,100.0,76.4,28.7,,3
86.60444852571774,320102.0,100.0,76.3,28.8,,3
77.3446951168713,402318.0,100.0,76.3,28.8,,3
92.43710966505446,285043.0,100.0,76.4,28.8,,3
94.10513840567725,386899.0,100.0,76.3,28.8,,3
88.99500897840744,413924.0,100.0,76.4,28.8,,3
89.73375713698306,293327.0,100.0,76.2,28.7,,3
90.92135200838656,359795.0,100.0,76.4,28.8,10.8,3
83.17362520977476,372942.0,100.0,76.4,28.8,10.4,3
75.0,389622.0,100.0,76.2,28.8,,3
80.97502637115637,310602.0,100.0,76.3,28.8,,3
87.08940182154018,367318.0,100.0,76.4,28.8,,3
89.31139250874743,320293.0,100.0,76.3,28.8,,3
83.9512856704649,304678.0,100.0,76.3,28.8,,3
86.20256078696104,393000.0,100.0,76.2,28.8,,3
87.96589649884899,384376.0,100.0,76.5,28.8,,3
99.64321070180954,326479.0,100.0,76.2,28.8,,3
86.50741397555709,436847.0,100.0,76.3,28.8,,3
99.55474729583956,283103.0,100.0,76.2,28.7,,3
91.09718652848726,350022.0,100.0,76.3,28.8,,3
94.6116248868701,320200.0,100.0,76.2,28.8,,3
81.28313302367462,322957.0,100.0,76.2,28.8,,3
83.42457163041254,382612.0,100.0,76.3,28.8,,3
78.55039061480896,325095.0,100.0,76.3,28.8,,3
75.0,390284.0,100.0,76.2,28.8,,3
98.16824079544912,336917.0,100.0,76.2,28.7,,3
85.61640508149422,368128.0,100.0,76.3,28.8,,3
99.79585605902605,366344.0,100.0,76.3,28.8,,3
82.41966446019909,285247.0,100.0,76.3,28.8,,3
79.0789898986921,352928.0,100.0,76.3,28.8,,3
82.75737981439364,357798.0,100.0,76.4,28.7,,3
83.57660787011012,307674.0,100.0,76.3,28.7,,3
78.58374694837543,412494.0,100.0,76.4,28.8,,3
95.11190199346915,419220.0,100.0,76.3,28.8,,3
92.31960720604083,332800.0,100.0,76.2,28.8,,3
98.58672737991951,348677.0,100.0,76.3,28.8,,3
89.76673416232282,348287.0,100.0,76.2,28.8,,3
75.0,414189.0,100.0,76.3,28.8,,3
91.92803156766203,363192.0,100.0,76.2,28.8,,3
87.50579150183552,356537.0,100.0,76.3,28.8,,3
83.22176851323002,374663.0,100.0,76.3,28.8,,3
77.54321324480694,357442.0,100.0,76.3,28.8,,3
92.49258776456884,342053.0,100.0,76.3,28.8,,3
90.9669423397682,310346.0,100.0,76.3,28.8,10.8,3
80.27338583283229,359468.0,100.0,76.3,28.8,,3
93.42839723696841,275005.0,100.0,76.3,28.7,,3
92.17616508088614,328271.0,100.0,76.3,28.8,,3
86.4575513015407,296419.0,100.0,76.4,28.7,,3
81.18706207850633,388645.0,100.0,76.3,28.8,,3
88.2629069918417,334688.0,100.0,76.2,28.8,,3
87.06809317895173,369568.0,100.0,76.4,28.8,,3
91.5239559693067,346998.0,100.0,76.3,28.8,,3
96.74367288717335,388818.0,100.0,76.3,28.8,,3
91.30697623304317,352184.0,100.0,76.3,28.7,,3
93.25856876095631,362570.0,100.0,76.3,28.8,,3
96.48640057444759,385982.0,100.0,76.3,28.7,,3
79.85396878865816,306561.0,100.0,76.3,28.8,,3
82.39000364476739,389045.0,100.0,76.3,28.8,,3
75.38952802583003,365790.0,100.0,76.4,28.8,,3
90.90034472874369,396505.0,100.0,76.4,28.8,,3
89.4427095253111,296271.0,100.0,76.3,28.8,,3
80.32516031481502,302720.0,100.0,76.4,28.8,,3
83.69644826933488,342683.0,100.0,76.4,28.8,,3
78.67646779023154,408826.0,100.0,76.4,28.8,,3
77.39774902438047,403844.0,100.0,76.4,28.8,,3
97.48130425151473,385932.0,100.0,76.2,28.8,,3
82.449867140026,363698.0,100.0,76.4,28.8,,3
77.78103093159505,386436.0,100.0,76.4,28.8,,3
87.40812174770984,333627.0,100.0,76.4,28.8,,3
78.21004122674985,250899.0,100.0,76.2,28.8,,3
79.69167314371396,394511.0,100.0,76.4,28.7,,3
84.77733257220157,343226.0,100.0,76.3,28.8,,3
93.24443486630763,422226.0,100.0,76.4,28.8,,3
98.60003723956511,311106.0,100.0,76.3,28.7,,3
75.0,444384.0,100.0,76.4,28.8,,3
100.0,357538.0,100.0,76.4,28.7,,3
77.83609403534543,388529.0,100.0,76.3,28.8,,3
87.13613051189913,345480.0,100.0,76.4,28.7,,3
95.15567074484103,363374.0,100.0,76.3,28.8,11.1,3
78.51348071188043,337010.0,100.0,76.4,28.8,,3
93.28922342929077,370410.0,100.0,76.4,28.7,,3
90.09613259486781,387336.0,100.0,76.3,28.8,,3
85.10626409746189,357146.0,100.0,76.4,28.8,,3
75.0,332013.0,100.0,76.4,28.8,,3
94.11122326860516,334384.0,100.0,76.5,28.8,,3
84.2701808662631,308341.0,100.0,76.3,28.8,10.5,3
96.02692714183317,371938.0,100.0,76.4,28.8,,3
94.60331678258468,280951.0,100.0,76.3,28.8,,3
86.71639965387493,338795.0,100.0,76.3,28.8,,3
85.75542634721158,325358.0,100.0,76.3,28.8,,3
85.23116582575987,383985.0,100.0,76.4,28.8,10.5,3
75.0,421091.0,100.0,76.4,28.8,,3
91.8707290002117,348306.0,100.0,76.4,28.8,,3
95.25467317098341,291926.0,100.0,76.4,28.8,,3
82.68239275879189,345156.0,100.0,76.3,28.8,,3
98.92448296345742,348140.0,100.0,76.5,28.7,,3
91.60043736948117,326416.0,100.0,76.4,28.7,,3
91.89473655173992,417089.0,100.0,76.3,28.8,,3
95.96421353339291,346741.0,100.0,76.4,28.8,,3
93.40392677812376,373100.0,100.0,76.3,28.8,,3
92.0527013735782,394478.0,100.0,76.4,28.8,,3
96.83582163069973,344913.0,100.0,76.4,28.8,,3
93.13503249182216,334676.0,100.0,76.3,28.8,,3
80.61542082947538,339220.0,100.0,76.4,28.8,10.3,3
87.38977478608334,283536.0,100.0,76.4,28.8,,3
94.88266047533376,239306.0,100.0,76.3,28.7,,3
100.0,410075.0,100.0,76.4,28.8,,3
85.91193020662149,350377.0,100.0,76.4,28.7,,3
90.42377498869827,326433.0,100.0,76.3,28.8,,3
89.5409531806955,344240.0,100.0,76.2,28.7,,3
87.24581826215227,357258.0,100.0,76.4,28.8,10.6,3
77.49177761316804,351582.0,100.0,76.4,28.7,10.1,3
89.30758197293981,355153.0,100.0,76.5,28.8,,3
86.27335395651076,395514.0,100.0,76.3,28.7,,3
85.1707795609476,359093.0,100.0,76.4,28.8,,3
98.37838027140437,346824.0,100.0,76.4,28.8,,3
89.7157061397404,346144.0,100.0,76.3,28.8,,3
97.8989583485088,339691.0,100.0,76.3,28.7,,3
98.26683661830565,345856.0,100.0,76.5,28.8,,3
81.12432221241586,377174.0,100.0,76.4,28.8,,3
85.56265732995475,374820.0,100.0,76.5,28.8,,3
75.0,350208.0,100.0,76.4,28.8,9.9,3
84.32315760994015,307469.0,100.0,76.5,28.8,,3
83.5740719852816,327051.0,100.0,76.3,28.8,10.4,3
87.61611364119535,295306.0,100.0,76.4,28.8,,3
90.53019024207771,404648.0,100.0,76.5,28.8,,3
90.24742797558261,382359.0,100.0,76.3,28.8,,3
96.75649963691036,399459.0,100.0,76.4,28.8,,3
100.0,330031.0,100.0,76.3,28.8,,3
82.25212811871107,381338.0,100.0,76.3,28.8,,3
93.6661297572592,381027.0,100.0,76.3,28.8,,3
100.0,350454.0,100.0,76.3,28.8,,3
91.40925247716947,310784.0,100.0,76.4,28.8,,3
100.0,336538.0,100.0,76.4,28.8,,3
85.53427257471336,336130.0,100.0,76.4,28.7,,3
82.8408331308453,320822.0,100.0,76.5,28.8,10.4,3
83.8103657368838,295368.0,100.0,76.4,28.8,,3
81.71745663789409,427958.0,100.0,76.3,28.7,,3
93.88524114913095,387036.0,100.0,76.5,28.8,,3
97.41767029933531,423365.0,100.0,76.4,28.8,,3
75.0,300804.0,100.0,76.4,28.8,,3
81.57021071284252,331210.0,100.0,76.3,28.8,,3
85.59544487531801,332120.0,100.0,76.3,28.8,,3
89.75447130505643,351411.0,100.0,76.4,28.8,,3
82.217321638574,262978.0,100.0,76.4,28.7,,3
80.05705035697042,328030.0,100.0,76.5,28.8,,3
86.02336450553824,304813.0,100.0,76.3,28.8,,3
84.07354826802865,304760.0,100.0,76.4,28.8,,3
86.99344518761333,307076.0,100.0,76.4,28.8,,3
81.20876274903628,297652.0,100.0,76.4,28.8,,3
86.77199443544173,315342.0,100.0,76.4,28.8,,3
95.25427413340344,366234.0,100.0,76.4,28.7,,3
87.44118505453086,318100.0,100.0,76.4,28.7,,3
91.04416244253042,377628.0,100.0,76.4,28.8,,3
89.14150729761305,414148.0,100.0,76.4,28.8,10.7,3
91.67709854459852,386544.0,100.0,76.4,28.7,,3
89.06852332428782,377026.0,100.0,76.4,28.8,,3
81.6257501386466,331664.0,100.0,76.4,28.8,,3
90.79490842785904,363683.0,100.0,76.5,28.8,,3
92.06089458354597,394015.0,100.0,76.4,28.8,,3
76.6002306254767,311021.0,100.0,76.4,28.7,,3
89.83658112859402,321025.0,100.0,76.5,28.8,,3
100.0,370628.0,100.0,76.5,28.8,,3
87.37335320855874,329381.0,100.0,76.4,28.8,,3
84.15870173445565,351205.0,100.0,76.4,28.8,,3
88.89585546097007,331732.0,100.0,76.4,28.8,,3
85.81478202784079,403771.0,100.0,76.4,28.7,,3
99.07603970120827,360081.0,100.0,76.3,28.7,,3
77.2699221821061,371540.0,100.0,76.4,28.8,,3
100.0,404791.0,100.0,76.4,28.8,,3
93.87540682247733,406896.0,100.0,76.4,28.8,,3
88.42707417983218,375124.0,100.0,76.4,28.7,10.7,3
82.55379546939855,361690.0,100.0,76.4,28.7,,3
98.6362739517642,326423.0,100.0,76.3,28.8,,3
81.10845256428571,353899.0,100.0,76.3,28.8,,3
86.18670237020801,375965.0,100.0,76.3,28.8,,3
84.37392379242367,418737.0,100.0,76.4,28.7,,3
77.68259121631155,400149.0,100.0,76.5,28.8,,3
81.88120617353518,278160.0,100.0,76.4,28.8,,3
89.90300125079094,339815.0,100.0,76.4,28.7,,3
79.12312505677575,282744.0,100.0,76.4,28.8,,3
87.93311370182835,389033.0,100.0,76.4,28.8,,3
92.67962794469156,352268.0,100.0,76.4,28.7,,3
91.83078058574188,348911.0,100.0,76.4,28.7,,3
76.56220605575703,293164.0,100.0,76.3,28.8,10.0,3
86.37465176812258,343573.0,100.0,76.4,28.8,10.6,3
94.80786142805412,380292.0,100.0,76.4,28.8,,3
92.8410641260716,338788.0,100.0,76.4,28.8,,3
76.95478263911889,366482.0,100.0,76.4,28.8,,3
92.20135450609735,254458.0,100.0,76.4,28.8,,3
81.3252945073387,322357.0,100.0,76.4,28.8,,3
88.94680160898749,317865.0,100.0,76.5,28.7,,3
87.69492344940288,341578.0,100.0,76.4,28.7,,3
86.72680422769818,321344.0,100.0,76.4,28.8,10.6,3
82.88811956746657,306789.0,100.0,76.5,28.8,,3
91.04053952459066,372844.0,100.0,76.5,28.7,,3
81.8350563989973,410825.0,100.0,76.5,28.8,,3
85.4831884204636,411207.0,100.0,76.5,28.8,,3
82.86298260934717,268936.0,100.0,76.5,28.8,,3
91.21758259929881,359941.0,100.0,76.4,28.7,,3
88.27515036246066,324310.0,100.0,76.4,28.7,,3
87.72342219611345,329549.0,100.0,76.4,28.7,,3
85.581203469346,383665.0,100.0,76.5,28.7,,3
89.47373783624074,374398.0,100.0,76.4,28.7,,3
86.14505194699368,336319.0,100.0,76.4,28.7,,3
78.77213975289085,335198.0,100.0,76.5,28.7,,3
75.0,326391.0,100.0,76.5,28.7,,3
87.34500658247329,372546.0,100.0,76.6,28.7,,3
85.85057697980035,363906.0,100.0,76.4,28.8,,3
75.0,347726.0,100.0,76.5,28.7,,3
75.0,301667.0,100.0,76.5,28.7,,3
86.50267561708911,401050.0,100.0,76.5,28.8,,3
90.96965410776048,350729.0,100.0,76.5,28.7,,3
87.84375688426319,321454.0,100.0,76.4,28.7,,3
83.64813269301852,367095.0,100.0,76.5,28.7,10.5,3
76.91711585244404,373722.0,100.0,76.5,28.7,,3
84.89194346304917,383022.0,100.0,76.6,28.7,,3
95.68874765785667,283076.0,100.0,76.4,28.7,,3
83.34735389418225,315778.0,100.0,76.4,28.7,,3
75.0,308698.0,100.0,76.5,28.7,,3
100.0,374380.0,100.0,76.4,28.7,,3
100.0,383163.0,100.0,76.5,28.7,,3
82.0652547119322,334729.0,100.0,76.4,28.7,,3
92.70748944192246,367500.0,100.0,76.4,28.7,,3
83.38126387433333,289600.0,100.0,76.4,28.7,10.4,3
100.0,344354.0,100.0,76.4,28.7,,3
85.39408885453904,354533.0,100.0,76.5,28.7,,3
86.05817128551178,354909.0,100.0,76.5,28.7,,3
98.29557828893135,345018.0,100.0,76.5,28.7,,3
78.69831648537792,343534.0,100.0,76.4,28.7,,3
84.28478574872071,406955.0,100.0,76.4,28.7,,3
97.36895251790057,354301.0,100.0,76.5,28.7,,3
77.77011316144595,300964.0,100.0,76.5,28.7,,3
88.12098609267643,363452.0,100.0,76.5,28.7,,3
85.00301744539156,330793.0,100.0,76.4,28.7,,3
83.25760613457082,349064.0,100.0,76.6,28.7,10.4,3
75.0,305946.0,100.0,76.4,28.7,,3
82.9835932364212,398300.0,100.0,76.4,28.7,,3
81.48949086456857,357218.0,100.0,76.5,28.7,10.3,3
89.81234200744797,401916.0,100.0,76.5,28.7,,3
98.1006192557132,347699.0,99.0,76.6,28.7,,3
84.19612207048446,323446.0,100.0,76.5,28.7,,3
86.07149422027375,332638.0,100.0,76.6,28.7,,3
92.42901927486585,366812.0,100.0,76.6,28.7,,3
92.73440952916013,400371.0,100.0,76.6,28.7,,3
100.0,354986.0,100.0,76.5,28.7,,3
96.79571017116523,335933.0,100.0,76.6,28.7,,3
97.48005586866412,392460.0,100.0,76.6,28.7,11.2,3
96.06732775954393,353762.0,100.0,76.5,28.7,,3
82.6531346880729,294218.0,100.0,76.5,28.7,,3
87.67970233983121,411320.0,100.0,76.4,28.7,,3
85.52124078908741,381405.0,100.0,76.4,28.7,,3
94.75161120415144,338652.0,100.0,76.5,28.7,11.1,3
98.53075870015616,233653.0,100.0,76.4,28.7,,3
78.2179977700946,313374.0,100.0,76.3,28.7,,3
81.44227981706088,363450.0,100.0,76.4,28.7,,3
90.32030242443122,365759.0,100.0,76.5,28.7,,3
92.7686519530599,311995.0,100.0,76.4,28.6,,3
78.25459146554145,365852.0,100.0,76.4,28.7,,3
82.95814341082848,287180.0,100.0,76.4,28.7,10.4,3
95.77075427633186,405804.0,100.0,76.4,28.7,,3
100.0,357480.0,100.0,76.4,28.7,,3
93.00745676778322,404794.0,100.0,76.3,28.7,,3
82.86867367981253,394427.0,100.0,76.4,28.7,,3
90.20316987314567,386548.0,100.0,76.4,28.7,,3
89.48874416700748,401850.0,100.0,76.8,28.6,,3
89.7881901003323,290640.0,100.0,76.9,28.6,10.8,3
99.61541305851777,312098.0,100.0,76.7,28.6,,3
98.02446568195131,346390.0,100.0,76.8,28.6,,3
97.40808788158165,395390.0,100.0,76.9,28.6,,3
91.44114379452297,370341.0,100.0,76.7,28.6,,3
91.38102893754052,269447.0,100.0,76.7,28.6,,3
88.94664175118562,305357.0,100.0,76.9,28.6,,3
89.3694971499653,304282.0,100.0,76.9,28.6,,3
78.5203844701914,414197.0,100.0,76.8,28.6,,3
96.55557910499351,349834.0,100.0,76.8,28.6,,3
89.4781492019922,340083.0,95.0,77.0,28.6,,3
92.55901100783618,322957.0,100.0,77.0,28.6,,3
95.94992210294366,339876.0,100.0,76.9,28.6,,3
84.64122403335017,350868.0,100.0,76.9,28.6,,3
83.27082536059511,363147.0,100.0,76.9,28.6,10.4,3
83.7010992854928,368740.0,100.0,77.0,28.6,,3
97.7280523112918,321227.0,100.0,76.9,28.6,,3
86.95539634163863,368453.0,100.0,76.9,28.6,,3
84.51314116014875,368572.0,100.0,76.9,28.6,,3
92.44319088521392,393330.0,100.0,77.0,28.6,,3
83.1520796313207,312288.0,100.0,76.9,28.6,10.4,3
85.53938088349005,311289.0,100.0,76.9,28.6,,3
92.51598563237998,303529.0,100.0,76.8,28.6,,3
100.0,401837.0,100.0,76.9,28.6,,3
88.10060615680251,384695.0,100.0,76.9,28.6,,3
75.0,450934.0,100.0,76.9,28.6,,3
83.27828310239609,345180.0,100.0,76.9,28.6,,3
75.0,369451.0,100.0,77.0,28.6,,3
79.14924674338313,354066.0,98.5,77.0,28.6,,3
83.64580453660369,306890.0,100.0,76.9,28.6,,3
81.56510798589906,359031.0,100.0,77.0,28.6,,3
77.74807221704941,320047.0,100.0,77.0,28.6,,3
93.30618705011582,454099.0,100.0,76.9,28.6,,3
91.82071055642403,313309.0,100.0,76.9,28.6,,3
85.06308663942151,351263.0,100.0,76.9,28.6,,3
85.20460039491434,386122.0,100.0,77.0,28.6,,3
89.7397878641138,386314.0,100.0,76.9,28.6,,3
85.48444967761897,403020.0,100.0,76.9,28.6,,3
86.66811532574764,311152.0,100.0,76.9,28.6,,3
100.0,277000.0,100.0,77.0,28.6,,3
82.09009019756058,324918.0,100.0,77.1,28.6,10.3,3
100.0,422274.0,100.0,77.0,28.6,,3
99.95142514913758,336773.0,100.0,76.9,28.6,,3
100.0,364734.0,100.0,77.0,28.6,,3
95.81810696242498,357187.0,100.0,76.9,28.6,,3
87.604267429414,339928.0,100.0,77.0,28.6,,3
86.3228800526467,374339.0,100.0,77.0,28.6,,3
90.9375983902031,348741.0,100.0,76.9,28.6,,3
100.0,231329.0,100.0,77.0,28.6,,3
92.07909798336956,378709.0,100.0,77.0,28.6,,3
97.17570294604135,347405.0,100.0,77.0,28.6,,3
89.66336053907166,389437.0,100.0,77.0,28.6,,3
99.92933123424145,337978.0,100.0,77.0,28.6,,3
90.13580626502048,417142.0,100.0,77.0,28.6,,3
75.0,322399.0,100.0,77.0,28.6,10.0,3
99.7266878288237,393701.0,100.0,77.0,28.6,,3
92.17956168741355,332056.0,100.0,77.0,28.6,,3
80.94545200811665,326351.0,100.0,77.0,28.6,,3
100.0,324862.0,100.0,77.0,28.6,,3
88.81138371391727,319851.0,100.0,77.0,28.6,,3
94.74219224079222,328450.0,100.0,77.1,28.6,,3
87.21924887876469,282664.0,100.0,77.0,28.6,,3
75.09305411036048,350306.0,100.0,77.1,28.6,,3
77.39874275841791,434203.0,100.0,77.1,28.6,10.1,3
75.0,317992.0,100.0,77.0,28.6,,3
88.1336069381404,335394.0,100.0,77.0,28.6,,3
79.16683634668865,311682.0,100.0,77.1,28.6,,3
80.0747673800061,338531.0,100.0,77.2,28.6,,3
100.0,353117.0,100.0,77.2,28.6,,3
97.4632039151002,370279.0,100.0,77.4,28.6,,3
96.91089918385777,238001.0,100.0,77.5,28.6,,3
85.56433583081416,402285.0,100.0,77.4,28.6,,3
83.42611341800533,420498.0,100.0,77.5,28.6,,3
99.8711212301421,331234.0,100.0,77.5,28.6,,3
83.97469184762915,309455.0,100.0,77.4,28.6,,3
82.96324614508961,300696.0,100.0,77.5,28.6,,3
91.43048944346404,291758.0,100.0,77.4,28.6,,3
92.82986412952178,375123.0,100.0,77.3,28.6,,3
75.0,411992.0,100.0,77.4,28.6,,3
92.10887435532177,379987.0,100.0,77.4,28.6,,3
81.93067838765782,374895.0,100.0,77.5,28.6,,3
97.01114759777653,346055.0,100.0,77.5,28.7,,3
100.0,351762.0,100.0,77.5,28.6,,3
97.1262864036198,361720.0,100.0,77.5,28.6,,3
92.68417226285494,283146.0,100.0,77.5,28.6,,3
90.9684299057229,320600.0,100.0,77.4,28.6,,3
81.2288135537785,419764.0,100.0,77.5,28.6,10.3,3
86.2898380155012,309867.0,100.0,77.5,28.6,,3
85.126946975129,297981.0,100.0,77.5,28.6,,3
99.47107574557016,322172.0,100.0,77.4,28.6,11.3,3
92.23439947154935,404244.0,100.0,77.5,28.6,,3
83.99877855028217,371280.0,100.0,77.6,28.7,,3
79.75931156076456,447830.0,100.0,77.6,28.6,,3
95.49104107693297,342295.0,100.0,77.6,28.6,,3
81.81733015288829,345440.0,100.0,77.5,28.7,,3
85.28013022118785,428117.0,100.0,77.6,28.7,,3
78.19572222228078,355392.0,100.0,77.4,28.6,,3
87.85329546693032,345303.0,100.0,77.5,28.7,,3
87.13106676049325,345357.0,100.0,77.5,28.7,,3
94.9845285306568,374359.0,100.0,77.5,28.7,,3
91.3512928909823,228640.0,100.0,77.4,28.7,,3
90.39835899330531,283774.0,100.0,77.5,28.7,,3
93.17056130508661,408979.0,100.0,77.5,28.7,10.9,3
80.5900870992916,339528.0,100.0,77.5,28.7,,3
83.20515435957603,399417.0,100.0,77.5,28.7,,3
88.76022308217658,419133.0,87.0,77.4,28.6,,3
91.3100336235791,359698.0,100.0,77.6,28.7,,3
88.54565426082269,382719.0,100.0,77.5,28.7,,3
75.0,353413.0,100.0,77.6,28.7,,3
87.43962845017629,379016.0,100.0,77.5,28.7,,3
86.4983871530077,308450.0,100.0,77.4,28.7,,3
88.0588053993576,306686.0,100.0,77.5,28.7,,3
75.0,379084.0,100.0,77.6,28.7,,3
92.63249258155736,368683.0,100.0,77.5,28.7,,3
98.42342737556649,323398.0,100.0,77.5,28.7,,3
76.55108685782996,347198.0,100.0,77.6,28.7,,3
85.21999760235272,316308.0,100.0,77.6,28.7,,3
87.36120677209763,325535.0,100.0,77.6,28.7,,3
75.0,332352.0,100.0,77.5,28.7,,3
78.90899866636914,359265.0,100.0,77.6,28.7,10.1,3
82.75172193407477,394465.0,100.0,77.6,28.7,,3
100.0,377175.0,100.0,77.6,28.7,,3
75.59179054413345,410207.0,100.0,77.6,28.7,,3
100.0,350751.0,100.0,77.6,28.7,,3
98.58340928268426,327932.0,100.0,77.8,28.7,,3
75.0,319588.0,100.0,77.7,28.7,,3
100.0,290356.0,100.0,77.8,28.7,,3
87.99617025545196,351365.0,100.0,77.6,28.7,10.6,3
83.89620604825751,332259.0,100.0,77.7,28.7,,3
88.57799307388962,327513.0,100.0,77.6,28.7,,3
76.62353202265655,358601.0,100.0,77.7,28.7,,3
96.58693265955978,384782.0,100.0,77.7,28.7,,3
81.5221162608815,299950.0,100.0,77.8,28.7,,3
85.72649694276177,412711.0,100.0,77.6,28.7,,3
93.16478463167637,378158.0,100.0,77.6,28.7,,3
95.11885561428396,366830.0,100.0,77.5,28.7,,3
88.96486838090863,376492.0,100.0,77.6,28.7,,3
83.63067116625584,293421.0,100.0,77.6,28.7,,3
93.78397547699458,399509.0,100.0,77.6,28.7,,3
79.05414448515175,382876.0,100.0,77.7,28.7,,3
100.0,349910.0,100.0,77.7,28.7,,3
81.45598252206602,354920.0,100.0,77.6,28.7,,3
83.59572825439439,325330.0,100.0,77.5,28.7,,3
91.46547253817234,285850.0,100.0,77.5,28.7,10.8,3
76.44856862006219,350771.0,100.0,77.6,28.7,,3
87.82153168870055,363742.0,100.0,77.5,28.7,,3
100.0,354180.0,100.0,77.5,28.7,,3
92.78537720267836,310978.0,100.0,77.6,28.7,10.9,3
94.1435013081323,328944.0,100.0,77.6,28.7,,3
88.57136666064875,345646.0,100.0,77.5,28.7,,3
96.26379387931225,297600.0,100.0,77.6,28.7,,3
75.0,341462.0,100.0,77.6,28.7,,3
91.74825005524099,356090.0,100.0,77.5,28.7,,3
97.8576338993113,367494.0,100.0,77.6,28.7,,3
83.48921334512112,256983.0,100.0,77.5,28.7,,3
86.10150212643825,391118.0,100.0,77.6,28.7,,3
84.86361773866308,351132.0,100.0,77.6,28.7,,3
91.37088203445367,309388.0,100.0,77.6,28.7,,3
92.98588717311054,415484.0,100.0,77.5,28.7,,3
86.61749318485275,304837.0,100.0,77.6,28.7,,3
87.4671917838242,261024.0,100.0,77.6,28.7,,3
90.69522611181293,368090.0,100.0,77.5,28.7,,3
100.0,342240.0,100.0,77.7,28.7,,3
91.26788270517176,315548.0,100.0,77.5,28.7,,3
85.14858303579938,288992.0,100.0,77.6,28.7,,3
86.44168302973412,337787.0,100.0,77.5,28.7,,3
90.39359812871116,325056.0,100.0,77.6,28.7,,3
88.66676280780074,336664.0,100.0,77.7,28.7,,3
85.34800489360389,353214.0,100.0,77.7,28.7,,3
88.32418353853608,380446.0,100.0,77.5,28.7,,3
87.03485572696133,336004.0,100.0,77.4,28.7,10.6,3
86.5535404393022,321413.0,100.0,77.7,28.7,,3
85.12071125146663,431246.0,100.0,77.7,28.7,,3
80.69856991443307,338853.0,100.0,77.6,28.7,10.2,3
84.90009069384247,340113.0,100.0,77.6,28.7,10.4,3
85.35008552897284,361169.0,100.0,77.4,28.7,,3
75.0,391486.0,100.0,77.6,28.7,,3
93.06066239713758,300285.0,100.0,77.5,28.7,,3
75.0,310917.0,100.0,77.5,28.7,9.9,3
86.05866830858302,453211.0,100.0,77.7,28.7,,3
92.34605571979418,277696.0,100.0,77.7,28.7,,3
82.48275596079245,347871.0,100.0,77.5,28.7,,3
90.02946843438478,297410.0,100.0,77.5,28.7,,3
86.92007817618351,321294.0,100.0,77.5,28.7,,3
79.16993149918147,360383.0,100.0,77.6,28.7,,3
94.19101738754257,383641.0,100.0,77.6,28.7,,3
92.59509080907101,330105.0,100.0,77.6,28.7,10.8,3
93.71639809170804,362362.0,100.0,77.6,28.7,,3
89.07153506361611,325532.0,100.0,77.5,28.7,,3
84.02499098126778,352955.0,100.0,77.6,28.7,,3
100.0,362049.0,100.0,77.4,28.7,,3
83.11049198199771,316704.0,100.0,77.5,28.7,,3
84.06586709875037,437091.0,100.0,77.5,28.7,,3
84.8059468324323,386274.0,100.0,77.6,28.7,,3
84.99257403622914,360447.0,100.0,77.5,28.7,,3
94.33396219206978,327123.0,100.0,77.6,28.7,,3
82.87110676677784,416354.0,100.0,77.5,28.7,,3
95.87674315916638,381626.0,100.0,77.6,28.7,,3
94.29821034498332,368383.0,100.0,77.5,28.7,,3
100.0,351756.0,100.0,77.6,28.7,,3
92.61809893760736,291963.0,100.0,77.5,28.7,,3
81.40031450727007,301967.0,100.0,77.5,28.7,,3
98.1925086681292,247898.0,100.0,77.5,28.7,,3
84.78151981797822,230251.0,100.0,77.6,28.7,,3
81.34969683614489,330362.0,100.0,77.6,28.7,,3
99.07896875035235,365865.0,100.0,77.5,28.7,,3
81.33486781336828,392638.0,100.0,77.6,28.7,,3
88.14265803623806,351502.0,100.0,77.5,28.7,,3
78.37862793782406,310399.0,100.0,77.6,28.7,,3
81.39922160043581,351858.0,100.0,77.7,28.7,,3
88.6230858158454,411763.0,100.0,77.6,28.7,,3
91.08044134350267,241697.0,100.0,77.6,28.7,,3
90.10113590297352,291999.0,100.0,77.7,28.7,,3
80.27223260310771,317513.0,100.0,77.7,28.7,,3
82.69329341190158,294994.0,100.0,77.6,28.7,,3
89.62785602761831,293567.0,100.0,77.7,28.7,,3
90.85334085799877,439478.0,100.0,77.8,28.7,,3
77.3651275285275,338619.0,100.0,77.6,28.7,,3
75.0,337962.0,100.0,77.6,28.7,,3
93.14173722105187,378825.0,100.0,77.5,28.7,,3
88.61890984227277,385570.0,100.0,77.7,28.7,,3
100.0,418492.0,100.0,77.6,28.7,,3
83.8198325647229,291955.0,100.0,77.6,28.7,,3
84.75078866740957,312120.0,100.0,77.7,28.7,,3
91.61078038291706,302752.0,100.0,77.8,28.7,,3
87.41742053927726,383520.0,100.0,77.7,28.7,,3
87.19443301746259,312147.0,100.0,77.7,28.7,,3
97.39851246068554,274840.0,100.0,77.7,28.7,,3
85.3776395529803,348333.0,100.0,77.7,28.7,,3
88.12726926719705,357219.0,100.0,77.7,28.7,,3
92.88351855847594,348583.0,100.0,77.8,28.7,,3
85.05553374285056,333696.0,100.0,77.7,28.7,,3
83.10787358369316,381501.0,100.0,77.7,28.7,,3
82.82777216418788,383870.0,100.0,77.6,28.7,,3
88.15199265807897,329149.0,100.0,77.7,28.7,,3
92.94725772595308,320901.0,100.0,77.8,28.7,10.8,3
93.1054723258257,358509.0,100.0,77.7,28.7,10.9,3
83.22940248726464,371145.0,100.0,77.7,28.7,,3
92.37271780550911,396300.0,100.0,77.7,28.7,,3
95.72917609927437,369650.0,100.0,77.7,28.7,,3
78.9792723903299,447943.0,100.0,77.7,28.7,,3
76.77107031142552,387970.0,100.0,77.7,28.7,9.9,3
91.45027053509038,303034.0,100.0,77.6,28.7,10.8,3
87.00559248897201,346849.0,100.0,77.7,28.7,,3
98.44466172648418,321467.0,100.0,77.7,28.7,,3
85.90443994860517,256557.0,100.0,77.7,28.7,,3
100.0,307181.0,100.0,77.7,28.7,,3
90.6152869139134,345943.0,100.0,77.7,28.7,,3
87.21599226573328,382394.0,100.0,77.6,28.7,,3
100.0,360059.0,100.0,77.6,28.7,,3
93.24062414104421,363155.0,100.0,77.6,28.7,,3
96.140251391445,331483.0,100.0,77.6,28.7,,3
96.60312443533131,394419.0,100.0,77.6,28.7,,3
96.66029606946327,323594.0,100.0,77.6,28.7,,3
86.65329892610248,359578.0,100.0,77.6,28.7,,3
77.03326364136795,413796.0,100.0,77.5,28.7,,3
87.9017877319826,361357.0,100.0,77.6,28.7,,3
83.38396448218238,296924.0,100.0,77.5,28.7,,3
83.16776091620183,358768.0,100.0,77.6,28.7,10.3,3
93.38743050202955,356471.0,100.0,77.5,28.7,10.9,3
90.7737921299356,336518.0,100.0,77.5,28.7,,3
91.96998852996343,409313.0,100.0,77.5,28.7,,3
93.6383155395119,382381.0,100.0,77.6,28.7,,3
90.35213119445305,289873.0,100.0,77.5,28.7,,3
79.64266775495005,368195.0,100.0,77.4,28.7,,3
87.91248758431931,367593.0,100.0,77.5,28.7,,3
100.0,379041.0,100.0,77.5,28.7,,3
98.07108964594258,353787.0,98.0,77.5,28.7,,3
81.54227458012448,347685.0,100.0,77.4,28.7,,3
81.5619854902469,412331.0,100.0,77.5,28.7,,3
94.32312861228375,370820.0,100.0,77.5,28.7,,3
97.88754561782483,269197.0,100.0,77.5,28.7,,3
92.70510361074128,297574.0,100.0,77.3,28.7,,3
87.94195441227471,337531.0,100.0,77.3,28.7,,3
93.29389289677559,359127.0,100.0,77.3,28.7,,3
98.7609373888943,325924.0,100.0,77.3,28.7,,3
93.67291511706627,356488.0,100.0,77.2,28.7,,3
75.0,313255.0,100.0,77.3,28.7,,3
86.80097573182266,394491.0,100.0,77.3,28.7,,3
91.70978446045692,303299.0,100.0,77.3,28.7,,3
86.87747017562272,430712.0,100.0,77.2,28.7,,3
88.88978667872686,336906.0,100.0,77.2,28.7,,3
91.93391712604976,380535.0,100.0,77.3,28.7,,3
84.35065322015953,370102.0,100.0,77.3,28.7,,3
85.36888402663352,378773.0,100.0,77.2,28.7,,3
89.35754526377028,369278.0,100.0,77.2,28.7,,3
81.92653163065997,317148.0,100.0,77.2,28.7,,3
95.56397843727515,346824.0,100.0,77.1,28.7,11.1,3
90.28027793679489,337744.0,98.0,77.2,28.7,,3
95.18981419210915,325687.0,100.0,77.2,28.7,,3
86.91519008079294,381439.0,100.0,77.2,28.7,,3
97.38374159331413,329049.0,100.0,77.2,28.7,,3
100.0,362529.0,100.0,77.2,28.7,,3
79.6565739055301,364762.0,100.0,77.1,28.6,,3
84.93600628413233,367362.0,100.0,77.2,28.7,,3
87.65715001871729,352970.0,100.0,77.1,28.7,,3
80.70725298731084,389602.0,100.0,77.1,28.7,,3
78.75098106279174,305649.0,100.0,77.1,28.6,,3
90.9388827931799,414113.0,100.0,77.1,28.7,,3
85.17925522348474,378038.0,100.0,77.2,28.7,,3
96.58672141490837,382587.0,100.0,77.2,28.7,,3
85.51033368661055,306358.0,100.0,77.1,28.6,,3
75.0,339486.0,100.0,77.0,28.7,,3
97.4246989484974,305033.0,100.0,77.2,28.7,,3
93.60167878015012,311993.0,100.0,77.1,28.6,,3
88.8485806110947,378311.0,100.0,77.1,28.6,,3
82.72403650529257,356819.0,100.0,77.1,28.6,10.4,3
84.67926930619737,378205.0,100.0,77.1,28.6,,3
89.8825373478771,352260.0,100.0,77.2,28.6,,3
100.0,376492.0,100.0,77.2,28.6,,3
82.47718507098969,346565.0,100.0,77.1,28.6,,3
87.39280971936272,353212.0,100.0,77.1,28.6,,3
100.0,364834.0,100.0,77.2,28.6,,3
75.0,328288.0,100.0,77.3,28.6,9.9,3
75.0,336808.0,100.0,77.1,28.6,,3
75.0,315136.0,100.0,77.2,28.6,,3
75.83422776292704,365366.0,100.0,77.2,28.6,,3
88.00431490103102,362118.0,100.0,77.1,28.6,,3
87.1635888914518,294228.0,100.0,77.2,28.6,,3
92.10817095403789,426888.0,100.0,77.2,28.6,,3
91.27370062885237,332963.0,100.0,77.2,28.6,,3
76.57546259115644,313677.0,100.0,77.0,28.6,,3
91.62431725257647,392924.0,100.0,77.2,28.6,,3
90.0869293977758,381995.0,100.0,77.2,28.6,10.8,3
93.66142595221794,370261.0,100.0,77.2,28.6,,3
82.73221123790995,356956.0,100.0,77.2,28.6,,3
81.21297756894289,350697.0,100.0,77.2,28.6,,3
90.6469082485353,417151.0,100.0,77.1,28.6,,3
77.52214420505894,369260.0,100.0,77.3,28.6,,3
99.84989273298876,380353.0,100.0,77.1,28.6,,3
94.66356354260033,373507.0,100.0,77.2,28.6,,3
98.38667591820334,306500.0,100.0,77.3,28.6,,3
76.91258667223804,349746.0,100.0,77.2,28.6,,3
75.0,399225.0,100.0,77.1,28.6,,3
97.76572156396352,332665.0,100.0,77.2,28.6,,3
85.03383522671592,347106.0,100.0,77.2,28.6,,3
88.41616520351695,355086.0,100.0,77.3,28.5,,3
92.46585685502643,343094.0,100.0,77.3,28.5,,3
95.54554642782236,367837.0,100.0,77.3,28.5,11.1,3
83.14429243301892,403404.0,100.0,77.3,28.6,10.4,3
77.1339441110201,346313.0,100.0,77.3,28.5,,3
95.73533920860375,321077.0,100.0,77.3,28.6,,3
90.47644517413721,371733.0,100.0,77.3,28.6,,3
81.11580905615008,347100.0,100.0,77.3,28.5,,3
86.74796935832632,327930.0,100.0,77.3,28.5,,3
100.0,319475.0,100.0,77.2,28.6,,3
96.03944235254306,334287.0,100.0,77.3,28.5,,3
79.30691048891775,354112.0,100.0,77.3,28.5,,3
93.1927470751,386820.0,100.0,77.3,28.5,,3
100.0,467809.0,100.0,77.3,28.5,,3
90.00411363004477,323476.0,100.0,77.3,28.5,,3
91.62299461435913,339351.0,100.0,77.3,28.5,,3
95.40772903881783,298113.0,100.0,77.4,28.5,,3
100.0,384241.0,100.0,77.2,28.5,,3
75.0,321638.0,100.0,77.4,28.5,,3
94.52864835291152,397053.0,100.0,77.3,28.6,,3
77.8220989821443,378521.0,100.0,77.3,28.5,,3
75.0,346426.0,100.0,77.2,28.5,,3
96.89637473682565,327939.0,100.0,77.2,28.5,,3
75.9446216068959,355848.0,100.0,77.3,28.5,10.0,3
83.16224906691617,375182.0,100.0,77.3,28.5,,3
80.91738854225552,319094.0,100.0,77.1,28.5,,3
75.0,356797.0,100.0,77.2,28.5,,3
86.71276049378721,302464.0,100.0,77.3,28.5,,3
89.55038971013674,391082.0,100.0,77.2,28.5,,3
86.2754564526484,360726.0,100.0,77.2,28.5,,3
90.18648999668132,301826.0,100.0,77.4,28.5,,3
100.0,331166.0,100.0,77.3,28.5,,3
93.24892961488217,380768.0,100.0,77.3,28.5,,3
86.88323898307398,374271.0,100.0,77.3,28.5,,3
89.9665537745311,293294.0,100.0,77.3,28.5,,3
85.34181838999929,325497.0,100.0,77.2,28.5,,3
84.30603966923098,297839.0,100.0,77.2,28.5,,3
97.01146973396824,414079.0,100.0,77.3,28.5,,3
95.82402380798727,400821.0,97.5,77.3,28.5,,3
85.24292130393475,324549.0,100.0,77.4,28.5,10.5,3
81.7713036255063,375762.0,98.0,77.4,28.5,,3
89.8165044251532,346911.0,100.0,77.2,28.5,,3
98.36118835356274,366197.0,100.0,77.2,28.5,,3
81.29073889983532,322763.0,100.0,77.3,28.5,,3
93.45594639403316,391669.0,100.0,77.4,28.5,,3
92.41344185804776,425875.0,100.0,77.3,28.5,10.9,3
100.0,367641.0,100.0,77.4,28.5,,3
81.29135472414798,297600.0,100.0,77.3,28.4,,3
84.90094603988229,380128.0,100.0,77.4,28.5,,3
100.0,366697.0,100.0,77.4,28.4,,3
97.34978235384989,340187.0,100.0,77.4,28.5,,3
92.98215300182041,382934.0,100.0,77.3,28.5,,3
75.0,333462.0,100.0,77.4,28.5,10.0,3
95.59760307422296,360978.0,100.0,77.4,28.5,,3
78.42787961479253,252795.0,100.0,77.5,28.4,,3
85.07375403758395,347136.0,100.0,77.5,28.5,,3
80.92861640137323,355723.0,100.0,77.4,28.5,,3
92.05109397786316,376827.0,100.0,77.4,28.4,,3
75.0,297428.0,100.0,77.2,28.5,10.0,3
85.56301881316212,372886.0,100.0,77.5,28.4,,3
91.91387210840028,368874.0,100.0,77.4,28.4,,3
84.93265646424855,336894.0,100.0,77.4,28.4,,3
82.17336585262608,380727.0,100.0,77.5,28.4,,3
80.63608969808337,384001.0,100.0,77.5,28.5,,3
89.66282590510117,348198.0,98.0,77.5,28.5,,3
82.74631680178827,295778.0,100.0,77.4,28.4,,3
82.81877794897564,336799.0,100.0,77.5,28.4,,3
75.0,342105.0,100.0,77.5,28.5,,3
95.39485894420804,372688.0,100.0,77.4,28.5,,3
84.03035299406794,351877.0,100.0,77.4,28.4,,3
83.550683444624,355950.0,100.0,77.5,28.5,,3
100.0,388739.0,100.0,77.4,28.4,,3
30.207943056927526,225355.0,16.0,77.6,28.3,,1
32.499383929448385,165656.0,3.5,77.7,28.4,,1
22.476465180091093,279185.0,0.0,77.6,28.4,,1
32.40421214047751,283494.0,5.0,77.5,28.4,,1
27.948306892096944,240213.0,0.0,77.7,28.4,,1
30.379759698264888,202356.0,4.5,77.6,28.3,,1
16.5532273670675,253086.0,0.5,77.6,28.4,,1
26.731976427087474,158719.0,3.0,77.6,28.4,,1
29.551463809495186,288636.0,1.0,77.5,28.4,,1
24.227147625337047,368723.0,5.0,77.4,28.4,,1
18.17064893684814,231945.0,0.0,77.4,28.4,0.0,1
21.049330938727906,246190.0,1.5,77.4,28.3,,1
21.71275187033709,179659.0,0.0,77.5,28.4,,1
19.534517037635247,245118.0,0.5,77.4,28.4,,1
37.28572082061997,360112.0,0.0,77.5,28.4,,1
38.354738978506546,211231.0,1.5,77.5,28.4,,1
18.041903893738343,242033.0,0.0,77.6,28.3,,1
39.9,241728.0,0.0,77.5,28.4,,1
11.724925094625693,224941.0,0.0,77.7,28.3,,1
32.57056001819417,284497.0,0.5,77.7,28.4,,1
22.99783333508344,284170.0,1.0,77.8,28.4,0.0,1
2.2682779745316815,255191.0,1.0,77.6,28.4,,1
33.606854213686304,208356.0,0.0,77.8,28.4,,1
16.63661463503712,156677.0,0.0,77.9,28.3,,1
39.9,213992.0,0.0,77.8,28.4,,1
27.410432778621118,280195.0,0.0,77.8,28.4,,1
39.9,242305.0,0.0,77.8,28.4,,1
19.605702062215812,258653.0,2.0,77.8,28.3,,1
37.84080276542287,241491.0,0.0,77.7,28.4,,1
15.451309184159236,172962.0,0.0,77.8,28.3,,1
12.787026153947746,293219.0,0.0,77.8,28.3,,1
21.793755236931887,219623.0,0.0,78.0,28.4,,1
17.840327768160577,254252.0,0.0,77.9,28.4,,1
22.605449062344164,236343.0,0.0,77.9,28.3,,1
38.493239278107396,326900.0,0.0,77.9,28.3,,1
8.899783270910035,266379.0,0.0,77.8,28.4,,1
17.23137901378608,237587.0,0.0,77.8,28.4,,1
28.092783851266944,239364.0,0.0,77.7,28.4,,1
27.30459880627633,283648.0,0.0,77.6,28.4,,1
27.9457680054032,217658.0,0.0,77.7,28.3,,1
18.708003930296762,178014.0,0.0,77.6,28.4,,1
16.460797024792818,348103.0,0.0,77.8,28.4,0.0,1
17.079964259047557,190331.0,0.0,77.6,28.4,,1
28.199278618447735,244481.0,0.0,77.5,28.3,,1
23.044067631507744,320452.0,0.0,77.7,28.4,,1
30.491266755583652,223500.0,0.0,77.6,28.4,,1
20.7552408240822,224870.0,0.0,77.6,28.3,,1
33.74739621580257,234592.0,0.0,77.7,28.3,,1
7.068464975458497,247584.0,0.0,77.7,28.4,0.0,1
9.62973998872071,359211.0,0.0,77.7,28.3,,1
15.34332086152769,241906.0,0.0,77.6,28.3,,1
27.58202734701137,235567.0,0.0,77.6,28.3,,1
22.099695985338073,271091.0,0.0,77.6,28.3,,1
39.9,288375.0,0.0,77.7,28.3,,1
39.78513878573543,197669.0,0.0,77.5,28.3,,1
28.173626332553614,257762.0,0.0,77.7,28.3,,1
28.51091291676735,318811.0,1.0,77.7,28.4,,1
22.792108502079458,229724.0,0.0,77.7,28.3,,1
30.33980797418664,161089.0,0.0,77.7,28.4,,1
22.631479508778217,243290.0,0.0,77.6,28.3,,1
15.796413836930746,302852.0,0.0,77.6,28.3,,1
14.377596826567158,243206.0,1.0,77.6,28.3,,1
27.93157225322968,317672.0,0.0,77.7,28.3,,1
24.89443565119147,296807.0,0.0,77.7,28.3,,1
32.00595397277127,256172.0,1.0,77.8,28.3,,1
14.104865917265446,178270.0,0.0,77.8,28.3,,1
26.065054014191865,222865.0,0.0,77.7,28.3,0.0,1
34.19261091681292,287292.0,0.0,77.7,28.3,,1
23.153890055629503,192114.0,0.0,77.7,28.3,,1
30.107355496072735,199102.0,0.0,77.7,28.3,,1
17.41536077069135,201029.0,0.0,77.8,28.3,,1
23.614989780600467,308509.0,0.0,77.7,28.3,,1
24.949591297764712,227839.0,1.0,77.6,28.3,0.0,1
9.743850699547558,277606.0,0.0,77.7,28.3,,1
17.195953940713725,255875.0,0.0,77.8,28.3,0.0,1
21.457813840833595,291908.0,0.0,77.7,28.3,,1
23.42763607971448,247053.0,0.0,77.8,28.3,,1
29.857471474554597,355347.0,0.0,77.6,28.3,,1
33.88446930358555,245569.0,0.0,77.8,28.3,,1
25.031979906152884,223757.0,0.0,77.6,28.3,,1
15.500042964803049,222362.0,0.0,77.7,28.2,,1
17.278510362880574,282668.0,0.0,77.9,28.3,,1
14.28805142131014,316660.0,0.0,77.8,28.2,,1
32.5204638361883,251025.0,0.0,77.7,28.3,,1
25.003186114650685,222135.0,0.0,77.6,28.2,,1
27.70084411347764,304404.0,0.0,77.8,28.3,,1
17.968435377441864,173330.0,0.0,77.7,28.3,,1
32.03218254856744,266218.0,0.0,77.8,28.2,,1
13.798011985588206,213330.0,0.0,77.7,28.3,,1
16.408957259498592,213773.0,0.0,77.7,28.3,0.0,1
21.763172459588123,236672.0,0.0,77.7,28.3,0.0,1
18.4920634493154,212091.0,0.0,77.7,28.3,,1
22.712156560806186,258384.0,0.0,77.7,28.2,,1
21.837034636351554,307933.0,0.0,77.8,28.3,,1
30.080877144207864,170457.0,0.0,77.7,28.2,,1
30.237277654138534,280277.0,0.0,77.8,28.2,,1
20.652650318758088,175240.0,0.0,77.8,28.2,,1
25.08066759411136,249614.0,0.0,77.8,28.2,,1
13.783537634668052,177439.0,0.0,77.8,28.2,,1
24.124464535465606,238346.0,0.0,77.9,28.2,,1
20.827346346776064,245829.0,0.0,77.7,28.2,,1
13.972236261796809,228258.0,0.0,77.8,28.2,,1
30.333250306143476,232501.0,0.0,77.8,28.2,0.0,1
8.28027528207448,226365.0,0.0,77.8,28.2,,1
14.298415364931396,263356.0,0.0,77.9,28.2,,1
28.18837403380425,167061.0,0.0,78.0,28.2,,1
32.59012970582189,194390.0,0.0,77.8,28.2,,1
39.9,247561.0,0.0,78.0,28.2,,1
12.536065014608377,192900.0,0.0,78.0,28.2,,1
28.48095291787345,230435.0,0.0,78.0,28.2,,1
24.033460903818593,330639.0,0.0,77.9,28.2,,1
18.007559357709248,252998.0,0.0,77.9,28.2,,1
39.19844487373053,263525.0,0.0,78.2,28.2,,1
8.933972646419942,275269.0,0.0,78.0,28.2,,1
13.369971422165559,320340.0,0.0,78.2,28.2,,1
16.77132395002022,398475.0,0.0,78.1,28.3,,1
39.67375988327678,210169.0,0.0,78.1,28.2,0.0,1
25.200138050016104,287682.0,0.0,78.1,28.2,,1
32.83660474226708,272116.0,0.0,78.1,28.2,,1
37.5215903696611,243851.0,0.0,78.0,28.2,,1
21.33282331423967,232656.0,0.0,78.0,28.2,,1
33.58373231972127,268259.0,0.0,78.2,28.2,,1
27.912836656902563,289761.0,0.0,78.1,28.2,,1
4.489475921461448,265503.0,0.0,78.2,28.2,,1
27.185688888737157,333440.0,0.0,78.2,28.2,,1
9.71412017736333,327859.0,0.0,78.2,28.2,,1
25.75409128924666,274449.0,0.0,78.3,28.2,,1
39.9,278038.0,0.0,78.2,28.2,,1
29.00368289462561,262114.0,0.0,78.2,28.2,,1
20.165218650056232,248575.0,0.0,78.3,28.2,,1
17.844872338772515,247771.0,0.0,78.3,28.2,,1
1.6406930294490323,271451.0,0.0,78.1,28.2,,1
23.782627462163745,233189.0,0.0,78.2,28.2,,1
27.197580839401432,178321.0,0.0,78.4,28.2,,1
39.9,244861.0,0.0,78.4,28.2,,1
23.541555670278104,201730.0,0.0,78.4,28.2,,1
25.239463824492613,319347.0,0.0,78.3,28.3,,1
35.35916209432034,292721.0,0.0,78.3,28.2,,1
30.463989516672715,232072.0,0.0,78.3,28.2,,1
10.498368329632981,239948.0,0.0,78.4,28.2,,1
22.64128535466323,302439.0,0.0,78.3,28.2,0.0,1
28.0939044245982,330615.0,0.0,78.5,28.2,,1
36.974885400381744,227175.0,0.0,78.6,28.2,0.0,1
7.048708033801315,319278.0,0.0,78.6,28.1,,1
38.59385223230744,181689.0,0.0,78.7,28.2,,1
39.9,269105.0,0.0,78.8,28.2,,1
26.60685498125653,330739.0,0.0,78.6,28.2,,1
38.44685173230615,282566.0,0.0,78.8,28.2,,1
29.73217065811983,280819.0,0.0,78.7,28.2,,1
20.99942566117474,247244.0,0.0,78.8,28.2,,1
15.976828454054573,233348.0,0.0,78.8,28.3,,1
21.33366121331067,218234.0,0.0,78.9,28.3,,1
26.36746502648463,233800.0,0.0,78.8,28.2,,1
30.02234720351974,168883.0,0.0,78.9,28.2,,1
23.866452058927003,256577.0,0.0,78.9,28.2,,1
21.893707601631196,241380.0,0.0,78.8,28.2,,1
9.147539892701426,267823.0,0.0,78.9,28.2,,1
31.476059825670703,274676.0,0.0,79.0,28.2,,1
35.38727059442183,260076.0,0.0,78.9,28.3,,1
29.78681180650937,257804.0,0.0,78.9,28.2,,1
31.87550719592494,171138.0,0.0,78.9,28.3,,1
16.064190320219893,329344.0,0.0,78.9,28.3,,1
0.3956417790379483,242991.0,0.0,78.9,28.3,,1
36.72274959608068,245336.0,0.0,78.8,28.3,,1
20.949889285493025,256471.0,0.0,79.0,28.3,,1
21.468798199975534,251542.0,0.0,79.0,28.2,,1
18.166189634798705,305433.0,0.0,78.9,28.3,,1
39.23264921065661,243330.0,0.0,79.0,28.3,,1
11.135105793087568,223807.0,0.0,78.9,28.3,,1
23.160113398970356,275276.0,0.0,79.0,28.3,0.0,1
14.91986776829322,211541.0,0.0,78.8,28.3,,1
30.106761378588075,296945.0,0.0,78.9,28.3,,1
18.784059548293158,183339.0,0.0,78.8,28.3,,1
39.9,289165.0,0.0,78.9,28.3,,1
22.329962382329683,293451.0,0.0,79.0,28.3,,1
23.75543370285578,293357.0,0.0,78.9,28.4,,1
26.59393197776222,254563.0,0.0,78.9,28.3,,1
23.864181317692115,177630.0,0.0,79.0,28.3,,1
39.9,202923.0,0.0,78.9,28.4,,1
11.399764236894054,239357.0,0.0,78.8,28.3,,1
15.385281864894933,247414.0,0.0,78.9,28.3,,1
31.877638485617688,299765.0,0.0,78.9,28.3,,1
33.14730721621682,234718.0,0.0,78.8,28.4,,1
25.49591827661586,270393.0,0.0,78.8,28.3,0.0,1
7.422125760579274,278529.0,0.0,78.8,28.4,,1
10.427007124161685,352017.0,0.0,78.8,28.3,,1
20.954849153583048,240756.0,0.0,78.8,28.4,,1
17.302929007621444,218501.0,0.0,78.8,28.4,,1
39.9,297018.0,0.0,78.8,28.3,,1
9.507975548521618,325210.0,0.0,78.8,28.4,,1
36.932422751414315,235939.0,0.0,78.7,28.4,,1
28.066969420298378,249252.0,0.0,78.8,28.3,,1
39.9,210185.0,0.0,78.9,28.4,,1
26.46010609775727,228592.0,0.0,78.7,28.3,,1
10.669595953821458,359581.0,0.0,78.9,28.4,,1
13.184334208975876,261006.0,0.0,78.9,28.4,,1
7.592993936196645,230046.0,0.0,78.9,28.4,,1
29.219688214334575,208763.0,0.0,78.8,28.4,,1
30.868018507356553,236547.0,0.0,78.8,28.4,,1
36.600825123986134,318088.0,0.0,78.8,28.4,,1
19.132552392699882,253836.0,0.0,78.8,28.4,,1
26.834542264722327,280967.0,0.0,78.7,28.4,,1
25.143819962442656,259510.0,0.0,78.8,28.4,,1
22.565935252048806,255761.0,0.0,78.7,28.4,,1
37.979401935351326,282304.0,0.0,78.7,28.4,,1
32.01255639443369,286153.0,0.0,78.6,28.4,,1
23.461912221189646,265941.0,0.0,78.7,28.4,0.0,1
14.148263216642555,313440.0,0.0,78.9,28.5,,1
0.0,245642.0,0.0,78.7,28.4,,1
36.408959771502744,181806.0,0.0,78.7,28.4,,1
28.99779917616851,215961.0,0.0,78.6,28.4,0.0,1
21.311967348111313,297297.0,0.0,78.6,28.4,,1
26.980569258851503,148282.0,0.0,78.7,28.4,,1
15.235744602684015,298766.0,0.0,78.7,28.4,,1
29.489427181929976,337406.0,0.0,78.6,28.4,,1
39.9,232887.0,0.0,78.8,28.5,,1
39.9,251223.0,0.0,78.8,28.4,,1
15.373314655909745,218318.0,0.0,78.8,28.5,,1
2.432748947105811,330350.0,0.0,78.6,28.4,,1
39.9,199224.0,0.0,78.7,28.4,,1
22.72115711618094,254780.0,0.0,78.7,28.5,,1
15.396469478578862,162244.0,0.0,78.7,28.4,,1
22.896423962230884,233946.0,0.0,78.7,28.5,,1
21.115887590112248,261135.0,0.0,78.7,28.4,,1
39.29519658525992,234845.0,0.0,78.6,28.4,,1
26.70442998721363,286343.0,0.0,78.6,28.5,,1
30.541429265127487,219278.0,0.0,78.7,28.5,,1
25.96377123114036,277376.0,0.0,78.6,28.5,,1
13.716486624892223,313176.0,0.0,78.5,28.5,,1
39.31588905214111,213860.0,0.0,78.6,28.5,,1
26.936700183481687,282113.0,0.0,78.6,28.5,,1
19.543858436712473,274080.0,0.0,78.6,28.5,,1
26.632556262921653,176604.0,0.0,78.4,28.5,0.0,1
29.59161315978558,194992.0,0.0,78.7,28.5,,1
34.39202851662047,216439.0,0.0,78.5,28.5,,1
23.387145663388548,318613.0,0.0,78.4,28.5,,1
29.963816465288453,196026.0,0.0,78.5,28.5,,1
14.850834292009162,220034.0,0.0,78.4,28.5,,1
28.946440833566662,267914.0,0.0,78.3,28.4,,1
16.56897695337131,191639.0,0.0,78.3,28.5,,1
27.815834050858342,240906.0,0.0,78.4,28.5,,1
39.9,251830.0,0.0,78.4,28.5,,1
39.9,191480.0,0.0,78.5,28.5,,1
9.267870604382928,193995.0,0.0,78.3,28.4,,1
36.89129781453467,337805.0,0.0,78.2,28.5,,1
17.17820546047366,226971.0,0.0,78.3,28.5,,1
13.310190897875003,159418.0,0.0,78.2,28.5,,1
32.184116977766294,261151.0,0.0,78.2,28.5,,1
25.104879826738756,179997.0,0.0,78.1,28.5,,1
39.9,224832.0,0.0,78.3,28.5,,1
30.33626424816476,177271.0,0.0,78.1,28.5,,1
23.094748103799628,264568.0,0.0,78.2,28.5,,1
28.270752180533076,257732.0,0.0,78.2,28.5,,1
29.945224920487725,193473.0,0.0,78.0,28.5,,1
26.9737260543966,255687.0,0.0,78.1,28.5,,1
27.316726841950608,253617.0,0.0,78.1,28.5,,1
12.267872260866024,184110.0,0.0,78.1,28.5,0.0,1
2.8573181411544866,290876.0,0.0,78.2,28.5,,1
33.27657509735199,292177.0,0.0,78.1,28.5,,1
28.06789962461452,143344.0,0.0,78.0,28.5,,1
14.732895082147339,258520.0,0.0,78.1,28.5,,1
26.355180027917953,238862.0,0.0,78.2,28.4,,1
28.689172029082467,250582.0,0.0,78.1,28.5,,1
26.207704655513616,218046.0,0.0,78.1,28.5,,1
34.820109861215904,228461.0,0.0,78.1,28.5,,1
11.693509169793737,211450.0,0.0,78.0,28.5,,1
21.515338086380197,299700.0,0.0,78.0,28.5,,1
24.57732001565207,240692.0,0.0,78.1,28.5,,1
12.513365752373726,289274.0,0.0,78.1,28.5,,1
18.480478459766143,244998.0,0.0,78.1,28.4,,1
39.80183076881865,275438.0,0.0,78.1,28.5,,1
8.717459522848255,161524.0,0.0,78.1,28.5,0.0,1
24.35689549880754,189362.0,0.0,78.0,28.5,,1
31.48546747632998,252113.0,0.0,78.0,28.4,,1
26.65384769023863,214662.0,0.0,78.0,28.5,,1
39.9,392129.0,0.0,78.0,28.5,,2
22.214152762432853,267651.0,0.0,78.2,28.5,,1
25.974173430643127,237015.0,0.0,78.2,28.5,,1
16.679295322672033,195751.0,0.0,78.2,28.5,,1
13.644027344744758,270262.0,0.0,78.1,28.5,,1
19.803255217963645,121085.0,0.0,78.1,28.5,,1
29.44858220598322,248086.0,0.0,78.1,28.4,,1
38.46673001401146,268656.0,0.0,77.9,28.5,0.0,1
10.213264036897026,138516.0,0.0,78.0,28.5,,1
17.80527615662063,218744.0,0.0,78.0,28.5,,1
34.431592010001665,249556.0,0.0,78.1,28.5,,1
36.33688498098509,183758.0,0.0,78.0,28.5,,1
34.65264384380448,286049.0,0.0,77.9,28.5,,1
4.8176588856880365,316130.0,0.0,78.0,28.5,,1
25.93458491766353,269602.0,0.0,78.1,28.5,0.0,1
16.351038875715773,313762.0,0.0,78.1,28.5,,1
13.141476707611302,291604.0,0.0,77.9,28.5,,1
33.20607475908671,201291.0,0.0,78.1,28.4,,1
39.9,261576.0,0.0,78.1,28.4,,1
31.538926102710242,173643.0,0.0,78.0,28.5,,1
39.9,188772.0,0.0,78.1,28.5,,1
35.248864327659305,200261.0,0.0,78.1,28.4,,1
18.810111971523174,289437.0,0.0,78.2,28.5,,1
35.27552713675157,186435.0,0.0,78.1,28.5,,1
35.90472169056994,302249.0,0.0,78.1,28.4,,1
15.620465911551076,329932.0,0.0,78.2,28.4,0.0,1
10.43142371751962,218761.0,0.0,77.9,28.5,,1
29.790026240919886,207321.0,0.0,78.0,28.5,,1
27.63819085679341,262053.0,0.0,78.1,28.4,,1
23.129257300772792,291620.0,0.0,78.1,28.4,0.0,1
22.71639207342361,261577.0,0.0,78.1,28.4,,1
36.464718774879024,289534.0,0.0,78.0,28.4,,1
32.86017290814208,192541.0,0.0,78.2,28.4,,1
30.247925755013217,206075.0,0.0,78.1,28.5,,1
12.185850202219736,246414.0,0.0,78.1,28.5,,1
15.957048133484102,289530.0,0.0,78.0,28.4,,1
33.14535459695324,154868.0,0.0,78.1,28.4,,1
16.716974604231098,177010.0,0.0,78.2,28.4,,1
20.373707234071095,272758.0,0.0,78.1,28.4,,1
22.577119018216116,220512.0,0.0,78.1,28.4,,1
38.00176526813139,134757.0,0.0,78.1,28.5,,1
37.368718935182244,222785.0,0.0,78.2,28.5,,1
24.218909898872106,223631.0,0.0,78.1,28.4,,1
39.9,188451.0,0.0,78.1,28.4,,1
25.117363697219357,276371.0,0.0,78.1,28.4,0.0,1
8.889972321148324,204005.0,0.0,78.2,28.5,,1
23.51821466501771,205666.0,0.0,78.1,28.5,,1
16.8440822878085,232506.0,0.0,78.1,28.4,,1
31.49581331646173,232864.0,0.0,78.2,28.4,,1
35.784261944729465,200112.0,0.0,78.2,28.5,,1
12.480777395265473,346317.0,0.0,78.1,28.5,,1
18.420418723344888,184454.0,0.0,78.2,28.5,0.0,1
7.579460582281698,303755.0,0.0,78.1,28.4,,1
21.58695485339941,237314.0,0.0,78.1,28.5,,1
23.407982884133602,300647.0,0.0,78.1,28.5,,1
23.204701660240797,367202.0,0.0,78.1,28.5,0.0,1
26.337605740542294,303089.0,0.0,78.4,28.4,,1
33.052398579044066,248177.0,0.0,78.0,28.4,,1
19.130290139795367,266598.0,0.0,78.0,28.5,,1
30.100987312072732,221370.0,0.0,78.1,28.4,,1
26.66338865950656,311810.0,0.0,78.3,28.5,,1
39.9,292718.0,0.0,78.2,28.4,,1
39.9,218531.0,0.0,78.2,28.4,,1
32.01882252059294,316925.0,0.0,78.1,28.5,,1
16.03666667028004,225720.0,0.0,78.4,28.5,,1
39.9,201245.0,0.0,78.1,28.4,,1
11.588699673442893,326399.0,0.0,78.1,28.4,,1
36.96763224980438,271606.0,0.0,78.3,28.5,,1
24.542892453541725,228073.0,0.0,78.1,28.5,,1
27.819488738090513,328990.0,0.0,78.2,28.4,,1
27.38566126142076,358347.0,0.0,78.2,28.5,0.0,1
16.020580143597698,249015.0,0.0,78.1,28.4,0.0,1
21.269413323360844,195742.0,0.0,78.2,28.5,0.0,1
23.469162669903447,270866.0,0.0,78.2,28.4,,1
30.2423017995203,358522.0,0.0,78.2,28.5,,1
29.644674697235597,307506.0,0.0,78.1,28.5,,1
25.66094246298976,333902.0,0.0,78.1,28.4,,1
39.9,276554.0,0.0,78.0,28.4,0.0,1
15.073409845484187,222559.0,0.0,78.0,28.4,,1
27.81934303205162,272824.0,0.0,78.0,28.4,0.0,1
31.98425134384372,273009.0,0.0,78.0,28.4,,1
25.069849162559386,218190.0,0.0,78.0,28.4,,1
29.011382612642294,342749.0,0.0,78.2,28.5,,1
35.19928605427755,276735.0,0.0,77.9,28.4,,1
35.29566923822751,231446.0,0.0,78.1,28.4,0.0,1
19.917348539166795,212610.0,0.0,78.0,28.4,,1
23.74713377230562,228899.0,0.0,78.2,28.4,,1
37.08274740652139,226233.0,0.0,78.1,28.5,,1
16.972782837750835,347128.0,0.0,78.0,28.4,,1
20.486247689186563,257676.0,0.0,78.0,28.5,,1
29.513228247434117,193165.0,0.0,78.1,28.4,,1
37.354837695030696,281855.0,0.0,78.2,28.4,,1
39.9,216038.0,0.0,78.3,28.4,,1
25.9912579247616,251967.0,0.0,78.1,28.4,,1
27.63888494350022,177269.0,0.0,78.2,28.4,,1
26.108363786922222,178676.0,0.0,78.2,28.4,,1
28.583340711969214,143567.0,0.0,78.2,28.4,,1
6.484131657094135,290927.0,0.0,78.2,28.4,0.0,1
19.53161544805217,200607.0,0.0,78.2,28.4,,1
37.70845621075548,266381.0,0.0,78.1,28.4,,1
33.72090195533784,241687.0,0.0,78.2,28.4,,1
39.9,219774.0,0.0,78.1,28.4,,1
39.9,246931.0,0.0,78.1,28.4,,1
8.454896050872541,274142.0,0.0,78.2,28.4,,1
28.147625614551636,197433.0,0.0,78.2,28.4,,1
15.777807228652852,248765.0,0.0,78.2,28.4,0.0,1
28.497478152479815,126466.0,0.0,78.2,28.4,,1
35.53121452523803,225275.0,0.0,78.3,28.4,,1
11.682525156018237,297053.0,0.0,78.4,28.4,0.0,1
24.76382020581544,310808.0,0.0,78.3,28.4,,1
29.379522629797556,249924.0,0.0,78.3,28.4,,1
23.47270055019844,274135.0,0.0,78.3,28.4,,1
20.864687411906697,207371.0,0.0,78.3,28.4,,1
31.099091226546438,242775.0,0.0,78.3,28.4,,1
25.33567648069006,304468.0,0.0,78.2,28.4,,1
23.86123392264259,250751.0,0.0,78.3,28.4,,1
19.00350488549068,271536.0,0.0,78.3,28.4,,1
28.49827912680088,295038.0,0.0,78.3,28.4,,1
19.208711629931237,227109.0,0.0,78.3,28.4,,1
32.92137399145469,262610.0,0.0,78.4,28.4,,1
15.937818738073053,315327.0,0.0,78.3,28.4,,1
8.01549431599749,289214.0,0.0,78.3,28.4,,1
12.347879640018034,344289.0,0.0,78.3,28.4,,1
9.554002730943767,307612.0,0.0,78.2,28.4,,1
24.18365639988756,231669.0,0.0,78.4,28.4,,1
26.853966564677613,281595.0,0.0,78.4,28.4,,1
15.955994976691304,209210.0,0.0,78.4,28.4,,1
31.49604865112886,164632.0,0.0,78.3,28.4,,1
19.157709068079146,402034.0,0.0,78.4,28.4,,1
15.319870354107191,307390.0,0.0,78.4,28.5,,1
19.14049231286188,275452.0,0.0,78.4,28.5,,1
31.543556905962173,306447.0,0.0,78.4,28.4,,1
22.997461731872242,349444.0,0.0,78.4,28.5,,1
19.1066343541482,261711.0,0.0,78.4,28.4,,1
27.452769322176074,193901.0,0.0,78.4,28.4,,1
22.141277450208793,258075.0,0.0,78.5,28.5,,1
20.678789568705803,372046.0,0.0,78.3,28.5,,1
16.613763264004692,308971.0,0.0,78.4,28.4,,1
33.56459813148786,249306.0,0.0,78.4,28.5,,1
16.34790946147753,211587.0,0.0,78.4,28.4,,1
19.8203270078349,160712.0,0.0,78.5,28.5,,1
14.965345742007095,175876.0,0.0,78.5,28.4,,1
38.45875003177717,280923.0,0.0,78.4,28.5,,1
32.85974098865461,279441.0,0.0,78.3,28.5,,1
26.669676233341633,323034.0,0.0,78.4,28.5,,1
18.892373442682626,255333.0,0.0,78.3,28.5,0.0,1
32.47058827824123,183939.0,0.0,78.3,28.5,,1
39.9,251428.0,0.0,78.4,28.5,,1
26.419894505755927,312843.0,0.0,78.4,28.5,,1
34.149553330102236,251903.0,0.0,78.4,28.5,,1
26.30129438098042,174792.0,0.0,78.3,28.5,,1
19.43534222150024,275860.0,0.0,78.3,28.5,,1
29.438928390428867,311058.0,0.0,78.3,28.5,,1
23.794989417766754,180635.0,0.0,78.4,28.5,0.0,1
35.56730430775678,321804.0,0.0,78.2,28.5,,1
33.9824457285623,241818.0,0.0,78.3,28.5,,1
35.44386051876579,421445.0,0.0,78.4,28.5,,2
26.151523144404756,184413.0,0.0,78.2,28.5,,1
19.13714950447848,281273.0,0.0,78.4,28.4,,1
8.951956891019371,258470.0,0.0,78.4,28.5,,1
28.803366503158827,326756.0,0.0,78.4,28.5,,1
38.10194856054301,293229.0,0.0,78.5,28.5,,1
3.3732098948547034,296052.0,0.0,78.4,28.5,,1
32.05513386060247,262797.0,0.0,78.4,28.5,,1
7.697778738545146,211161.0,0.0,78.4,28.5,,1
13.331772304659337,149249.0,0.0,78.4,28.5,,1
24.970848485852056,210108.0,0.0,78.4,28.5,,1
39.9,241561.0,0.0,78.4,28.5,,1
37.9375315586596,171545.0,0.0,78.4,28.5,,1
19.699104139951302,254844.0,0.0,78.4,28.5,0.0,1
15.918460513923296,228889.0,0.0,78.3,28.5,,1
22.820490937564614,238304.0,0.0,78.4,28.5,,1
39.9,268911.0,0.0,78.3,28.5,,1
29.795105629413033,276982.0,0.0,78.3,28.5,,1
31.126263773371125,245855.0,0.0,78.4,28.5,,1
21.79253628521154,258340.0,0.0,78.5,28.5,,1
36.568039489134726,306311.0,0.0,78.3,28.5,,1
22.59601524311589,288392.0,0.0,78.4,28.5,,1
23.054153369603323,251693.0,0.0,78.4,28.5,,1
20.264766184458026,240917.0,0.0,78.2,28.5,,1
38.4133006954968,254621.0,0.0,78.2,28.5,,1
26.35282508552318,177639.0,0.0,78.3,28.5,,1
21.907560923672705,237934.0,0.0,78.3,28.5,,1
16.70856514556595,251083.0,0.0,78.4,28.5,,1
20.708177097723457,253999.0,0.0,78.3,28.5,,1
26.215030098189345,202212.0,0.0,78.2,28.5,,1
21.012982175168105,253868.0,0.0,78.4,28.5,,1
36.84299431156725,262835.0,0.0,78.3,28.5,,1
18.380648200825725,269950.0,0.0,78.3,28.5,,1
39.9,295835.0,0.0,78.2,28.5,,1
30.475265304356203,286279.0,0.0,78.3,28.5,,1
39.39954041428631,303781.0,0.0,78.3,28.5,,1
30.667603811176576,303432.0,0.0,78.2,28.5,,1
14.183489037359392,174886.0,0.0,78.3,28.5,,1
26.570986506438302,253434.0,0.0,78.3,28.5,,1
19.560899464867425,291292.0,0.0,78.2,28.5,,1
6.371364135487639,223261.0,0.0,78.3,28.5,,1
20.15044455122385,168184.0,0.0,78.2,28.5,,1
39.9,182039.0,0.0,78.2,28.5,,1
19.11659942692314,295398.0,0.0,78.2,28.6,,1
31.460453434287317,194591.0,0.0,78.2,28.5,,1
31.824892092606365,264489.0,0.0,78.3,28.5,,1
39.9,270197.0,0.0,78.3,28.5,,1
23.587581789314683,207174.0,0.0,78.3,28.5,,1
17.55756633044429,208711.0,0.0,78.2,28.5,,1
38.71098813911922,250898.0,0.0,78.1,28.5,0.0,1
30.6524712397473,325712.0,0.0,78.1,28.5,,1
1.4153585779253497,313943.0,0.0,78.3,28.5,,1
25.55396911783334,271752.0,0.0,78.2,28.5,,1
16.715967782517488,212243.0,0.0,78.2,28.5,,1
29.88845889812988,369229.0,0.0,78.1,28.5,,1
35.03313312814902,313276.0,0.0,78.1,28.5,0.0,1
23.079987297385802,219989.0,0.0,78.0,28.5,,1
17.191950484210068,225586.0,0.0,78.1,28.5,,1
4.472175668294746,213754.0,0.0,78.0,28.5,,1
19.396468439401566,241232.0,0.0,78.1,28.5,,1
26.317501097472917,268122.0,0.0,78.2,28.5,,1
24.850746275570398,220927.0,0.0,78.0,28.5,0.0,1
5.366413567344793,221234.0,0.0,78.0,28.5,,1
15.275493623129949,273303.0,0.0,78.0,28.6,,1
34.092873966936935,296928.0,0.0,78.0,28.5,,1
32.569527361278205,243323.0,0.0,77.9,28.5,,1
19.780444345241033,212644.0,0.0,77.9,28.5,,1
9.925010833982494,299592.0,0.0,77.9,28.5,,1
23.252889620700255,187682.0,0.0,78.0,28.5,,1
16.73508624289765,206651.0,0.0,78.2,28.5,0.0,1
25.43024485015127,303373.0,0.0,78.0,28.5,,1
21.52010450404417,137373.0,0.0,78.0,28.5,,1
23.1081966484108,242190.0,0.0,78.1,28.5,,1
22.75079769064478,218626.0,0.0,78.0,28.5,,1
27.174390807258423,253307.0,0.0,77.9,28.5,,1
24.751696858733528,270632.0,0.0,78.0,28.5,,1
20.701671768521464,225670.0,0.0,78.1,28.5,,1
38.801232895854,277967.0,0.0,78.1,28.5,,1
33.269460609427995,311305.0,0.0,78.1,28.5,,1
30.259441806248,296419.0,0.0,78.2,28.5,,1
9.206548379297397,260207.0,0.0,78.0,28.5,,1
23.172815381856726,333884.0,0.0,78.1,28.5,,1
34.276455318033,218477.0,0.0,78.1,28.5,,1
28.727941585292058,258384.0,0.0,78.1,28.5,,1
29.543314331522286,199057.0,0.0,78.0,28.5,,1
28.600164652382254,238592.0,0.0,78.1,28.5,,1
27.824497640556004,213780.0,0.0,78.0,28.5,,1
19.149368286034004,308692.0,0.0,78.2,28.5,,1
14.48452441659839,201112.0,0.0,78.2,28.5,,1
24.48418742784422,211405.0,0.0,78.1,28.5,,1
16.149713677372013,255253.0,0.0,78.1,28.5,,1
9.949341430962953,199601.0,0.0,78.1,28.5,,1
39.9,272973.0,0.0,78.0,28.5,,1
17.53436647730089,270910.0,0.0,78.0,28.5,,1
30.673304769866295,299720.0,0.0,78.0,28.5,0.0,1
23.728439705432695,298824.0,0.0,78.1,28.5,,1
4.615534751178274,197184.0,0.0,77.9,28.5,,1
26.638714017364556,266481.0,0.0,78.0,28.5,,1
15.882177123313582,262970.0,0.0,78.0,28.5,0.0,1
18.761597513127395,236152.0,0.0,78.0,28.5,,1
35.24773800665011,295446.0,0.0,78.0,28.5,,1
15.029396726367375,197137.0,0.0,77.9,28.5,,1
20.88826604446684,248662.0,0.0,78.0,28.5,,1
18.42101511425259,302032.0,0.0,78.0,28.5,,1
28.473898417085554,270304.0,0.0,77.9,28.5,,1
12.334611710550282,308364.0,0.0,78.0,28.5,,1
0.0,291702.0,0.0,77.9,28.5,0.0,1
34.34311737670771,228379.0,0.0,77.9,28.5,,1
37.72910217247424,246845.0,0.0,77.9,28.5,,1
25.62431703327443,266976.0,0.0,78.0,28.5,,1
39.9,317221.0,0.0,77.9,28.5,,1
32.01131200712918,204359.0,0.0,77.9,28.5,,1
26.43589825479492,209343.0,0.0,77.9,28.5,,1
33.22110847282813,257023.0,0.0,77.9,28.5,,1
13.754783203861047,254056.0,0.0,78.0,28.5,,1
16.505825302836946,257560.0,0.0,77.9,28.5,,1
16.409226836347436,251374.0,0.0,78.0,28.5,,1
32.50469861935095,247347.0,0.0,77.9,28.5,0.0,1
21.091117328276113,260163.0,0.0,77.9,28.5,,1
31.97182620792853,194640.0,0.0,77.9,28.5,,1
27.606561547052024,315877.0,0.0,78.0,28.5,0.0,1
30.73656963276715,252887.0,0.0,77.8,28.5,,1
31.397375066988946,272624.0,0.0,78.0,28.5,,1
32.53601109159814,148803.0,0.0,77.9,28.5,,1
9.465438663367348,300241.0,0.0,77.8,28.5,0.0,1
9.947208238385594,270076.0,0.0,77.9,28.5,,1
21.47950343967708,200190.0,0.0,77.9,28.5,,1
28.496497571474734,260051.0,0.0,77.9,28.5,,1
39.9,218759.0,0.0,77.9,28.5,,1
39.40110120069174,267621.0,0.0,77.9,28.5,,1
18.389781184572875,289962.0,0.0,78.0,28.5,,1
30.657385044539513,251792.0,0.0,77.9,28.5,,1
27.662953564406234,220150.0,0.0,78.0,28.5,,1
16.74212874745493,287972.0,0.0,77.9,28.5,,1
22.76060575686726,245995.0,0.0,78.0,28.5,,1
27.79821595944277,263264.0,0.0,77.9,28.5,,1
10.706735290259353,314312.0,0.0,77.9,28.5,,1
26.211821519006783,239867.0,0.0,78.0,28.5,,1
29.308460051697466,261827.0,0.0,77.9,28.5,,1
32.67062689489702,276899.0,0.0,77.9,28.5,,1
32.17846228996267,317549.0,0.0,78.0,28.5,,1
33.83624548970972,241975.0,0.0,77.9,28.5,,1
13.770988439231672,333389.0,0.0,77.9,28.5,,1
22.622766266528874,226344.0,0.0,78.0,28.5,,1
7.632731822355609,266923.0,0.0,77.9,28.5,,1
26.4888660395377,174244.0,0.0,77.8,28.5,,1
29.53274042133176,225090.0,0.0,78.0,28.5,,1
39.9,221531.0,0.0,77.9,28.5,,1
20.64806667802207,206261.0,0.0,78.1,28.5,0.0,1
37.77876521041972,231361.0,0.0,78.1,28.5,0.0,1
17.750858462345033,285347.0,0.0,78.1,28.5,,1
11.196470645868148,281255.0,0.0,78.1,28.5,,1
39.9,278330.0,0.0,78.1,28.5,,1
31.378983162599248,293503.0,0.0,78.1,28.5,,1
39.9,310494.0,0.0,78.1,28.5,,1
29.39669722273024,295194.0,0.0,78.1,28.5,0.0,1
16.140650745348893,288814.0,0.0,78.1,28.5,,1
14.944440288162523,231648.0,0.0,78.1,28.4,,1
0.0,270071.0,0.0,78.1,28.5,,1
18.561279888916474,305557.0,0.0,78.4,28.5,,1
28.901926106054027,306204.0,0.0,78.0,28.5,0.0,1
14.164034553274622,301919.0,0.0,78.1,28.5,,1
39.9,288207.0,0.0,78.1,28.5,,1
32.903490086922886,258479.0,0.0,78.1,28.5,0.0,1
19.753312194346357,288059.0,0.0,78.1,28.5,,1
9.939170895979316,229112.0,0.0,78.2,28.5,,1
7.28943197662818,214817.0,0.0,78.1,28.5,,1
31.42045091893561,275269.0,0.0,78.2,28.5,,1
25.509136955354727,258520.0,0.0,78.2,28.5,,1
6.141353821357907,231371.0,0.0,78.2,28.5,,1
18.1864839356479,217047.0,0.0,78.1,28.5,0.0,1
30.995786278137533,206974.0,0.0,78.0,28.5,,1
18.953191498725893,145646.0,0.0,78.1,28.5,,1
22.058768196238304,195608.0,0.0,78.1,28.5,,1
25.792029286896437,202444.0,0.0,78.2,28.5,,1
26.04542245549216,242765.0,0.0,78.1,28.5,,1
39.9,274860.0,0.0,78.2,28.5,,1
6.6036212743769696,186755.0,0.0,78.1,28.5,,1
25.552080089923333,203507.0,0.0,78.0,28.5,,1
0.0,317477.0,0.0,78.2,28.5,,1
32.20224016905408,276048.0,0.0,78.1,28.5,,1
18.92676954529085,271383.0,0.0,78.2,28.5,,1
17.956396757791182,260242.0,0.0,78.1,28.5,,1
15.794167741635226,325814.0,0.0,78.0,28.5,,1
9.297633459181554,311614.0,0.0,78.0,28.5,0.0,1
25.3891582801733,225526.0,0.0,78.0,28.5,,1
26.67002921695738,286667.0,0.0,78.1,28.5,,1
38.66746736694397,265657.0,0.0,78.2,28.5,,1
16.093039147377226,252781.0,0.0,78.1,28.5,0.0,1
39.9,317383.0,0.0,78.1,28.5,,1
34.08763478124359,289784.0,0.0,78.2,28.5,,1
31.99450090606542,307937.0,0.0,78.1,28.5,,1
20.433712142780948,182245.0,0.0,78.1,28.5,0.0,1
25.690035007370614,209120.0,0.0,78.2,28.5,0.0,1
14.449792446228155,213986.0,0.0,78.2,28.5,,1
39.9,256806.0,0.0,78.1,28.5,,1
28.61907836360988,188881.0,0.0,78.1,28.5,0.0,1
6.562470412073701,209047.0,0.0,78.1,28.5,,1
39.381955852087486,266713.0,0.0,78.1,28.5,,1
30.985950914443922,286928.0,0.0,78.2,28.5,,1
19.086506202017222,319398.0,0.0,78.1,28.5,,1
18.671924007778177,320311.0,0.0,78.1,28.5,,1
29.42302156135341,160547.0,0.0,78.2,28.5,,1
17.519905133994648,160753.0,0.0,78.2,28.5,0.0,1
36.63282132794208,248763.0,0.0,78.1,28.5,0.0,1
2.716575600502196,268787.0,0.0,78.2,28.5,0.0,1
19.6283573761168,175809.0,0.0,78.2,28.5,,1
39.9,255364.0,0.0,78.1,28.5,,1
22.065685976866874,230028.0,0.0,78.1,28.6,,1
9.867205308422278,184772.0,0.0,78.1,28.5,,1
37.84916784875083,226305.0,0.0,78.1,28.5,,1
25.220677009368636,147783.0,0.0,78.0,28.5,,1
11.819079642044944,280490.0,0.0,78.1,28.5,0.0,1
28.777117601138336,337668.0,0.0,78.1,28.5,,1
38.42956331631226,238464.0,0.0,78.2,28.5,,1
29.72953564713271,234169.0,0.0,78.2,28.5,,1
39.9,307450.0,0.0,78.0,28.5,,1
26.696850908577513,260019.0,0.0,78.0,28.5,,1
39.44850287259808,278978.0,0.0,78.3,28.5,,1
39.9,140317.0,0.0,78.1,28.6,,1
29.612282614987983,224228.0,0.0,78.0,28.5,,1
39.9,327319.0,0.0,78.0,28.6,,1
25.328358091013065,326781.0,0.0,78.1,28.6,,1
39.9,253720.0,0.0,78.2,28.5,0.0,1
39.9,248432.0,0.0,78.0,28.5,,1
22.85479049664091,293293.0,0.0,78.1,28.5,,1
21.46209268857686,254266.0,0.0,78.1,28.5,,1
39.0943442405091,250960.0,0.0,78.1,28.5,,1
8.049822070246925,268365.0,0.0,78.0,28.5,,1
18.037064209476053,293263.0,0.0,78.0,28.6,,1
31.961897158262456,323570.0,0.0,78.0,28.5,0.0,1
34.07532300792697,304512.0,0.0,77.9,28.5,,1
18.30903239862287,290199.0,0.0,78.0,28.5,,1
39.9,215567.0,0.0,77.9,28.5,,1
39.9,222532.0,0.0,78.1,28.6,0.0,1
16.480287549500257,264810.0,0.0,78.0,28.5,,1
32.1591041612881,295587.0,0.0,78.0,28.5,,1
15.382375792267982,271727.0,0.0,78.1,28.6,0.0,1
18.144454285164947,175553.0,0.0,77.9,28.5,,1
15.712636844672152,212454.0,0.0,77.9,28.6,,1
30.21595160352507,307610.0,0.0,78.0,28.5,,1
10.267933701247333,267598.0,0.0,77.9,28.5,,1
13.233018142290936,281454.0,0.0,77.9,28.5,,1
18.77269418996252,197433.0,0.0,78.0,28.5,,1
32.99664515347575,220653.0,0.0,77.9,28.6,,1
21.840360486473017,139000.0,0.0,77.9,28.5,,1
34.46551361423474,291045.0,0.0,78.0,28.5,,1
25.05457844281314,173620.0,0.0,77.8,28.5,,1
37.09369178334763,216686.0,0.0,77.8,28.5,,1
20.46646549899412,365602.0,0.0,77.9,28.5,,1
17.963635558907704,287110.0,0.0,77.9,28.5,,1
30.620922620826175,269508.0,0.0,78.0,28.5,,1
27.82000542554511,268819.0,0.0,77.8,28.5,,1
27.719405909405403,247404.0,0.0,77.9,28.6,,1
39.9,184366.0,0.0,77.9,28.5,,1
35.21458104015377,291117.0,0.0,77.9,28.5,0.0,1
31.98399121329401,305848.0,0.0,78.0,28.5,,1
24.07400604731607,156551.0,0.0,77.8,28.5,,1
24.27707340285514,200440.0,0.0,77.9,28.5,0.0,1
17.681407901419362,187879.0,0.0,77.9,28.5,,1
20.226551415561655,220168.0,0.0,78.1,28.5,,1
1.2243017007289758,285011.0,0.0,78.0,28.5,,1
39.9,280311.0,0.0,78.0,28.5,,1
22.970760434657723,247262.0,0.0,78.0,28.5,,1
20.79014131986824,254502.0,0.0,78.0,28.5,,1
24.629919059267664,207947.0,0.0,77.9,28.5,,1
39.9,175642.0,0.0,78.1,28.6,,1
32.18331543194246,244940.0,0.0,78.1,28.5,,1
39.9,267043.0,0.0,78.1,28.5,,1
21.40094462816752,237614.0,0.0,78.0,28.5,,1
25.39906694519761,192860.0,0.0,77.9,28.5,,1
17.331304748820884,160752.0,0.0,77.9,28.5,,1
15.77023101625906,254695.0,0.0,77.9,28.5,,1
28.00175049284521,151033.0,0.0,77.9,28.6,,1
23.627882969557994,278170.0,0.0,77.9,28.5,,1
23.370878066237648,218310.0,0.0,77.8,28.6,,1
20.87838854951786,222961.0,0.0,77.9,28.5,,1
18.632694408919427,258691.0,0.0,77.9,28.6,,1
39.9,212815.0,0.0,77.8,28.5,,1
21.818573673385732,247415.0,0.0,77.9,28.6,,1
18.126455656417065,304911.0,0.0,77.8,28.5,,1
1.2911462669356197,223447.0,0.0,77.8,28.5,,1
33.18313736319962,235295.0,0.0,77.9,28.6,0.0,1
16.791610411497086,272037.0,0.0,77.8,28.5,0.0,1
34.06343235397152,260531.0,0.0,77.6,28.5,,1
16.987796401871165,272810.0,0.0,77.4,28.5,,1
20.979506997252102,287259.0,0.0,77.5,28.5,0.0,1
39.832588848565905,119721.0,0.0,77.5,28.6,,1
26.110674731956326,163213.0,0.0,77.4,28.6,,1
39.9,226593.0,0.0,77.4,28.5,,1
32.46373241825373,248234.0,0.0,77.4,28.5,,1
16.969154192809405,203897.0,0.0,77.4,28.5,,1
39.9,297796.0,0.0,77.4,28.5,,1
39.9,252772.0,0.0,77.4,28.5,,1
27.879196212460002,236640.0,0.0,77.2,28.5,,1
22.12917796884991,197905.0,0.0,77.2,28.5,,1
25.84010190924351,210537.0,0.0,77.1,28.5,,1
29.419089221642025,258500.0,0.0,77.2,28.5,0.0,1
27.87682043675722,333756.0,0.0,77.1,28.5,,1
24.622820502344087,287836.0,0.0,77.1,28.5,,1
39.9,315330.0,0.0,77.1,28.5,,1
36.53169698454845,234665.0,0.0,76.9,28.4,,1
27.29643055567797,184086.0,0.0,76.9,28.5,0.0,1
29.989144009644146,263723.0,0.0,76.9,28.5,,1
25.233851251561813,301359.0,0.0,76.9,28.5,,1
12.922251775756035,331743.0,0.0,76.9,28.4,0.0,1
34.01764687940284,246468.0,0.0,77.0,28.4,0.0,1
23.512704121826065,274030.0,0.0,77.0,28.4,,1
39.9,255080.0,0.0,77.0,28.4,0.0,1
26.440309019792263,250905.0,0.0,77.1,28.4,,1
39.9,231555.0,0.0,77.1,28.4,,1
24.704924013809286,323171.0,0.0,77.2,28.4,,1
26.470108336128636,306852.0,0.0,77.3,28.4,,1
15.887199430970414,239735.0,0.0,77.1,28.4,0.0,1
39.84434038440229,216183.0,0.0,77.1,28.4,,1
23.487009602302926,262834.0,0.0,77.2,28.4,,1
15.108454820070133,229309.0,0.0,77.2,28.4,,1
26.126366818256404,252334.0,0.0,77.2,28.4,,1
37.80352020837135,327072.0,0.0,77.3,28.3,,1
16.439151279990888,255563.0,0.0,77.3,28.3,,1
31.742483084247656,325817.0,0.0,77.4,28.3,,1
32.18490297317129,264545.0,0.0,77.3,28.3,,1
31.665425319826305,283688.0,0.0,77.4,28.3,,1
15.722857077156316,259639.0,0.0,77.3,28.3,,1
39.591609941886915,239632.0,0.0,77.4,28.3,,1
26.294466425474443,237874.0,0.0,77.4,28.3,,1
1.8614050439312493,251029.0,0.0,77.6,28.3,,1
28.017919306528725,224375.0,0.0,77.7,28.3,,1
13.453630511152719,205969.0,0.0,77.5,28.3,,1
32.64187616135564,348626.0,0.0,77.5,28.3,,1
38.824333409054326,182782.0,0.0,77.7,28.3,,1
33.54627310550703,216841.0,0.0,77.6,28.3,,1
19.17732937491223,226901.0,0.0,77.6,28.3,,1
32.060669498554304,297962.0,0.0,77.6,28.3,,1
24.01968928720212,245946.0,0.0,77.7,28.3,0.0,1
29.64263743235793,278399.0,0.0,77.8,28.3,,1
36.762257067585296,185781.0,0.0,77.7,28.3,,1
25.2002733980403,196598.0,0.0,77.8,28.3,0.0,1
24.49057720936597,238691.0,0.0,77.8,28.2,,1
24.532505460972978,210012.0,0.0,77.7,28.2,,1
10.127102067925712,145278.0,0.0,77.9,28.2,0.0,1
23.688198457351596,228449.0,0.0,77.9,28.2,,1
18.24062335196173,316127.0,0.0,77.9,28.3,,1
16.40561813204689,320841.0,0.0,77.9,28.3,,1
39.9,152454.0,0.0,78.0,28.2,,1
25.923814589989696,230015.0,0.0,77.9,28.2,,1
0.0,177767.0,0.0,78.1,28.2,,1
32.74936107108474,350959.0,0.0,78.0,28.2,,1
34.026781426992486,266181.0,0.0,78.0,28.2,,1
24.786676183689124,334133.0,0.0,78.1,28.2,,1
39.9,220657.0,0.0,78.1,28.2,0.0,1
5.000134396897089,145090.0,0.0,78.1,28.2,,1
38.21880992159802,247647.0,0.0,78.0,28.2,0.0,1
26.832419104587185,160467.0,0.0,78.1,28.2,,1
17.468110872115336,235225.0,0.0,78.0,28.2,,1
27.078383833640707,230070.0,0.0,78.0,28.2,,1
14.626738016986573,210771.0,0.0,78.1,28.2,,1
37.08323285947233,262239.0,0.0,78.1,28.2,,1
31.121568069555515,205056.0,0.0,78.2,28.2,0.0,1
0.0,223844.0,0.0,78.1,28.2,,1
16.334294455745034,267450.0,0.0,78.2,28.2,,1
39.9,284758.0,0.0,78.3,28.2,,1
39.9,278438.0,0.0,78.2,28.2,,1
18.70113762427285,267395.0,0.0,78.3,28.2,,1
39.9,341478.0,0.0,78.3,28.1,,1
19.24662631956921,262659.0,0.0,78.4,28.2,,1
10.707331203288549,291233.0,0.0,78.4,28.2,0.0,1
39.9,251989.0,0.0,78.2,28.2,,1
18.32615945639872,268006.0,0.0,78.3,28.2,,1
29.17459031363166,254057.0,0.0,78.3,28.1,0.0,1
26.787151243359528,241309.0,0.0,78.4,28.1,,1
34.959549282264064,286811.0,0.0,78.4,28.2,,1
15.168968528558507,199470.0,0.0,78.4,28.2,,1
22.45625582973438,286841.0,0.0,78.5,28.1,,1
26.480574138908146,217842.0,0.0,78.3,28.1,,1
27.615185967258302,233459.0,0.0,78.5,28.1,,1
33.80486460224131,266652.0,0.0,78.7,28.1,,1
21.847218125478562,261575.0,0.0,78.5,28.1,,1
38.150480595242016,221518.0,0.0,78.6,28.2,,1
29.02656981647161,246476.0,0.0,78.5,28.2,,1
29.269836838620996,217271.0,0.0,78.5,28.2,,1
26.103354331593756,305391.0,0.0,78.6,28.2,,1
15.629930187538926,183529.0,0.0,78.6,28.1,,1
12.085444355130356,191466.0,0.0,78.7,28.2,,1
30.95323287892664,179707.0,0.0,78.7,28.1,,1
22.02104655256469,280914.0,0.0,78.9,28.1,,1
29.166590605485936,230722.0,0.0,78.7,28.2,,1
26.90923731755106,255357.0,0.0,78.7,28.2,,1
22.757590444518137,239458.0,0.0,78.9,28.1,0.0,1
39.9,290465.0,0.0,78.7,28.2,0.0,1
39.9,225151.0,0.0,78.9,28.2,,1
24.150334031118526,183393.0,0.0,78.9,28.1,,1
16.904331979104278,345095.0,0.0,78.8,28.2,,1
19.779657101582437,345964.0,0.0,78.9,28.2,,1
12.566377393201096,197326.0,0.0,78.9,28.2,,1
21.587687789765788,246812.0,0.0,78.9,28.1,,1
34.2308729245013,272538.0,0.0,78.9,28.2,,1
20.83684742655972,243334.0,0.0,79.0,28.2,,1
21.809370802152998,204267.0,0.0,78.9,28.1,,1
16.120370633983782,301394.0,0.0,78.9,28.2,,1
6.718350720728601,330867.0,0.0,79.0,28.2,,1
21.57005774397768,211374.0,0.0,78.9,28.2,,1
32.39759290697269,324260.0,0.0,78.9,28.1,,1
36.17632441603958,275092.0,0.0,78.9,28.2,,1
35.86863489721836,164175.0,0.0,78.9,28.2,0.0,1
19.78169458511852,204441.0,0.0,79.1,28.2,,1
37.246387312151754,230826.0,0.0,78.9,28.2,,1
33.45406556782056,276792.0,0.0,79.0,28.2,,1
16.37693063836319,220652.0,0.0,78.8,28.2,,1
37.938176908147256,211225.0,0.0,79.0,28.2,,1
26.24867610195479,210872.0,0.0,78.9,28.2,0.0,1
21.860478130841393,247691.0,0.0,78.8,28.2,,1
17.171334897025087,201977.0,0.0,78.8,28.2,0.0,1
27.862733367774425,207763.0,0.0,78.9,28.2,,1
16.893424443013274,203047.0,0.0,78.6,28.2,,1
24.220919536686814,297185.0,0.0,78.8,28.2,,1
39.9,213704.0,0.0,78.7,28.2,,1
39.9,199764.0,0.0,78.8,28.2,,1
35.835485233278696,213915.0,0.0,78.7,28.2,,1
16.290767301299894,212762.0,0.0,78.7,28.2,,1
24.47552300350881,278998.0,0.0,78.7,28.2,,1
31.69868037904822,202800.0,0.0,78.8,28.3,,1
15.103407124887314,204168.0,0.0,78.6,28.2,,1
23.886455976144887,239492.0,0.0,78.6,28.2,,1
15.49824537930205,263480.0,0.0,78.7,28.2,0.0,1
39.9,224764.0,0.0,78.6,28.2,0.0,1
20.664881787964667,277983.0,0.0,78.7,28.2,,1
19.41183708263205,283448.0,0.0,78.6,28.2,,1
17.814572932209597,341605.0,0.0,78.7,28.2,,1
28.447749725922947,218998.0,0.0,78.7,28.2,,1
19.11308300530726,224310.0,0.0,78.7,28.2,,1
38.72749666248873,186562.0,0.0,78.7,28.2,,1
18.32058329540495,221916.0,0.0,78.7,28.2,,1
24.84312033243062,236444.0,0.0,78.8,28.2,,1
10.087721686095373,230008.0,0.0,79.2,28.2,,1
24.004493168150315,218595.0,0.0,79.2,28.2,,1
31.867754890476647,295970.0,0.0,79.2,28.3,,1
24.216133002706073,261527.0,0.0,79.2,28.2,,1
3.389440026507291,228944.0,0.0,79.2,28.3,,1
35.048216917579126,228828.0,0.0,79.2,28.3,,1
17.62738323608039,363884.0,0.0,79.1,28.3,,1
39.9,273378.0,0.0,79.2,28.3,,1
36.38910611480048,138703.0,0.0,79.1,28.3,,1
17.124485593712933,226502.0,0.0,79.1,28.3,,1
22.640199011330537,225502.0,0.0,79.2,28.3,,1
0.0,269301.0,0.0,79.2,28.3,,1
30.43654128280607,330094.0,0.0,79.3,28.3,,1
17.116907352250365,206491.0,0.0,79.3,28.3,,1
0.0,235321.0,0.0,79.3,28.3,,1
34.01111781062171,219411.0,1.0,79.3,28.3,,1
39.9,237170.0,0.0,79.3,28.3,,1
26.469922842885556,181844.0,0.0,79.3,28.3,0.0,1
27.872203451752796,151034.0,0.0,79.2,28.4,,1
31.936979550131447,286221.0,0.0,79.2,28.3,,1
38.5929142433651,199001.0,0.0,79.2,28.3,,1
26.605621182974193,278190.0,0.0,79.2,28.4,,1
29.4228163833031,206735.0,0.0,79.2,28.4,,1
1.0801811044385978,267348.0,0.0,79.2,28.3,,1
23.475003216900806,221666.0,0.0,79.1,28.3,,1
32.63945363715466,247754.0,0.0,79.2,28.3,,1
11.808049472322006,153427.0,0.0,79.2,28.3,,1
13.710367348668345,369650.0,0.0,79.2,28.4,,1
32.22776773932773,259430.0,0.0,79.1,28.4,,1
23.18339072814195,237630.0,0.0,79.1,28.4,,1
36.67195983359095,225470.0,0.0,79.1,28.4,,1
30.769204106842928,232578.0,0.0,79.1,28.4,,1
39.9,287114.0,0.0,79.2,28.4,,1
37.45556814683626,220779.0,0.0,79.1,28.4,,1
35.58136112567422,234371.0,0.0,79.1,28.4,,1
26.100348239328493,331752.0,0.0,79.1,28.4,,1
14.57224943243581,260162.0,0.0,79.1,28.4,,1
29.38005258518727,276000.0,0.0,79.1,28.4,,1
20.492155069065348,354313.0,0.0,79.1,28.4,,1
12.050681146597398,322944.0,0.0,79.2,28.4,,1
37.150656055916386,345044.0,0.0,79.2,28.4,,1
9.117729012921798,206558.0,0.0,79.2,28.4,,1
39.9,156148.0,0.0,79.1,28.4,,1
8.935410989595862,225584.0,0.0,79.1,28.4,,1
26.919937886222677,329611.0,0.0,79.2,28.4,,1
23.14734085069642,219588.0,0.0,79.1,28.4,,1
28.11389937696427,273479.0,0.0,79.1,28.4,,1
29.412398221702713,241100.0,0.0,79.0,28.4,,1
5.449138860818504,204119.0,0.0,79.1,28.4,,1
39.20271085267462,259353.0,0.0,79.0,28.5,,1
21.774778808929433,305908.0,0.0,78.9,28.4,,1
13.698833676310516,238732.0,0.0,78.9,28.4,,1
26.37758405174037,227931.0,0.0,78.9,28.4,,1
26.00762822901599,240615.0,0.0,78.9,28.4,,1
11.00656952214125,259073.0,0.0,78.9,28.4,,1
11.716482084871325,258280.0,0.0,78.8,28.5,,1
38.74135824150109,235948.0,0.0,78.8,28.4,,1
13.285168700290138,243650.0,0.0,78.8,28.4,,1
16.680288919214686,279725.0,0.0,78.8,28.5,,1
23.520112524771463,335488.0,0.0,78.8,28.4,,1
36.62989595677338,242345.0,0.0,78.8,28.4,,1
32.15609067973091,230338.0,0.0,78.8,28.4,,1
25.339568851651684,231928.0,0.0,78.8,28.4,,1
32.664559598497085,321649.0,0.0,78.8,28.4,,1
32.98648207191143,296096.0,0.0,78.8,28.5,,1
34.23033437235729,277562.0,0.0,78.8,28.4,,1
13.60713840789732,335048.0,0.0,78.8,28.4,,1
39.9,238306.0,0.0,78.8,28.5,,1
21.293020847838182,280620.0,0.0,78.6,28.4,,1
30.508128351835047,239902.0,0.0,78.7,28.4,,1
12.499743444123958,265285.0,0.0,78.8,28.5,,1
30.514365381755454,286291.0,0.0,78.7,28.5,,1
28.492927723542074,236444.0,0.0,78.7,28.5,,1
34.94002039506278,253292.0,0.0,78.6,28.5,,1
20.350769856352795,240967.0,0.0,78.8,28.5,,1
7.540309675250182,240887.0,0.0,78.7,28.4,0.0,1
31.884365198746686,266989.0,0.0,78.9,28.5,,1
39.9,236851.0,0.0,78.7,28.4,,1
29.87313163053316,289637.0,0.0,78.7,28.5,,1
39.9,257238.0,0.0,78.7,28.5,,1
14.558128211359767,292396.0,0.0,78.6,28.5,,1
39.9,233872.0,0.0,78.7,28.5,,1
33.41081538606416,311436.0,0.0,78.5,28.4,,1
35.170655439701534,256277.0,0.0,78.7,28.5,,1
18.015262417868538,245936.0,0.0,78.5,28.5,0.0,1
29.586004538776308,295411.0,0.0,78.5,28.5,,1
28.339450479990393,231004.0,0.0,78.5,28.5,,1
30.553796561497688,293004.0,0.0,78.5,28.5,,1
28.796100564144805,208190.0,0.0,78.7,28.5,,1
23.1859396528281,297391.0,0.0,78.7,28.5,,1
11.169821912555262,145341.0,0.0,78.6,28.4,,1
39.9,275570.0,0.0,78.6,28.4,,1
31.067300025201064,196159.0,0.0,78.6,28.4,,1
32.37528063466538,263762.0,0.0,78.8,28.4,,1
9.15672422151603,321214.0,0.0,78.7,28.5,,1
26.58683323618729,230195.0,0.0,78.6,28.5,,1
21.220102540147824,149238.0,0.0,78.7,28.5,0.0,1
30.933365996313633,263092.0,0.0,78.8,28.5,,1
23.05919867666905,313924.0,0.0,78.8,28.5,,1
11.161409810041542,220161.0,0.0,78.6,28.5,,1
16.49991745239614,236060.0,0.0,78.7,28.5,,1
25.67470025257223,271500.0,0.0,78.7,28.5,,1
21.530265468948826,206132.0,0.0,78.7,28.5,,1
39.9,370582.0,0.0,78.6,28.5,,1
26.432866718820254,212160.0,0.0,78.3,28.5,,1
39.754541310422944,177662.0,0.0,78.4,28.5,,1
21.652266752951725,215194.0,0.0,78.5,28.5,,1
13.404644495495113,235998.0,0.0,78.4,28.5,,1
16.35827920826035,250632.0,0.0,78.4,28.5,,1
25.27177167672464,218933.0,0.0,78.4,28.5,0.0,1
21.294866434061305,238457.0,0.0,78.5,28.5,,1
33.09846061119427,242578.0,0.0,78.4,28.5,,1
33.24701740786097,279290.0,0.0,78.4,28.5,,1
30.715306969007422,319392.0,0.0,78.4,28.5,,1
13.806091202540902,226340.0,0.0,78.3,28.5,,1
39.9,237134.0,0.0,78.3,28.5,,1
0.0,239851.0,0.0,78.4,28.4,,1
26.349395301632498,119144.0,0.0,78.2,28.5,,1
38.33935639887948,214314.0,0.0,78.3,28.5,,1
28.285631151875155,238700.0,0.0,78.2,28.5,,1
12.116485807959585,196474.0,0.0,78.2,28.5,,1
15.64917163572453,304283.0,0.0,78.3,28.5,,1
23.524618118998482,223906.0,0.0,78.2,28.5,,1
15.653910874097686,309807.0,0.0,78.3,28.5,,1
39.64201272523587,309237.0,0.0,78.5,28.5,,1
29.924373391541668,264491.0,0.0,78.2,28.5,,1
12.840621820240985,237709.0,0.0,78.3,28.5,,1
18.161397966535635,158724.0,0.0,78.4,28.5,,1
35.57043419165366,215208.0,0.0,78.5,28.5,0.0,1
36.95941907435307,294087.0,0.0,78.4,28.5,,1
30.56717976633419,280644.0,0.0,78.4,28.5,,1
18.846861179262923,342892.0,0.0,78.5,28.5,,1
25.43125430953049,265096.0,0.0,78.3,28.5,,1
18.50923666433361,203441.0,0.0,78.3,28.5,,1
29.772960088094234,260875.0,0.0,78.3,28.4,,1
17.106476340974226,178078.0,0.0,78.4,28.5,,1
12.300769126724528,309806.0,0.0,78.4,28.4,,1
18.867461853499286,233054.0,0.0,78.5,28.5,,1
39.50340258759062,193892.0,0.0,78.4,28.5,,1
17.73005174282943,211561.0,0.0,78.4,28.5,,1
39.9,349669.0,0.0,78.2,28.5,,1
32.51563225402171,289169.0,0.0,78.3,28.5,,1
19.19644997147269,347366.0,0.0,78.3,28.4,,1
27.67696254358662,292655.0,0.0,78.4,28.4,,1
23.94475061229046,236598.0,0.0,78.3,28.5,,1
39.9,276986.0,0.0,78.3,28.4,,1
39.51375461070381,262766.0,0.0,78.2,28.4,,1
16.51633463576909,220832.0,0.0,78.3,28.4,,1
26.029652424646105,218674.0,0.0,78.5,28.4,,1
13.925385913723094,310070.0,0.0,78.4,28.4,,1
19.551299291764877,256909.0,0.0,78.5,28.5,,1
27.96133589885605,220592.0,0.0,78.4,28.4,,1
39.507994663087395,194142.0,0.0,78.3,28.4,0.0,1
27.616252635807708,262305.0,0.0,78.2,28.4,,1
24.45745397135852,185154.0,0.0,78.1,28.4,,1
33.70817551863464,287175.0,0.0,77.9,28.4,,1
18.244314714087835,285374.0,0.0,78.0,28.4,,1
28.749076863007758,185969.0,0.0,78.0,28.4,,1
16.460710854286425,306914.0,0.0,77.9,28.4,,1
28.094161851420502,221784.0,0.0,77.9,28.4,0.0,1
16.415241088273582,224230.0,0.0,78.0,28.4,,1
20.555204701222955,207701.0,0.0,78.0,28.4,0.0,1
7.582358876166978,307000.0,0.0,78.0,28.4,,1
34.70633672611443,186337.0,0.0,78.0,28.4,,1
26.363112955636677,204888.0,0.0,78.0,28.4,,1
22.384327767734646,232761.0,0.0,78.1,28.4,,1
20.721657842821273,350147.0,0.0,78.1,28.4,,1
20.596743153238094,209586.0,0.0,78.2,28.4,,1
17.37418570502952,302188.0,0.0,78.0,28.4,,1
8.478976683070652,211868.0,0.0,78.2,28.4,,1
39.46822840111534,262199.0,0.0,78.3,28.4,,1
26.919220050361133,356607.0,0.0,78.4,28.4,,1
27.46347952948499,214590.0,0.0,78.4,28.4,,1
22.179229431236514,193228.0,0.0,78.4,28.4,,1
37.559370400156965,278728.0,0.0,78.4,28.4,,1
36.24414149970889,310649.0,0.0,78.4,28.4,,1
20.857892190724673,202762.0,0.0,78.5,28.3,,1
24.48286888691954,206361.0,0.0,78.6,28.4,,1
26.649568754090247,306604.0,0.0,78.6,28.4,,1
23.318603539508327,257499.0,0.0,78.8,28.4,,1
24.061543837766333,290136.0,0.0,78.7,28.4,,1
18.3221760571171,140177.0,0.0,78.7,28.4,,1
29.70868859375381,299391.0,0.0,78.9,28.4,,1
29.463742447585357,217988.0,0.0,78.7,28.4,,1
13.64987901813931,274724.0,0.0,78.7,28.4,,1
26.414789529346738,243710.0,0.0,78.7,28.4,,1
39.9,202659.0,0.0,78.7,28.3,,1
39.9,251589.0,0.0,78.8,28.4,,1
6.644295231291252,241039.0,0.0,78.7,28.4,,1
34.59496076599441,231747.0,0.0,78.8,28.4,,1
10.25221458761605,241774.0,0.0,78.8,28.4,,1
16.428276261082942,274590.0,0.0,78.7,28.3,0.0,1
32.733998160676116,197186.0,0.0,78.7,28.3,,1
17.941959448843505,287832.0,0.0,78.8,28.4,,1
16.411557217010408,195892.0,0.0,78.8,28.3,,1
13.213088682037453,267601.0,0.0,78.9,28.4,,1
28.091577195174644,215797.0,0.0,78.9,28.4,,1
25.05085396128234,326356.0,0.0,78.8,28.3,,1
15.259398430817782,152412.0,0.0,78.8,28.4,,1
29.550755757203703,244479.0,0.0,78.9,28.3,,1
17.899749131848985,282604.0,0.0,78.8,28.4,,1
33.3922514466879,139586.0,0.0,78.6,28.4,,1
18.474020906685116,365875.0,0.0,78.8,28.4,,1
30.83404915798191,283805.0,0.0,78.8,28.3,,1
36.72894278631478,250853.0,0.0,78.8,28.4,,1
32.9668416009162,285903.0,0.0,78.9,28.4,,1
30.39041496752759,233899.0,0.0,78.8,28.3,,1
26.72058922366259,220581.0,0.0,78.7,28.4,,1
25.12814304566495,191575.0,0.0,78.8,28.4,,1
17.093760087270475,235884.0,0.0,78.7,28.4,,1
15.562945685699239,224749.0,0.0,78.8,28.3,,1
23.36074023244484,270113.0,0.0,78.8,28.4,,1
34.49257301852909,226810.0,0.0,78.8,28.4,,1
38.35104617268624,296930.0,0.0,78.7,28.4,,1
30.04093831943942,257682.0,0.0,78.8,28.3,,1
28.191208418685413,309352.0,0.0,78.8,28.4,,1
37.23579659759274,316747.0,0.0,78.9,28.4,,1
25.413268318770033,277748.0,0.0,78.9,28.3,,1
38.435465066220516,218814.0,0.0,78.8,28.4,,1
21.815831462816963,250801.0,0.0,78.7,28.4,,1
33.995987379794066,295758.0,0.0,78.9,28.4,,1
22.69135888802065,174569.0,0.0,78.9,28.3,,1
27.461839442959672,204084.0,0.0,78.8,28.4,0.0,1
10.100637953597776,186806.0,0.0,78.8,28.4,,1
28.263810078455606,318051.0,0.0,78.8,28.4,,1
25.38894516236244,260569.0,0.0,78.8,28.4,,1
36.82894938877925,172777.0,0.0,78.8,28.4,,1
30.201764216002715,249420.0,0.0,78.8,28.4,,1
30.66057458832067,225825.0,0.0,78.8,28.4,,1
16.820627095735176,257025.0,0.0,78.9,28.3,0.0,1
39.9,293045.0,0.0,78.8,28.4,,1
19.923072298199084,182951.0,0.0,79.0,28.4,,1
8.179327163022144,315804.0,0.0,79.0,28.4,,1
15.449177118641725,233724.0,0.0,79.0,28.4,0.0,1
38.212111260775764,169304.0,0.0,78.9,28.4,0.0,1
39.9,237317.0,0.0,78.9,28.4,,1
13.514166847612612,237632.0,0.0,79.0,28.4,,1
17.774032185985224,272040.0,0.0,79.1,28.4,,1
18.518675661122224,154417.0,0.0,79.0,28.4,,1
22.794374655910104,182172.0,0.0,79.0,28.3,,1
27.043198839883196,190643.0,0.0,79.0,28.4,,1
20.119871968279142,259129.0,0.0,79.0,28.4,,1
22.875412749657304,262521.0,0.0,79.0,28.4,,1
31.80287165717757,192103.0,0.0,79.0,28.4,,1
24.35602459375292,83524.0,0.0,79.0,28.4,,1
27.473333016825237,234959.0,0.0,78.9,28.4,,1
15.165502365220288,265785.0,0.0,78.9,28.4,,1
36.726975771850675,226199.0,0.0,78.9,28.4,,1
15.551855097582798,258251.0,0.0,78.9,28.4,,1
11.643933333536394,216980.0,0.0,79.0,28.4,,1
37.22402161650503,253108.0,0.0,79.0,28.4,,1
6.205330360538337,160150.0,0.0,78.9,28.4,,1
26.620856926467756,293119.0,0.0,78.9,28.4,,1
8.823785413738499,272485.0,0.0,78.9,28.4,,1
38.30343507489719,344392.0,0.0,78.9,28.4,,1
28.312227598598763,275340.0,0.0,78.8,28.4,,1
3.6681557237185594,354987.0,0.0,78.8,28.4,,1
19.245097869038787,203326.0,0.0,78.7,28.4,0.0,1
22.447938655603753,325583.0,0.0,78.9,28.4,,1
39.9,256270.0,0.0,78.9,28.4,,1
34.98084172603655,252160.0,0.0,78.8,28.4,,1
14.62204526981816,323837.0,0.0,78.8,28.4,,1
18.77872519643611,326776.0,0.0,78.7,28.4,,1
37.98541329769084,280701.0,0.0,78.9,28.4,,1
39.9,361617.0,0.0,78.9,28.4,,1
23.247566370356886,209560.0,0.0,78.8,28.4,0.0,1
6.357301627435277,362234.0,0.0,78.8,28.4,,1
20.603179910815506,306751.0,0.0,78.7,28.4,,1
17.58744632490517,326913.0,0.0,78.8,28.4,,1
17.998824081845868,190414.0,0.0,78.9,28.4,,1
22.914935690462496,223411.0,0.0,78.8,28.4,,1
30.962997854612127,247430.0,0.0,78.8,28.4,,1
31.277023945519215,235448.0,0.0,78.9,28.3,,1
18.34892628981195,220821.0,0.0,78.9,28.4,,1
39.9,261258.0,0.0,78.9,28.4,,1
5.162377905469555,223989.0,0.0,78.9,28.4,,1
25.968660324758755,342269.0,0.0,78.8,28.4,,1
35.286987158898995,203914.0,0.0,78.9,28.4,0.0,1
39.9,248441.0,0.0,78.9,28.4,,1
37.46329811074945,192249.0,0.0,78.9,28.4,,1
1.0183690474910243,179578.0,0.0,78.9,28.4,,1
0.0,355604.0,0.0,78.9,28.4,,1
27.14532918886416,203767.0,0.0,78.9,28.4,,1
29.52624029980121,259466.0,0.0,78.9,28.4,,1
31.209333956139915,310476.0,0.0,78.9,28.4,,1
22.100788469749848,206008.0,0.0,78.8,28.4,,1
33.27775214371918,290116.0,0.0,78.8,28.4,,1
26.00735808121345,358877.0,0.0,78.9,28.4,,1
20.62177877138348,205007.0,0.0,78.9,28.4,,1
29.180914275066016,216253.0,0.0,78.9,28.4,,1
29.955165241448956,208349.0,0.0,78.8,28.4,0.0,1
20.997577170681144,344542.0,0.0,78.8,28.4,,1
20.944126432523213,210057.0,0.0,78.8,28.4,,1
36.706787887065005,197447.0,0.0,78.8,28.4,,1
18.07056769852932,278828.0,0.0,78.8,28.4,,1
34.38411423873292,311023.0,0.0,78.9,28.4,,1
17.527781677795154,279800.0,0.0,78.8,28.4,,1
20.338918004558202,219717.0,0.0,78.8,28.4,,1
37.03212782292285,222522.0,0.0,78.8,28.4,,1
27.7820459602098,257778.0,0.0,78.8,28.4,,1
14.292456236614974,298304.0,0.0,78.9,28.4,,1
30.602808936789536,150685.0,0.0,78.9,28.4,,1
27.774211112373433,211351.0,0.0,78.9,28.4,,1
35.97075306412628,177730.0,0.0,78.8,28.4,,1
21.435230313704558,268101.0,0.0,78.7,28.4,,1
25.54340294141875,288147.0,0.0,78.8,28.4,,1
9.815780139907108,332595.0,0.0,78.8,28.4,,1
30.251446587882715,317985.0,0.0,78.9,28.4,,1
33.742401692332415,249419.0,0.0,78.9,28.4,0.0,1
12.158017890888393,221822.0,0.0,78.8,28.4,,1
39.9,319271.0,0.0,78.9,28.4,,1
18.804000198963102,109084.0,0.0,78.8,28.4,,1
22.873102656948813,235614.0,0.0,78.9,28.4,,1
22.502273879596167,276426.0,0.0,78.9,28.4,,1
33.76212579321663,299514.0,0.0,78.9,28.4,,1
29.45709140135367,159961.0,0.0,78.9,28.4,,1
21.588002673067045,365204.0,0.0,78.9,28.4,,1
28.742167348024783,268390.0,0.0,78.9,28.4,,1
28.594859397738578,270768.0,0.0,78.9,28.4,,1
1.1688781891407665,238023.0,0.0,78.9,28.4,,1
24.621071682053106,314074.0,0.0,78.9,28.4,,1
25.47672894622296,167674.0,0.0,79.0,28.4,,1
29.30089156171752,209808.0,0.0,79.0,28.4,,1
12.832143589185822,208292.0,0.0,78.9,28.4,,1
30.425042296645156,312938.0,0.0,78.9,28.4,,1
29.829299451775867,281601.0,0.0,79.0,28.4,,1
29.730452728380012,255066.0,0.0,78.9,28.4,,1
31.969306349627576,129061.0,0.0,78.9,28.4,,1
26.110883513048332,197753.0,0.0,78.8,28.4,,1
36.629025725441394,242642.0,0.0,78.9,28.4,,1
25.3094808826783,174746.0,0.0,78.9,28.4,0.0,1
35.168308890128515,281366.0,0.0,78.8,28.4,,1
30.56947882340503,209348.0,0.0,78.8,28.4,,1
17.2636015506187,261179.0,0.0,78.9,28.5,,1
18.05501589751949,271744.0,0.0,78.8,28.4,,1
3.3908739723327805,225622.0,0.0,78.8,28.4,,1
39.9,271974.0,0.0,78.8,28.4,,1
26.667936645309926,349261.0,0.0,78.9,28.4,,1
1.64046381198564,209234.0,0.0,78.9,28.4,,1
20.988268282526107,292917.0,0.0,78.9,28.5,,1
33.756563632282365,206699.0,0.0,78.8,28.4,,1
34.979543221425494,229834.0,0.0,78.8,28.4,,1
37.11639625649167,198367.0,0.0,78.7,28.4,,1
23.766884009338394,225491.0,0.0,78.9,28.4,,1
35.56030371565714,223860.0,0.0,78.9,28.4,,1
24.57551470988244,275340.0,0.0,78.8,28.4,,1
30.452584830261195,294347.0,0.0,78.9,28.4,,1
27.111247768446667,229087.0,0.0,78.8,28.4,,1
21.503012546412496,251283.0,0.0,78.7,28.4,,1
27.495924760743833,242641.0,0.0,78.8,28.4,,1
25.19203420965547,174137.0,0.0,78.8,28.4,0.0,1
31.673552844546784,259055.0,0.0,78.8,28.4,,1
35.018704135410886,250008.0,0.0,78.8,28.4,,1
7.616024214782136,232077.0,0.0,78.8,28.4,0.0,1
23.000700768815832,287145.0,0.0,78.7,28.5,0.0,1
4.29726455486605,252058.0,0.0,78.8,28.4,,1
30.13675215793306,216925.0,0.0,78.8,28.4,,1
25.746280098168473,218648.0,0.0,78.8,28.4,,1
17.704270667796095,229579.0,0.0,78.8,28.4,,1
17.89308007532989,284180.0,0.0,78.9,28.4,,1
17.65048123164622,204854.0,0.0,78.8,28.5,,1
39.9,298037.0,0.0,79.0,28.4,0.0,1
6.3848663934079966,211761.0,0.0,78.9,28.4,,1
27.42462971722711,266187.0,0.0,78.9,28.4,0.0,1
10.095071342631066,307928.0,0.0,78.9,28.4,,1
33.25224419181626,274095.0,0.0,79.0,28.4,,1
38.56728490712121,272614.0,0.0,79.0,28.4,,1
29.485808792518473,327883.0,0.0,78.9,28.4,,1
36.01219580727709,207924.0,0.0,79.1,28.4,,1
31.331951786719152,216786.0,0.0,79.0,28.4,,1
30.04154550950278,273830.0,0.0,79.0,28.4,,1
11.16532687544014,243907.0,0.0,79.0,28.4,,1
27.65257023580402,228185.0,0.0,79.0,28.4,0.0,1
28.147099423907598,290294.0,0.0,79.1,28.4,,1
24.694069357692445,261229.0,0.0,79.0,28.4,,1
38.83424078555975,273659.0,0.0,79.0,28.5,,1
27.008242896744736,202096.0,0.0,79.0,28.4,,1
31.710260113888488,266507.0,0.0,79.0,28.4,,1
37.83739433701408,252343.0,0.0,79.0,28.4,,1
6.837334998660044,164993.0,0.0,79.0,28.4,,1
32.356807637597335,221490.0,0.0,79.0,28.5,,1
29.367677511104972,255711.0,0.0,79.0,28.4,,1
23.331603323060794,245181.0,0.0,79.0,28.4,,1
16.34610494954773,249211.0,0.0,79.1,28.5,,1
19.15506567205601,231387.0,0.0,78.9,28.4,,1
21.76350955290839,238665.0,0.0,79.1,28.5,0.0,1
34.22173456507086,243510.0,0.0,79.0,28.4,,1
35.23702336590098,326892.0,0.0,79.0,28.4,,1
33.549446510561495,276723.0,0.0,79.1,28.5,,1
28.268322094835202,293267.0,0.0,79.1,28.5,,1
25.893607385962394,299228.0,0.0,79.1,28.4,,1
31.14105805289684,232007.0,0.0,79.1,28.5,,1
33.95850880102806,254574.0,0.0,79.0,28.5,,1
23.93867992387684,226190.0,0.0,79.0,28.5,,1
26.660188478745724,299823.0,0.0,79.0,28.5,,1
33.88940005593037,267669.0,0.0,79.0,28.5,,1
30.996436407250354,313584.0,0.0,79.0,28.5,,1
23.50033708829139,194228.0,0.0,79.0,28.5,,1
38.011298521785726,223511.0,0.0,78.9,28.4,,1
18.096618766560955,160190.0,0.0,79.0,28.5,,1
30.712830531642965,168927.0,0.0,78.9,28.5,,1
17.49741192308263,279411.0,0.0,79.0,28.4,,1
32.21921252408372,217414.0,0.0,79.0,28.5,,1
23.658466730075947,206370.0,0.0,78.9,28.4,,1
19.516032121888173,263310.0,0.0,78.9,28.4,,1
19.983533212035425,237789.0,0.0,78.9,28.4,,1
10.35293318382433,306647.0,0.0,78.9,28.5,,1
30.100665931710658,289645.0,0.0,79.0,28.4,,1
37.90425324616862,208739.0,0.0,78.8,28.5,,1
21.416055169719762,155258.0,0.0,78.9,28.5,,1
39.9,242520.0,0.0,78.9,28.4,,1
35.38727899914912,188091.0,0.0,78.9,28.5,,1
34.96388425643009,342879.0,0.0,78.8,28.5,,1
24.397192509720185,199455.0,0.0,78.9,28.5,,1
23.61203599054464,138661.0,0.0,78.9,28.5,,1
24.621132989781582,291048.0,0.0,78.8,28.5,,1
24.64242355626486,235793.0,0.0,78.9,28.5,,1
30.275681161120332,280201.0,0.0,79.0,28.4,,1
8.400944374948175,254441.0,0.0,78.9,28.5,,1
39.9,183249.0,0.0,78.8,28.5,,1
24.145811671669335,347087.0,0.0,78.9,28.5,,1
36.041751565436755,224330.0,0.0,78.8,28.5,,1
27.061353796226037,249894.0,0.0,78.9,28.5,,1
17.519281956783324,246287.0,0.0,78.8,28.4,,1
22.20033867193471,255637.0,0.0,78.8,28.5,,1
17.516168193089666,186169.0,0.0,78.8,28.4,,1
24.587192266076293,335755.0,0.0,78.8,28.5,,1
25.822029262627964,233420.0,0.0,78.7,28.5,,1
32.54085805038498,242084.0,0.0,78.8,28.5,,1
39.9,249804.0,0.0,78.7,28.5,,1
32.004970631581635,212269.0,0.0,78.8,28.5,,1
30.030892533366625,263754.0,0.0,78.8,28.5,,1
24.43493875340792,224912.0,0.0,78.7,28.4,,1
18.619698343476255,264117.0,0.0,78.7,28.5,,1
31.289391096964735,243641.0,0.0,78.6,28.4,,1
27.872679291207923,248104.0,0.0,78.8,28.5,,1
25.98526024905388,239977.0,0.0,78.8,28.4,,1
25.179725793683083,384902.0,0.0,78.8,28.4,,1
28.116342988074248,282264.0,0.0,78.8,28.5,,1
29.38023605328097,236859.0,0.0,78.7,28.5,,1
37.93989213291668,235441.0,0.0,78.7,28.4,0.0,1
35.55054548942552,233289.0,0.0,78.8,28.4,,1
15.40027480855959,268269.0,0.0,78.9,28.5,,1
13.953316438978934,276782.0,0.0,78.7,28.5,,1
13.058413439086834,234049.0,0.0,78.8,28.5,,1
10.682703034752585,391208.0,0.0,78.8,28.4,,1
8.460404403836858,250490.0,0.0,78.8,28.4,,1
36.433042743300135,301819.0,0.0,78.8,28.4,,1
33.51342122173137,234138.0,0.0,78.8,28.4,,1
38.51088946337002,295669.0,0.0,78.8,28.5,,1
27.122996176604765,262029.0,0.0,78.7,28.4,,1
21.960773523846274,204517.0,0.0,78.8,28.5,,1
37.37150975478716,315610.0,0.0,78.8,28.4,,1
16.158908589700786,242310.0,0.0,79.0,28.4,0.0,1
23.56576783541071,248367.0,0.0,78.8,28.4,,1
25.642948785875816,297343.0,0.0,78.9,28.4,,1
17.527826915132565,207682.0,0.0,78.9,28.4,0.0,1
37.36619742142975,226867.0,0.0,78.9,28.4,,1
12.369646464229337,225743.0,0.0,78.8,28.5,,1
21.699472647559993,327748.0,0.0,78.9,28.4,,1
34.248262123767375,307376.0,0.0,78.9,28.4,,1
33.19973642346786,297312.0,0.0,78.9,28.5,,1
18.11917873419682,240069.0,0.0,78.9,28.4,0.0,1
15.100846869764512,239475.0,0.0,78.9,28.4,,1
31.84104990934741,256729.0,0.0,78.8,28.4,,1
38.114808189602954,192929.0,0.0,78.9,28.4,,1
30.002383506982397,187584.0,0.0,78.8,28.4,0.0,1
25.941764691736424,287016.0,0.0,78.9,28.4,0.0,1
22.85497433175781,277556.0,0.0,78.7,28.5,0.0,1
15.40267665167066,166815.0,0.0,78.7,28.4,,1
30.57029622487803,337200.0,0.0,78.8,28.4,,1
15.03955059830108,311109.0,0.0,78.8,28.4,0.0,1
25.43423408816411,183215.0,0.0,78.6,28.5,,1
13.684946986478375,250789.0,0.0,78.6,28.4,,1
20.955377120758964,184354.0,0.0,78.8,28.4,,1
8.05960718774595,207664.0,0.0,78.7,28.4,,1
26.93809008331118,249679.0,0.0,78.8,28.4,,1
19.987620424999218,260094.0,0.0,78.7,28.5,,1
35.40026719862688,269706.0,0.0,78.7,28.4,,1
23.786913286104195,296403.0,0.0,78.8,28.4,,1
15.40149697783705,238754.0,0.0,78.8,28.4,,1
22.98912064399632,188152.0,0.0,78.8,28.4,,1
20.801258377156422,146252.0,0.0,78.8,28.4,,1
39.9,203129.0,0.0,78.8,28.4,,1
39.9,251904.0,0.0,78.7,28.4,,1
30.648641321559587,225560.0,0.0,78.8,28.4,,1
27.079296919616745,282524.0,0.0,78.8,28.4,,1
31.64552414394182,288738.0,0.0,78.9,28.4,,1
21.316672899608236,225982.0,0.0,78.9,28.4,,1
9.058236747323964,276160.0,0.0,78.9,28.4,,1
35.82378711323443,330799.0,0.0,78.8,28.4,,1
28.05172634580508,211676.0,0.0,78.7,28.4,,1
8.029038567105445,302083.0,0.0,78.6,28.4,,1
7.037234332224646,232969.0,0.0,78.6,28.4,0.0,1
22.756931720563543,246527.0,0.0,78.7,28.4,,1
25.3580260003584,256907.0,0.0,78.5,28.4,,1
0.8463673792147048,250732.0,0.0,78.7,28.4,,1
2.7042442588812285,286610.0,0.0,78.6,28.4,,1
19.44874844196388,142148.0,0.0,78.6,28.4,,1
16.857953226146243,221496.0,0.0,78.5,28.4,,1
36.90699617555005,259831.0,0.0,78.6,28.4,,1
28.444449443505803,309061.0,0.0,78.6,28.4,,1
24.038557120755105,287709.0,0.0,78.6,28.4,,1
31.83861113931992,185676.0,0.0,78.7,28.4,0.0,1
39.729835776298295,178984.0,0.0,78.4,28.4,,1
34.17366649477848,174146.0,0.0,78.7,28.4,,1
31.01236788151673,343095.0,0.0,78.7,28.3,,1
22.870213434497888,237182.0,0.0,78.6,28.4,,1
31.104399993168492,233530.0,0.0,78.5,28.3,,1
39.9,259609.0,0.0,78.6,28.4,,1
21.79830491779274,222985.0,0.0,78.5,28.4,,1
15.670515298269795,218612.0,0.0,78.7,28.4,,1
21.493266063414037,225618.0,0.0,78.7,28.3,,1
18.41824725862896,354942.0,0.0,78.5,28.3,,1
14.699049235105102,257331.0,0.0,78.6,28.4,,1
30.92521009760872,281505.0,0.0,78.4,28.4,,1
24.41392924217528,237964.0,0.0,78.6,28.4,,1
29.515474912395064,263326.0,0.0,78.4,28.4,,1
22.410411652324868,171906.0,0.0,78.5,28.3,,1
20.320762776667525,192672.0,0.0,78.6,28.3,,1
18.328404499336735,251661.0,0.0,78.5,28.3,,1
28.587361439966163,339022.0,0.0,78.6,28.3,,1
19.62593621096186,288731.0,0.0,78.5,28.3,0.0,1
28.059600244378366,314799.0,0.0,78.7,28.3,,1
30.76228719595626,199575.0,0.0,78.6,28.3,,1
7.769539707087688,265563.0,0.0,78.7,28.3,,1
19.715490020996093,200984.0,0.0,78.6,28.3,,1
12.324222954669224,258048.0,0.0,78.6,28.3,,1
39.9,229566.0,0.0,78.5,28.3,,1
30.902703110753222,244886.0,0.0,78.6,28.3,,1
12.10617910896607,286740.0,0.0,78.3,28.3,,1
14.053079559726287,251081.0,0.0,78.6,28.3,,1
21.58479584994695,294653.0,0.0,78.5,28.3,,1
14.418490075293134,269543.0,0.0,78.5,28.3,,1
16.60202592651299,224444.0,0.0,78.6,28.3,,1
0.0,354604.0,0.0,78.6,28.3,,1
30.505569328262318,211632.0,0.0,78.5,28.2,,1
13.753443116670061,225217.0,0.0,78.5,28.3,0.0,1
32.168795348194514,155395.0,0.0,78.7,28.3,,1
23.584155807056618,338532.0,0.0,78.7,28.3,,1
13.660536640321958,254019.0,0.0,78.5,28.2,,1
39.9,281607.0,0.0,78.6,28.3,,1
26.25923820485455,275331.0,0.0,78.7,28.3,,1
20.991346649902976,314981.0,0.0,78.6,28.3,,1
21.00669977099788,152040.0,0.0,78.6,28.3,0.0,1
21.0869689605954,201663.0,0.0,78.6,28.2,0.0,1
22.188059878025708,237045.0,0.0,78.7,28.2,,1
36.97423199804908,284764.0,0.0,78.8,28.2,0.0,1
27.632654875753964,249852.0,0.0,78.6,28.2,,1
14.411419911420056,140941.0,0.0,78.7,28.2,,1
26.13160011392783,289732.0,0.0,78.6,28.2,,1
23.916661167554107,223257.0,0.0,78.5,28.2,,1
29.645021652142127,245833.0,0.0,78.6,28.2,,1
39.9,311636.0,0.0,78.6,28.2,,1
34.59508057023329,287886.0,0.0,78.6,28.2,,1
12.098325855485431,283149.0,0.0,78.6,28.2,,1
28.763259576465753,280321.0,0.0,78.6,28.2,,1
29.926094868130527,272638.0,0.0,78.7,28.2,,1
39.9,246190.0,0.0,78.8,28.2,,1
34.363373808293304,226450.0,0.0,78.7,28.2,,1
32.90641583887672,296965.0,0.0,78.8,28.2,0.0,1
28.64426077135348,333462.0,0.0,78.8,28.2,,1
16.157239636395825,225638.0,0.0,78.8,28.2,,1
27.123800860234894,294040.0,0.0,78.8,28.2,0.0,1
26.794295212949333,314287.0,0.0,78.7,28.2,,1
18.383101290336807,192971.0,0.0,78.8,28.2,,1
28.081283365365046,246140.0,0.0,78.7,28.2,,1
30.4286372035822,248629.0,0.0,78.9,28.2,0.0,1
21.59980209376543,246253.0,0.0,78.7,28.2,,1
25.28848894793185,234750.0,0.0,78.8,28.2,0.0,1
22.96867953676572,229820.0,0.0,78.9,28.2,,1
33.56665119869407,259701.0,0.0,78.8,28.1,0.0,1
39.9,258035.0,0.0,78.8,28.1,,1
19.49142529671338,383533.0,0.0,78.8,28.1,,1
29.136263777143355,299506.0,0.0,78.9,28.1,,1
30.921029832024914,281150.0,0.0,78.8,28.2,,1
30.35654051352474,194895.0,0.0,78.7,28.2,,1
28.67529047561412,183756.0,0.0,78.8,28.2,,1
23.256371635874657,213719.0,0.0,78.8,28.2,,1
28.57470185848724,266706.0,0.0,78.9,28.2,,1
29.81145890765187,264364.0,0.0,78.8,28.1,,1
18.93174658213601,236949.0,0.0,78.8,28.2,,1
34.203961612544845,303392.0,0.0,79.0,28.1,,1
13.532169013734507,173453.0,0.0,78.9,28.1,,1
17.73110616795288,302260.0,0.0,78.9,28.2,,1
37.14884030183035,203764.0,0.0,78.9,28.1,,1
28.073093537363384,341721.0,1.0,78.8,28.2,,1
29.153114772403338,321075.0,0.0,78.9,28.1,,1
34.98726570083098,204490.0,0.0,78.8,28.1,,1
23.10018576502922,251737.0,0.0,78.9,28.1,,1
26.0413338802134,295816.0,0.0,79.0,28.1,,1
29.086847622754085,103189.0,0.0,78.9,28.1,,1
11.87159726907274,140630.0,0.0,78.9,28.1,,1
26.753652406553343,262024.0,0.0,79.0,28.1,,1
27.832249586107185,202053.0,0.0,79.0,28.1,,1
31.74144005119989,285813.0,0.0,79.0,28.1,,1
12.448509327948422,176698.0,0.0,78.9,28.1,,1
24.998683137730623,339589.0,0.0,79.0,28.1,,1
39.9,278170.0,0.0,79.0,28.1,,1
17.700033284199236,294342.0,0.0,78.9,28.1,,1
20.475757351909586,211624.0,0.0,78.9,28.1,,1
3.5603316837800563,255119.0,0.0,78.9,28.1,,1
18.70132650862625,254821.0,0.0,78.9,28.1,,1
2.0064230376293857,258491.0,0.0,78.9,28.1,0.0,1
0.6887883602837199,304397.0,0.0,79.0,28.1,,1
30.218912341350844,236066.0,0.0,78.9,28.1,,1
30.62719860082079,201096.0,0.0,78.9,28.1,,1
25.723755156148925,289738.0,0.0,79.0,28.1,,1
0.0,227638.0,0.0,78.8,28.1,,1
24.773558698636258,240185.0,0.0,78.9,28.1,0.0,1
39.57101826227405,193804.0,0.0,79.0,28.1,,1
18.78840756554771,154206.0,0.0,78.9,28.1,,1
39.9,237685.0,0.0,79.0,28.1,0.0,1
20.61591111963293,247375.0,0.0,78.9,28.1,,1
31.36235828430324,267368.0,0.0,79.0,28.1,,1
39.9,272696.0,0.0,79.1,28.1,,1
20.34754570830919,221932.0,0.0,79.0,28.1,0.0,1
21.07241047583191,174908.0,0.0,79.1,28.1,,1
25.39864207491586,289173.0,0.0,79.1,28.0,,1
18.866363993767642,209630.0,0.0,79.1,28.1,0.0,1
39.9,178675.0,0.0,79.1,28.1,,1
4.321816235226986,192354.0,0.0,79.0,28.1,,1
9.595672828757035,269311.0,0.0,79.0,28.1,,1
21.392954995504265,239015.0,0.0,79.1,28.1,,1
36.52934176974773,215433.0,0.0,79.2,28.0,,1
32.750894117456404,325566.0,0.0,79.1,28.1,,1
20.443375019863392,286851.0,0.0,79.1,28.0,,1
22.5818208747102,296204.0,0.0,79.1,28.0,,1
9.285108124237269,167724.0,0.0,79.2,28.0,,1
21.087322850924593,205553.0,0.0,79.1,28.0,0.0,1
19.832908905701146,239023.0,0.0,79.1,28.0,,1
32.20013531836252,229616.0,0.0,79.2,28.1,,1
16.761386893769135,232424.0,0.0,79.2,28.1,,1
17.308547201933823,203299.0,0.0,79.2,28.0,,1
8.86983186423031,253473.0,0.0,79.3,28.0,,1
19.312942934029465,298313.0,0.0,79.0,28.1,,1
10.526039079410594,222895.0,0.0,79.2,28.1,,1
39.9,203019.0,0.0,79.2,28.1,0.0,1
22.63466747903876,189207.0,0.0,79.2,28.0,,1
11.515724872190189,327365.0,0.0,79.2,28.0,,1
26.71039492637147,256683.0,0.0,79.2,28.1,,1
8.036837648837778,267937.0,0.0,79.1,28.1,,1
36.574219459938256,307473.0,0.0,79.1,28.1,,1
31.683332296061607,193525.0,0.0,79.2,28.1,,1
28.13123417192992,283379.0,0.0,79.0,28.0,,1
7.055564149110985,193936.0,0.0,79.0,28.1,,1
33.881573217434415,293802.0,0.0,79.0,28.0,,1
9.514169663786076,289751.0,0.0,79.1,28.0,,1
25.953033991536177,289050.0,0.0,79.1,28.0,,1
18.654786765660585,282259.0,0.0,79.0,28.1,,1
33.43828774485625,232433.0,0.0,79.1,28.1,,1
25.17752546173286,217573.0,0.0,79.0,28.1,,1
39.9,243986.0,0.0,79.1,28.0,,1
15.77975674822818,214208.0,0.0,79.1,28.1,0.0,1
26.267706011421133,287666.0,0.0,79.0,28.0,,1
11.641731548494782,342383.0,0.0,79.1,28.0,,1
28.086752940556163,273322.0,0.0,79.1,28.0,,1
24.028104561765637,250962.0,0.0,79.1,28.0,,1
23.51716862072597,300889.0,0.0,79.1,28.0,,1
24.920714125466297,288352.0,0.0,79.0,28.0,,1
20.66152476647428,259782.0,0.0,79.1,28.1,,1
16.96079655760579,310826.0,0.0,79.1,28.0,,1
16.662527592808843,233751.0,0.0,79.1,28.0,,1
21.850395875452552,232302.0,0.0,79.2,28.0,,1
32.22495769442937,234167.0,0.0,79.2,28.0,,1
38.93924530541073,209076.0,0.0,79.2,28.0,,1
26.69377469942707,211210.0,0.0,79.1,28.0,0.0,1
29.209727825314665,249202.0,0.0,79.0,28.0,,1
23.449379553015216,309423.0,0.0,79.0,28.0,,1
18.456581289448966,279325.0,0.0,79.1,28.0,,1
17.310400873252078,255634.0,0.0,79.2,28.1,,1
13.044246717765546,216874.0,0.0,79.1,28.0,,1
24.17856954427135,340732.0,0.0,79.2,28.0,,1
26.00803870459774,332733.0,0.0,79.2,28.0,,1
27.20323291690918,230645.0,0.0,79.2,28.0,,1
39.9,271850.0,0.0,79.2,28.0,,1
18.572784061172865,273528.0,0.0,79.1,28.0,,1
22.074052500923898,150548.0,0.0,79.2,28.0,,1
34.359731592656175,304746.0,0.0,79.2,28.0,,1
39.9,271107.0,0.0,79.3,28.0,,1
22.512765759174673,291749.0,0.0,79.2,28.0,,1
33.498203653189066,331914.0,0.0,79.2,28.0,,1
24.55372376933558,241721.0,0.0,79.3,28.0,,1
17.844555802414725,276873.0,0.0,79.2,28.0,,1
9.517383317691648,288804.0,0.0,79.3,28.0,,1
30.878351218657897,279253.0,0.0,79.2,28.0,,1
26.382252365018402,326648.0,0.0,79.1,28.0,0.0,1
33.719934654268634,219646.0,0.0,79.2,28.0,,1
19.10820950302353,206016.0,0.0,79.1,28.0,,1
30.512833327755875,199993.0,0.0,79.1,28.0,,1
35.833921435833524,316148.0,0.0,79.1,28.0,,1
16.209837310495487,240722.0,0.0,79.1,28.0,,1
25.166209813624135,294199.0,0.0,79.1,28.0,0.0,1
39.9,165725.0,0.0,79.0,28.0,,1
21.81819282473317,236699.0,0.0,79.1,28.0,,1
10.993301451134522,225744.0,0.0,79.0,28.0,,1
29.277689443506112,236066.0,0.0,79.0,28.0,,1
9.553788313925864,393704.0,0.0,79.0,28.0,,1
27.661778652041804,255584.0,0.0,79.1,28.0,,1
14.020736369329537,263035.0,0.0,78.9,28.0,,1
23.357862159585057,155573.0,0.0,79.0,28.0,,1
14.297445599855838,289746.0,0.0,79.0,27.9,,1
39.9,268358.0,0.0,78.9,28.0,,1
36.03083278293367,242212.0,0.0,79.0,27.9,,1
24.13453839319397,304548.0,0.0,79.0,28.0,,1
39.9,315054.0,0.0,78.9,28.0,,1
14.33636924615181,246652.0,0.0,79.0,27.9,,1
27.775246844762954,237016.0,0.0,79.0,28.0,,1
28.87857543415596,291028.0,0.0,79.0,28.0,,1
35.02809751955141,334293.0,0.0,78.9,28.0,,1
21.705588952751654,181798.0,0.0,79.1,28.0,,1
28.582345940144528,344190.0,0.0,79.1,27.9,0.0,1
20.23024140045941,284342.0,0.0,79.2,28.0,,1
31.957457924726427,259572.0,0.0,79.2,27.9,,1
25.069247210437144,203828.0,0.0,79.2,27.9,,1
2.183379275794227,194407.0,0.0,79.2,28.0,,1
21.096958508883006,304871.0,0.0,79.2,27.9,,1
23.968719376486245,224048.0,0.0,79.2,28.0,,1
16.090145580465695,282840.0,0.0,79.3,27.9,,1
38.58357166430605,303171.0,0.0,79.3,27.9,,1
31.06149699758469,176219.0,0.0,79.2,28.0,,1
21.483257571562287,347365.0,0.0,79.3,28.0,0.0,1
36.21950491915225,173124.0,0.0,79.4,27.9,0.0,1
24.444094768007286,268154.0,0.0,79.2,27.9,,1
17.3784153697378,134539.0,0.0,79.3,28.0,,1
25.988240450164316,210612.0,0.0,79.3,28.0,,1
17.161582609153157,232265.0,0.0,79.2,27.9,,1
23.66324085345188,249545.0,0.0,79.2,28.0,,1
16.160101010779986,238989.0,0.0,79.2,27.9,,1
7.425766295972448,265551.0,0.0,79.1,27.9,0.0,1
0.0,235525.0,0.0,79.1,27.9,,1
34.19186153676954,197032.0,0.0,78.9,27.9,,1
32.164302036574,307786.0,0.0,78.9,27.9,,1
0.0,242431.0,0.0,78.8,27.9,,1
0.0,244089.0,0.0,78.9,27.9,,1
24.92828789018673,125872.0,0.0,78.7,27.9,0.0,1
39.9,264300.0,0.0,78.9,27.9,,1
16.509765679179647,323268.0,0.0,78.9,27.9,,1
7.043867793576833,188541.0,0.0,78.9,27.9,,1
2.005444763301014,340052.0,0.0,78.9,27.9,,1
28.323463714720035,282970.0,0.0,79.0,27.9,,1
28.010012339184758,278688.0,0.0,78.8,27.9,0.0,1
25.780777138959895,263546.0,0.0,78.9,27.9,,1
26.076034362229507,219570.0,0.0,79.0,27.9,,1
24.53375234785331,263679.0,0.0,79.0,27.9,0.0,1
26.105491195521306,176111.0,0.0,79.0,27.9,0.0,1
11.550133313915907,304142.0,0.0,78.9,27.9,,1
21.93005954116598,279236.0,0.0,79.1,27.9,,1
14.078800902776036,176342.0,0.0,79.0,27.9,,1
16.56403387468287,238871.0,0.0,79.0,27.8,,1
18.348597007155877,314696.0,0.0,78.9,27.9,,1
26.795233015374617,342446.0,0.0,78.9,27.8,,1
29.044081540714174,129372.0,0.0,79.1,27.8,,1
35.560416064585546,174522.0,0.0,79.0,27.9,,1
27.30533667211339,211265.0,0.0,79.0,27.8,,1
39.9,321979.0,0.0,79.1,27.8,,1
17.581793582982417,243632.0,0.0,79.0,27.9,,1
27.445980696492175,293170.0,0.0,79.0,27.9,0.0,1
25.291519123250126,198755.0,0.0,78.9,27.8,,1
17.82441360799947,249775.0,0.0,78.9,27.8,,1
37.34456978764691,271391.0,0.0,79.1,27.8,,1
17.26585073384984,282418.0,0.0,79.1,27.8,,1
21.130151611218402,294520.0,0.0,79.0,27.8,,1
39.9,232058.0,0.0,79.1,27.8,,1
33.01605159726371,212730.0,0.0,79.0,27.8,,1
23.877362328087024,251478.0,0.0,79.1,27.8,,1
23.063163399556196,373150.0,0.0,79.2,27.8,,1
21.934069253216176,279342.0,0.0,79.2,27.8,,1
5.6991313067656755,271599.0,0.0,79.2,27.8,,1
36.42054592352247,223620.0,0.0,79.2,27.8,,1
0.0,248067.0,0.0,79.2,27.8,,1
25.17183850385528,286203.0,0.0,79.2,27.8,,1
39.9,230997.0,0.0,79.3,27.8,,1
16.437118763397194,191654.0,0.0,79.3,27.8,,1
26.980786170315994,273967.0,0.0,79.3,27.8,,1
19.543446056374155,288934.0,0.0,79.2,27.8,,1
29.653840768191756,252161.0,0.0,79.3,27.7,,1
15.975852792558745,225906.0,0.0,79.3,27.8,,1
0.7024470231745497,261789.0,0.0,79.2,27.8,,1
25.263412887474352,259423.0,0.0,79.4,27.8,,1
30.043190155645604,269291.0,0.0,79.3,27.8,,1
23.896168193539648,252433.0,0.0,79.3,27.8,,1
10.956835833038305,220813.0,0.0,79.3,27.8,,1
25.504710536834615,213207.0,0.0,79.3,27.8,,1
33.60150795872546,217068.0,0.0,79.3,27.8,,1
27.163054112483163,255828.0,0.0,79.3,27.8,0.0,1
32.462775936104094,295039.0,0.0,79.4,27.8,0.0,1
31.940326109679393,144699.0,0.0,79.3,27.7,,1
36.941481480131266,326365.0,0.0,79.4,27.8,,1
20.178757156785306,261832.0,0.0,79.3,27.8,,1
16.09168319869218,152581.0,0.0,79.2,27.7,,1
17.61284734457614,222993.0,0.0,79.4,27.7,,1
21.451492686481846,202054.0,0.0,79.3,27.8,,1
17.66574833182761,249449.0,0.0,79.2,27.8,,1
17.297730168898582,277176.0,0.0,79.3,27.8,,1
31.816606513974396,369019.0,0.0,79.3,27.7,,1
36.256799321234624,262155.0,0.0,79.2,27.7,,1
18.797357033323213,264687.0,0.0,79.4,27.7,,1
28.265959599163562,224334.0,0.0,79.3,27.8,,1
32.83731396752878,180095.0,0.0,79.4,27.7,,1
22.556001644624896,277792.0,0.0,79.3,27.7,,1
22.12415852407903,239662.0,0.0,79.4,27.7,,1
23.622141388077196,208219.0,0.0,79.3,27.7,,1
36.73900931574208,199098.0,0.0,79.4,27.7,,1
28.18159327409885,270682.0,0.0,79.3,27.7,,1
15.513780987910332,253655.0,0.0,79.4,27.7,,1
15.903678272552979,319552.0,0.0,79.3,27.7,,1
13.61217063023787,217305.0,0.0,79.4,27.7,,1
12.757749916444194,182115.0,0.0,79.4,27.7,,1
39.9,277138.0,0.0,79.5,27.7,,1
26.40293425700544,217171.0,0.0,79.5,27.7,,1
34.07611811046768,208788.0,0.0,79.5,27.7,,1
32.93639294330103,206374.0,0.0,79.3,27.7,,1
18.55492298124328,287914.0,0.0,79.5,27.7,,1
33.63827344155767,279873.0,0.0,79.6,27.6,,1
14.503258842432052,227663.0,0.0,79.6,27.7,,1
26.568987411985134,207535.0,0.0,79.6,27.7,,1
38.70962760129293,129902.0,0.0,79.6,27.6,,1
17.212604846308473,224521.0,0.0,79.6,27.6,0.0,1
0.0,180188.0,0.0,79.6,27.7,,1
31.252895125420686,251514.0,0.0,79.6,27.6,0.0,1
39.9,327261.0,0.0,79.6,27.7,,1
29.330463786039466,265661.0,0.0,79.6,27.6,,1
25.659311085789003,117245.0,0.0,79.7,27.6,,1
11.054404866739247,255033.0,0.0,79.6,27.6,,1
31.160257087476715,264483.0,0.0,79.7,27.6,,1
16.075350322843423,296870.0,0.0,79.5,27.6,,1
39.824440287546366,296899.0,0.0,79.7,27.6,,1
34.89599329590471,222038.0,0.0,79.8,27.7,,1
35.759341227007994,257287.0,0.0,79.7,27.6,0.0,1
30.115555285220047,268271.0,0.0,79.7,27.6,,1
23.78512894559589,206999.0,0.0,79.8,27.7,,1
24.178633364459536,299338.0,0.0,79.7,27.6,,1
20.585241946870905,294667.0,0.0,79.8,27.6,,1
32.37070670617672,235053.0,0.0,79.8,27.6,,1
38.88800103619577,232222.0,0.0,80.0,27.6,,1
39.9,271706.0,0.0,79.8,27.6,,1
24.841340815464864,205609.0,0.0,79.9,27.6,,1
24.117397698649587,239812.0,0.0,79.9,27.6,,1
12.417036147490945,239119.0,0.0,79.8,27.6,,1
16.961968199029144,279299.0,0.0,79.9,27.6,,1
38.06280475728203,188654.0,0.0,80.0,27.6,,1
39.9,243572.0,0.0,80.1,27.6,0.0,1
15.249786150614858,287887.0,0.0,80.1,27.6,,1
20.53545521744952,245913.0,0.0,80.1,27.6,,1
20.95721755787921,209163.0,0.0,80.1,27.6,,1
32.23997032401904,235684.0,0.0,80.2,27.6,,1
10.63348207820754,277553.0,0.0,80.2,27.6,,1
12.944176489762446,192336.0,0.0,80.1,27.6,,1
36.926062049773165,190183.0,0.0,80.3,27.6,,1
1.835551430725097,281143.0,0.0,80.2,27.6,,1
21.961365705188697,239117.0,0.0,80.3,27.6,,1
21.854996066498,261583.0,0.0,80.1,27.6,,1
17.47280758096932,323805.0,0.0,80.2,27.6,,1
10.237695196906015,272243.0,0.0,80.2,27.6,,1
31.42121003876584,212017.0,0.0,80.2,27.6,,1
14.762655547221817,300858.0,0.0,80.2,27.6,,1
15.09139245983285,219666.0,0.0,80.2,27.6,,1
33.87308962459746,251737.0,0.0,80.3,27.6,,1
7.028563323708955,337352.0,0.0,80.1,27.7,,1
19.69989241220034,229862.0,0.0,80.1,27.6,,1
27.557842523263652,281253.0,0.0,80.1,27.6,,1
39.9,166996.0,0.0,80.1,27.7,,1
33.259522089259455,287150.0,0.0,80.1,27.7,,1
23.628350891258833,289363.0,0.0,80.1,27.6,,1
34.34274017636547,180901.0,0.0,80.2,27.7,,1
39.9,172061.0,0.0,80.2,27.7,,1
13.646837187612268,236910.0,0.0,80.2,27.7,,1
39.9,234587.0,0.0,80.1,27.7,0.0,1
24.680661099491893,321603.0,0.0,80.2,27.6,,1
21.996818574345273,191078.0,0.0,80.2,27.7,,1
20.827651647616854,318539.0,0.0,80.2,27.7,,1
25.708649970551363,346532.0,0.0,80.2,27.7,,1
32.37934926262155,217759.0,0.0,80.2,27.6,,1
25.510763044650783,207339.0,0.0,80.1,27.7,,1
18.315669693512298,473954.0,0.0,80.2,27.7,,2
35.18624510033811,293054.0,0.0,80.1,27.7,,1
18.76819684691936,328479.0,0.0,80.1,27.7,,1
35.99415601792937,344081.0,0.0,80.1,27.7,,1
39.9,176045.0,0.0,80.0,27.7,,1
13.901605107300927,199810.0,0.0,80.0,27.6,,1
15.56059356667563,266172.0,0.0,79.9,27.7,,1
19.331965479041823,353629.0,0.0,80.0,27.7,,1
39.9,249676.0,0.0,79.9,27.7,,1
39.9,324406.0,0.0,80.0,27.7,,1
20.492934408227413,149539.0,0.0,79.8,27.7,,1
22.820316150392706,217768.0,0.0,79.8,27.7,,1
27.065056251458305,254461.0,0.0,79.8,27.7,,1
25.630176588992285,276184.0,0.0,79.8,27.7,,1
12.874780529163214,270568.0,0.0,79.9,27.7,,1
20.603838469829938,259999.0,0.0,79.7,27.7,,1
34.5740984523219,188780.0,0.0,79.9,27.7,,1
22.187063473304306,244073.0,0.0,79.7,27.7,,1
19.85731028429359,294991.0,0.0,79.7,27.7,,1
17.796116411995285,222229.0,0.0,79.9,27.7,,1
17.900808670479353,304602.0,0.0,79.7,27.7,,1
20.07555887587783,273002.0,0.0,79.8,27.6,,1
39.9,246259.0,0.0,79.8,27.6,,1
36.12060680033157,333567.0,0.0,79.7,27.6,,1
35.27191560040414,249159.0,0.0,79.6,27.6,,1
31.421077589986133,185631.0,0.0,79.8,27.6,,1
17.19956841850048,219766.0,0.0,79.7,27.6,,1
39.9,209370.0,0.0,79.6,27.7,,1
16.725232487381703,197803.0,0.0,79.6,27.6,,1
30.598117619307608,257131.0,0.0,79.8,27.6,,1
35.86758977026565,283562.0,0.0,79.6,27.6,,1
11.196101532759325,209636.0,0.0,79.6,27.7,,1
38.653287482758216,239835.0,0.0,79.6,27.6,,1
36.87591818018013,242515.0,0.0,79.7,27.6,0.0,1
15.323435717114787,234836.0,0.0,79.7,27.6,,1
15.31950204450304,221722.0,0.0,79.7,27.6,,1
27.00925706565246,275580.0,0.0,79.7,27.6,0.0,1
9.09808676745702,249131.0,0.0,79.7,27.6,,1
19.133842644402478,217579.0,0.0,79.7,27.6,,1
26.32684619133077,222477.0,0.0,79.7,27.6,,1
38.82137994846674,309403.0,0.0,79.7,27.6,,1
36.8182829394204,225254.0,0.0,79.7,27.6,,1
15.375011650806776,254101.0,0.0,79.7,27.6,,1
23.49651633713733,219558.0,0.0,79.8,27.6,,1
13.242655533330385,247924.0,0.0,79.7,27.6,,1
20.959305497475267,284417.0,0.0,79.7,27.6,0.0,1
31.651060515214795,305039.0,0.0,79.7,27.6,,1
12.407044481199618,270052.0,0.0,79.8,27.6,,1
17.725342937663278,188979.0,0.0,79.8,27.6,,1
20.7139776305129,303435.0,0.0,79.8,27.6,,1
21.27681646429516,328272.0,0.0,79.8,27.5,,1
30.488785155203335,230295.0,0.0,79.7,27.6,,1
36.600484289064084,272269.0,0.0,79.7,27.5,,1
15.674406115532946,342940.0,0.0,79.7,27.6,,1
27.594788230864765,250939.0,0.0,79.7,27.6,,1
16.44467330094384,308976.0,0.0,79.6,27.6,,1
30.172754273613066,281461.0,0.0,79.7,27.5,,1
19.924686564742316,291705.0,0.0,79.7,27.6,,1
34.11813593570802,216561.0,0.0,79.7,27.6,,1
10.830098603190091,279068.0,0.0,79.7,27.6,,1
9.266530503942603,257600.0,0.0,79.7,27.6,0.0,1
20.527548952126928,310933.0,0.0,79.7,27.5,,1
21.071561092327926,305363.0,0.0,79.7,27.5,,1
19.857905556369737,299999.0,0.0,79.7,27.5,,1
39.9,196597.0,0.0,79.8,27.5,0.0,1
27.92035721730908,387439.0,0.0,79.8,27.5,,1
25.665888269029217,253089.0,0.0,79.8,27.5,,1
32.884989473510196,252054.0,0.0,79.8,27.5,,1
7.927740054294475,306614.0,0.0,79.9,27.5,,1
4.970515861348073,229160.0,0.0,79.9,27.5,0.0,1
37.074257491566485,232172.0,0.0,79.9,27.5,,1
18.06303507535596,293963.0,0.0,79.9,27.5,,1
16.488852131656135,188888.0,0.0,79.9,27.5,,1
27.745139874932832,240853.0,0.0,79.9,27.5,0.0,1
12.56326885811158,281847.0,0.0,79.9,27.5,,1
29.644876055772336,232012.0,0.0,80.0,27.5,,1
22.086679938750535,273519.0,0.0,79.9,27.5,,1
36.90361419752066,235860.0,0.0,79.9,27.5,,1
31.546884930081447,278260.0,0.0,79.9,27.5,,1
33.79307292708977,251965.0,0.0,79.9,27.5,0.0,1
15.876744859336421,226875.0,0.0,80.0,27.5,,1
28.428534657816478,340923.0,0.0,79.9,27.5,,1
20.159803768037214,290239.0,0.0,80.0,27.5,,1
21.7194354932324,255523.0,0.0,80.0,27.5,,1
39.9,288214.0,0.0,79.9,27.5,,1
12.587007272590432,221376.0,0.0,80.0,27.4,,1
37.56221344441359,257093.0,0.0,80.1,27.5,,1
13.511598803841364,209052.0,0.0,80.1,27.5,,1
32.03493522711172,299720.0,0.0,80.0,27.4,,1
25.178553014821745,373765.0,0.0,80.0,27.5,,1
33.24152363455639,237825.0,0.0,80.1,27.5,,1
16.842939519006556,201255.0,0.0,80.1,27.5,,1
28.354213204803695,225561.0,0.0,80.0,27.5,,1
39.9,323315.0,0.0,80.0,27.4,,1
31.33066547497227,191050.0,0.0,80.1,27.4,,1
18.27781127447595,312783.0,0.0,80.0,27.5,,1
19.36933800204898,306107.0,0.0,80.1,27.5,,1
29.74603923034761,252585.0,0.0,80.1,27.5,,1
17.97167187064559,245287.0,0.0,80.0,27.5,,1
26.896479548748978,301626.0,0.0,80.1,27.4,,1
16.142643993662453,236859.0,0.0,80.0,27.4,,1
25.448231319322847,283133.0,0.0,80.0,27.4,,1
15.915356624772231,184171.0,0.0,80.2,27.4,,1
31.739651517100498,174102.0,0.0,80.1,27.4,,1
37.849797147621686,242203.0,0.0,80.2,27.4,,1
9.524689177255537,225978.0,0.0,80.2,27.4,,1
28.79123633069237,223364.0,0.0,80.3,27.5,,1
25.200297488243475,287003.0,0.0,80.4,27.4,,1
22.978096646123802,203147.0,0.0,80.3,27.4,,1
22.01016002628159,320742.0,0.0,80.3,27.4,,1
39.9,149003.0,0.0,80.5,27.4,,1
35.910279091914774,262507.0,0.0,80.4,27.5,,1
34.2398267912015,222475.0,0.0,80.4,27.4,0.0,1
7.317364904985141,279224.0,0.0,80.4,27.4,,1
15.590227387172831,180585.0,0.0,80.4,27.4,,1
11.815986175265337,280045.0,0.0,80.4,27.4,,1
26.39452466029197,289123.0,0.0,80.4,27.4,,1
31.690752544963647,228953.0,0.0,80.4,27.4,,1
24.295264261225444,224428.0,0.0,80.3,27.4,,1
22.89672227134509,201637.0,0.0,80.4,27.4,0.0,1
28.90484293874335,303756.0,0.0,80.4,27.4,,1
16.833869701790135,314063.0,0.0,80.3,27.4,,1
26.13521496477942,262053.0,0.0,80.3,27.4,,1
8.005704803924818,159636.0,0.0,80.4,27.4,,1
26.44116362779682,289486.0,0.0,80.4,27.4,,1
18.286195563550475,333504.0,0.0,80.4,27.4,,1
32.34935974254316,204582.0,0.0,80.4,27.4,,1
25.30848667053507,373846.0,0.0,80.4,27.4,,1
12.574359972002945,276413.0,0.0,80.5,27.4,,1
21.772554472766576,285344.0,0.0,80.4,27.4,,1
37.67273646318382,230688.0,0.0,80.4,27.4,,1
36.18912271707174,361060.0,0.0,80.6,27.3,,1
25.662747373442347,289244.0,0.0,80.5,27.4,,1
19.09559229796725,250962.0,0.0,80.4,27.4,0.0,1
23.233249072917573,289846.0,0.0,80.4,27.4,,1
37.04675935756926,244517.0,0.0,80.6,27.4,,1
39.9,326502.0,0.0,80.5,27.4,,1
33.46853743179901,224198.0,0.0,80.3,27.4,0.0,1
18.88171183260097,209380.0,0.0,80.2,27.3,,1
34.49166070238161,189411.0,0.0,80.3,27.4,,1
31.768376541110072,195944.0,0.0,80.3,27.3,,1
33.235461198419735,250860.0,0.0,80.3,27.3,,1
38.33638561859827,307072.0,0.0,80.3,27.4,,1
39.35065412002112,323040.0,0.0,80.4,27.4,,1
26.436308339881975,192060.0,0.0,80.4,27.4,0.0,1
14.474769450026216,145657.0,0.0,80.4,27.4,,1
14.163341665719065,253441.0,0.0,80.5,27.4,,1
19.403458191748378,240993.0,0.0,80.6,27.4,,1
29.927154194614012,234796.0,0.0,80.4,27.3,,1
13.781711995874158,247338.0,0.0,80.3,27.3,,1
16.01509513227155,236460.0,0.0,80.3,27.4,0.0,1
38.42776964423003,236474.0,0.0,80.3,27.3,0.0,1
39.9,321581.0,0.0,80.4,27.3,,1
19.206946914209567,194443.0,0.0,80.2,27.4,,1
24.474458380798065,307666.0,0.0,80.3,27.3,,1
20.098090937713117,295404.0,0.0,80.3,27.3,,1
37.08439989136088,211298.0,0.0,80.3,27.3,,1
18.23948911711413,285633.0,0.0,80.4,27.3,,1
26.518475496415707,215696.0,0.0,80.4,27.3,,1
21.478195518804128,246474.0,0.0,80.5,27.3,,1
9.351455750445394,288282.0,0.0,80.4,27.3,,1
20.213078110608087,110814.0,0.0,80.2,27.3,,1
24.761290316905473,212921.0,0.0,80.6,27.3,,1
39.9,220727.0,0.0,80.3,27.3,,1
14.023566364213892,275396.0,0.0,80.2,27.3,,1
18.39552631992417,211027.0,0.0,80.6,27.3,,1
30.09501382824406,197976.0,0.0,80.6,27.3,0.0,1
10.42726341800547,336299.0,0.0,80.6,27.3,,1
30.794987376006446,236789.0,0.0,80.7,27.3,,1
24.96522790298064,275293.0,0.0,80.7,27.3,,1
34.7333744961342,212201.0,0.0,80.7,27.3,,1
28.661465259656822,224664.0,0.0,80.3,27.3,,1
23.110187554873757,258034.0,0.0,80.7,27.3,,1
24.93321426947328,286778.0,0.0,80.8,27.3,,1
29.87086559115594,174591.0,0.0,80.3,27.3,,1
11.42176792934558,231514.0,0.0,80.3,27.3,,1
39.9,207420.0,0.0,80.4,27.3,,1
22.91777290387247,223182.0,0.0,80.4,27.3,,1
19.459556159119202,258911.0,0.0,80.5,27.3,,1
39.00777276195652,272798.0,0.0,80.4,27.3,0.0,1
16.964690385729078,387661.0,0.0,80.5,27.3,,1
25.785732209611258,221138.0,0.0,80.9,27.3,,1
39.12096374677589,226546.0,0.0,81.0,27.3,,1
39.9,206467.0,0.0,80.9,27.3,,1
39.300303889213694,260052.0,0.0,80.8,27.3,,1
37.91052232702434,345088.0,0.0,81.0,27.3,0.0,1
13.673927094787462,313788.0,0.0,80.7,27.3,,1
10.910960955745953,197640.0,0.0,80.9,27.3,,1
16.965905402075627,275181.0,0.0,80.5,27.3,,1
25.330158769348596,241643.0,0.0,80.5,27.3,,1
26.46235279022361,279564.0,0.0,80.9,27.3,,1
31.682481239413526,304708.0,0.0,81.0,27.3,,1
39.9,248931.0,0.0,80.6,27.3,,1
19.789110378690836,280676.0,0.0,80.9,27.3,,1
13.557451837353797,216064.0,0.0,81.0,27.3,,1
34.9938094639279,243793.0,0.0,81.1,27.3,,1
12.91807541641961,175509.0,0.0,80.6,27.3,,1
25.487166793938073,307094.0,0.0,80.5,27.3,,1
36.28545777531187,255544.0,0.0,80.6,27.3,0.0,1
39.9,244758.0,0.0,80.9,27.3,,1
23.61432376602589,121628.0,0.0,80.9,27.3,,1
20.526370508387842,292600.0,0.0,80.8,27.3,,1
39.9,208488.0,0.0,80.3,27.3,,1
29.622523292930484,302343.0,0.0,80.6,27.3,,1
25.112081531958992,135835.0,0.0,80.3,27.3,0.0,1
27.472899995742523,288071.0,0.0,80.2,27.3,,1
15.525771049815411,237292.0,0.0,80.7,27.3,,1
13.44503957871236,121492.0,0.0,80.8,27.3,0.0,1
35.270044117876566,249812.0,0.0,80.3,27.3,0.0,1
39.9,292866.0,0.0,80.3,27.3,,1
21.457902383345512,245840.0,0.0,80.6,27.3,,1
30.661773907701726,298344.0,0.0,80.4,27.3,,1
28.226706307420116,305279.0,0.0,80.2,27.3,,1
22.033312633255285,200142.0,0.0,80.8,27.3,,1
24.3519074643887,260259.0,0.0,80.7,27.3,,1
12.984646052607133,183163.0,0.0,80.3,27.3,,1
29.473862964734273,229682.0,0.0,80.4,27.3,,1
23.34159094337998,232015.0,0.0,80.8,27.3,,1
39.9,313088.0,0.0,80.7,27.3,,1
12.62646309960832,223360.0,0.0,80.8,27.3,,1
33.50004267969593,280096.0,0.0,80.4,27.3,,1
24.585420376702142,193119.0,0.0,80.5,27.3,,1
18.17459953846454,224161.0,0.0,81.1,27.3,,1
27.769943311191007,335186.0,0.0,80.5,27.3,,1
18.131197652118722,198698.0,0.0,80.5,27.3,,1
23.914135231720568,301586.0,0.0,80.6,27.3,,1
10.531170332392968,322681.0,0.0,81.0,27.3,,1
23.279686378843305,213283.0,0.0,81.1,27.3,,1
8.998107132378404,285326.0,0.0,80.7,27.3,,1
23.28828804758465,258535.0,0.0,80.7,27.3,,1
15.991882589886362,234045.0,0.0,80.6,27.3,0.0,1
20.13418753645262,244970.0,0.0,80.6,27.3,,1
18.304476736241895,173290.0,0.0,80.6,27.3,,1
39.9,181829.0,0.0,80.9,27.3,,1
26.81459006942539,161398.0,0.0,80.9,27.3,,1
5.029525633820249,254891.0,0.0,80.5,27.3,0.0,1
26.74367587768303,313074.0,0.0,80.5,27.3,,1
28.99546841015706,242509.0,0.0,80.8,27.3,,1
15.503997559349958,324950.0,0.0,80.2,27.3,,1
34.28851246050224,187683.0,0.0,80.4,27.3,,1
25.37963728210635,257202.0,0.0,80.5,27.3,,1
21.54346343394331,288592.0,0.0,80.3,27.3,,1
33.31733138348177,240475.0,0.0,80.4,27.3,,1
22.191307542023416,324947.0,0.0,80.4,27.3,,1
34.32838892362237,253618.0,0.0,80.4,27.3,,1
8.707909609199465,267200.0,0.0,80.5,27.3,,1
31.980834649176682,112273.0,0.0,80.6,27.3,,1
27.518694483180255,229165.0,0.0,80.5,27.3,,1
22.791457198704485,204630.0,0.0,80.6,27.3,,1
23.51810709596358,319599.0,0.0,80.5,27.3,0.0,1
20.536015011844846,298278.0,0.0,80.6,27.3,,1
16.936687811203896,287937.0,0.0,80.5,27.2,,1
25.01655855621951,267601.0,0.0,80.5,27.2,,1
25.071532560974877,282081.0,0.0,80.5,27.3,,1
0.0,179008.0,0.0,80.7,27.3,,1
29.170804980086444,147823.0,0.0,80.6,27.2,,1
19.694196443527908,247282.0,0.0,81.1,27.3,,1
16.71859862387103,215421.0,0.0,80.6,27.3,,1
27.715822001535923,300464.0,0.0,80.7,27.3,,1
15.415506187451923,221247.0,0.0,80.6,27.3,,1
17.68739026672955,128931.0,0.0,80.7,27.3,,1
26.417117903175086,296735.0,0.0,80.6,27.3,,1
35.16643207315882,206461.0,0.0,80.7,27.3,,1
12.483019514798574,251080.0,0.0,80.7,27.3,,1
33.29273686566467,257742.0,0.0,80.6,27.3,,1
27.893046358737614,307091.0,0.0,80.6,27.3,,1
17.608634407692968,239001.0,0.0,80.6,27.3,,1
39.9,240159.0,0.0,80.6,27.3,,1
12.326630340334289,216532.0,0.0,80.6,27.3,,1
15.618201487787577,267858.0,0.0,80.6,27.3,0.0,1
16.04052996411221,263551.0,0.0,80.4,27.3,,1
17.639347814593503,143831.0,0.0,80.4,27.3,,1
28.06619786981922,257423.0,0.0,80.5,27.3,0.0,1
30.177578157088405,216350.0,0.0,80.3,27.3,,1
17.204555246406237,270073.0,0.0,80.4,27.3,,1
39.9,250558.0,0.0,80.5,27.3,,1
29.24585096047145,233920.0,0.0,80.4,27.3,,1
9.563694781263152,298371.0,0.0,80.4,27.3,,1
34.084142390861615,285538.0,0.0,80.5,27.3,,1
23.180545616575813,279852.0,0.0,80.5,27.3,0.0,1
33.937617973878304,331007.0,0.0,80.9,27.3,0.0,1
34.88526104647442,253191.0,0.0,80.6,27.3,0.0,1
11.917467445756284,257782.0,0.0,80.5,27.2,,1
27.565773958493075,285451.0,0.0,80.6,27.3,,1
38.53891859323426,245242.0,0.0,80.6,27.3,,1
39.9,162035.0,0.0,80.5,27.3,,1
29.19341872461625,210073.0,0.0,80.6,27.2,,1
5.92778000311197,239911.0,0.0,80.6,27.3,,1
10.428273015790435,241928.0,0.0,80.7,27.2,,1
25.347692480944566,305927.0,0.0,80.6,27.3,,1
9.924148652360625,295422.0,0.0,80.6,27.3,,1
25.98080450279794,301442.0,0.0,80.6,27.2,,1
20.682488249688724,183387.0,0.0,80.7,27.2,0.0,1
12.825006737841338,185409.0,0.0,80.6,27.2,,1
29.77814152920655,323846.0,0.0,80.5,27.3,,1
19.350484733447797,281456.0,0.0,80.6,27.3,,1
9.765579418643801,259016.0,0.0,80.3,27.2,,1
31.685626163371268,177593.0,0.0,80.6,27.3,,1
22.961165310201455,285795.0,0.0,80.4,27.2,,1
0.0,316772.0,0.0,80.5,27.2,,1
28.53679375891048,285836.0,0.0,80.5,27.3,,1
20.872807208052357,163863.0,0.0,80.5,27.2,,1
30.340629563169514,245870.0,0.0,80.5,27.3,,1
25.321154554323208,304380.0,0.0,80.5,27.2,0.0,1
32.62063873862598,346061.0,0.0,80.4,27.2,,1
26.53854228873499,215439.0,0.0,80.4,27.2,,1
23.115831530912736,270783.0,0.0,80.5,27.3,,1
35.158565189929774,176648.0,0.0,80.5,27.2,,1
25.08537615179169,330477.0,0.0,80.4,27.2,,1
22.597911289974796,296550.0,0.0,80.5,27.2,,1
29.93117527216005,297793.0,0.0,80.5,27.2,,1
16.902394584000675,209729.0,0.0,80.5,27.2,,1
25.202718921222882,173388.0,0.0,80.5,27.2,0.0,1
22.302593933883422,262643.0,0.0,80.5,27.2,,1
39.9,270135.0,0.0,80.7,27.2,,1
31.252284708731022,308223.0,0.0,80.5,27.2,,1
15.353424111049435,241745.0,0.0,80.7,27.2,,1
39.9,246043.0,0.0,80.7,27.2,,1
36.16430748782207,298186.0,0.0,80.7,27.2,,1
10.218862856123108,265523.0,0.0,80.7,27.2,0.0,1
26.467474722052255,266497.0,0.0,80.8,27.2,,1
17.458875202089402,194154.0,0.0,80.9,27.2,,1
20.239899999791486,245110.0,0.0,80.9,27.2,,1
36.849844476003156,340865.0,0.0,80.9,27.2,,1
38.965978462231774,293009.0,0.0,80.8,27.3,,1
14.956597377004101,229555.0,0.0,81.0,27.2,,1
27.099260524129978,218378.0,0.0,81.0,27.2,,1
30.77205652527951,286024.0,0.0,81.0,27.2,,1
30.362900625654685,301256.0,0.0,81.0,27.2,,1
15.95408786286926,296641.0,0.0,80.9,27.2,0.0,1
18.04354549879804,202953.0,0.0,80.9,27.2,,1
30.321161341863817,310793.0,0.0,80.9,27.2,,1
29.880134863760098,251040.0,0.0,80.7,27.2,,1
28.101538261015072,256821.0,0.0,80.9,27.2,,1
13.74049103864606,187868.0,0.0,80.8,27.2,,1
24.21174120526545,253992.0,0.0,80.8,27.2,,1
25.11332378367734,283805.0,0.0,80.8,27.2,,1
22.8452328383566,278148.0,0.0,80.7,27.2,,1
23.554132326735523,341167.0,0.0,80.8,27.2,,1
25.807137267264466,367036.0,0.0,80.9,27.3,,1
28.520115910908643,239316.0,0.0,80.7,27.2,,1
16.005520237403253,177855.0,0.0,80.9,27.2,,1
15.085577156038433,206019.0,0.0,80.9,27.2,0.0,1
28.94820020412177,223691.0,0.0,80.7,27.2,,1
26.869270525544977,314098.0,0.0,80.8,27.3,,1
24.121916483651464,353957.0,0.0,80.9,27.2,,1
13.241890196608022,242470.0,0.0,80.7,27.2,,1
19.606870763890214,296825.0,0.0,80.8,27.2,,1
2.6020836963387914,177844.0,0.0,80.7,27.2,,1
23.92653177549037,327568.0,0.0,80.8,27.2,,1
27.258418340373073,182422.0,0.0,80.6,27.2,,1
13.028334073097698,333649.0,0.0,80.8,27.2,,1
18.78865201203759,202851.0,0.0,80.8,27.2,,1
39.7737256063086,300554.0,0.0,80.9,27.2,,1
37.74059643266796,202497.0,0.0,80.7,27.3,,1
9.748943589856394,256658.0,0.0,80.9,27.3,,1
28.35126133073664,268230.0,0.0,80.7,27.2,,1
39.78183935639002,163311.0,0.0,80.7,27.2,,1
33.596950512977656,195168.0,0.0,80.9,27.2,0.0,1
33.55735320860841,226252.0,0.0,80.7,27.2,0.0,1
16.860282041094884,219504.0,0.0,80.7,27.2,,1
10.543897992234374,252021.0,0.0,80.8,27.2,,1
17.273266093395428,289314.0,0.0,80.8,27.2,0.0,1
31.400560810329175,334407.0,0.0,80.8,27.2,,1
28.66327483541077,276033.0,0.0,80.8,27.2,,1
39.00099811827814,218616.0,0.0,81.0,27.2,,1
10.117417871769675,260004.0,0.0,80.7,27.2,,1
10.77366530785596,372696.0,0.0,80.8,27.2,,1
39.55498292078943,358198.0,0.0,80.9,27.2,,1
25.624469766631293,277528.0,0.0,80.9,27.2,,1
20.40524568047356,294146.0,0.0,80.8,27.2,,1
12.84456787948943,122845.0,1.0,80.9,27.2,,1
17.092893805114333,177226.0,0.0,80.9,27.2,,1
39.77926736159536,340783.0,0.0,80.8,27.2,,1
10.970709275868892,314585.0,0.0,80.7,27.2,,1
34.513849835007704,171511.0,0.0,80.7,27.2,,1
21.09732469068382,220991.0,0.0,80.7,27.2,,1
32.479953986272,188561.0,0.0,80.8,27.2,0.0,1
24.011273743405177,215703.0,0.0,80.8,27.2,,1
29.733411833851434,239160.0,0.0,80.9,27.2,,1
19.64754296059605,239335.0,0.0,80.9,27.2,,1
39.9,229155.0,0.0,80.9,27.2,0.0,1
14.58994781716213,279171.0,0.0,81.0,27.2,,1
23.564753305770434,179238.0,0.0,81.0,27.2,,1
39.9,232376.0,0.0,80.9,27.2,,1
21.22130546038649,257991.0,0.0,81.0,27.2,,1
39.9,166012.0,0.0,80.9,27.2,,1
27.759858494205396,354363.0,0.0,80.9,27.2,,1
26.287286807396484,188233.0,0.0,81.1,27.2,,1
18.816031470393476,260344.0,0.0,80.9,27.2,,1
38.30803915639862,233033.0,0.0,81.0,27.2,0.0,1
33.266517974324316,178231.0,0.0,81.0,27.2,,1
10.562816304049454,225859.0,0.0,81.1,27.2,0.0,1
39.38028721873262,253443.0,0.0,81.0,27.2,,1
27.89811195566619,263903.0,0.0,81.0,27.2,0.0,1
36.09207982586731,219488.0,0.0,81.2,27.2,,1
31.882851084882322,208455.0,0.0,81.1,27.2,,1
39.9,209980.0,0.0,81.1,27.2,,1
16.17610696921379,277483.0,0.0,81.1,27.2,,1
25.797884314323237,266342.0,0.0,81.1,27.2,,1
27.27313795492318,195480.0,0.0,81.1,27.2,,1
39.9,294677.0,0.0,81.3,27.2,,1
38.58949951267116,223583.0,0.0,81.2,27.2,,1
29.165235447151716,259868.0,0.0,81.3,27.2,,1
36.28002626201508,308012.0,0.0,81.3,27.2,,1
26.930508029581148,174102.0,0.0,81.3,27.2,,1
39.9,277799.0,0.0,81.3,27.2,,1
18.915629586088578,270327.0,0.0,81.5,27.2,,1
9.889064515474766,302767.0,0.0,81.3,27.2,,1
10.28788255720847,238958.0,0.0,81.4,27.2,,1
27.4445444960555,301941.0,0.0,81.4,27.2,,1
26.06544676434374,281748.0,0.0,81.3,27.2,,1
24.71833091550447,248390.0,0.0,81.3,27.2,,1
25.854772503482973,240547.0,0.0,81.3,27.3,,1
8.134297569185645,211583.0,0.0,81.3,27.2,0.0,1
27.447748411116983,237543.0,0.0,81.2,27.2,,1
23.441909178180936,233832.0,0.0,81.3,27.2,,1
16.36401607268182,225345.0,0.0,81.2,27.2,,1
21.931682556114055,250257.0,0.0,81.3,27.2,,1
28.933783444697124,240972.0,0.0,81.3,27.2,,1
14.703447443075806,180095.0,0.0,81.3,27.2,,1
39.9,193509.0,0.0,81.2,27.2,,1
19.81374998735617,275850.0,0.0,81.3,27.2,,1
28.60860609565681,276043.0,0.0,81.2,27.3,,1
20.572829304678244,261927.0,0.0,81.1,27.3,0.0,1
25.613436642408637,234393.0,0.0,81.2,27.3,,1
27.4540974177134,302768.0,0.0,81.2,27.2,,1
24.777997765646752,249222.0,0.0,81.1,27.3,,1
35.68161034875985,298068.0,0.0,81.0,27.3,,1
39.9,162188.0,0.0,81.0,27.2,,1
34.0511918316939,280079.0,0.0,81.0,27.2,,1
16.143476022467347,262579.0,0.0,80.8,27.3,,1
35.51121747757998,208542.0,0.0,80.9,27.2,0.0,1
29.425624290228072,293567.0,0.0,80.9,27.2,,1
14.28980437468512,242885.0,0.0,81.0,27.2,,1
28.00968376642411,210193.0,0.0,81.0,27.3,,1
16.20846800906454,243247.0,0.0,80.9,27.2,,1
33.01639716903692,282186.0,0.0,81.0,27.3,,1
16.385872708136578,282608.0,0.0,81.0,27.2,0.0,1
16.640602238334914,169491.0,0.0,80.9,27.3,,1
21.328564289527687,306148.0,0.0,81.0,27.2,,1
31.559605521413737,249921.0,0.0,81.1,27.2,,1
20.832945164089423,230511.0,0.0,81.1,27.2,,1
26.08784905860796,196578.0,0.0,81.0,27.3,,1
21.51892654798703,239221.0,0.0,81.2,27.2,,1
11.489255415485024,208077.0,0.0,80.9,27.2,,1
29.105067914863817,250475.0,0.0,81.1,27.2,,1
21.91238208806617,204428.0,0.0,81.1,27.3,,1
39.9,208101.0,0.0,81.2,27.3,,1
27.515928072617374,225606.0,0.0,81.2,27.2,,1
25.362792926383353,272880.0,0.0,81.3,27.2,,1
11.297434107921141,249669.0,0.0,81.3,27.2,,1
36.90728648979845,338075.0,0.0,81.3,27.2,,1
23.69986026744869,252084.0,0.0,81.3,27.3,,1
39.9,306746.0,0.0,81.3,27.3,,1
18.827154307447813,219050.0,0.0,81.2,27.2,,1
34.56549461787269,199448.0,0.0,81.2,27.3,,1
35.87726751338853,266714.0,0.0,81.2,27.3,,1
30.177207640270723,237163.0,0.0,81.6,27.3,,1
18.7017519575359,323099.0,0.0,81.1,27.3,,1
22.53262719446525,229453.0,0.0,81.0,27.3,,1
24.19862932120191,259651.0,0.0,81.4,27.3,,1
14.691748732805515,221756.0,0.0,80.8,27.3,,1
18.819679260939424,292264.0,0.0,80.9,27.3,,1
16.140374320001108,162211.0,0.0,80.7,27.2,,1
5.329054370938458,176480.0,0.0,80.8,27.3,,1
38.615382028481115,250810.0,0.0,80.7,27.3,,1
30.012490868072028,276824.0,0.0,80.8,27.2,,1
25.561839183923205,246260.0,0.0,80.8,27.3,,1
35.44526429818141,257299.0,0.0,80.6,27.2,,1
38.99097479263414,281041.0,0.0,80.9,27.3,,1
18.82203726518972,225143.0,0.0,80.7,27.2,,1
17.725351935457205,310877.0,0.0,80.5,27.2,0.0,1
20.94949047054447,210076.0,0.0,80.6,27.3,,1
28.1977804112682,245141.0,0.0,80.7,27.2,,1
27.945685125751638,344490.0,0.0,80.7,27.3,,1
34.130708059288594,251350.0,0.0,80.5,27.2,,1
10.915766157939915,225001.0,0.0,80.6,27.2,,1
32.110461025453034,191447.0,0.0,80.7,27.2,,1
39.9,250720.0,0.0,80.6,27.2,,1
25.488483932094848,216667.0,0.0,80.5,27.2,,1
29.967377567757183,192099.0,0.0,80.6,27.2,,1
39.9,315867.0,0.0,80.5,27.2,0.0,1
34.84296445197046,180478.0,0.0,80.5,27.2,,1
27.05413270457751,310454.0,0.0,80.5,27.2,0.0,1
30.931053993577393,199894.0,0.0,80.5,27.2,,1
18.49906244691345,227403.0,0.0,80.5,27.2,,1
18.965621655113925,326438.0,0.0,80.4,27.2,,1
5.789868611767439,282795.0,0.0,80.4,27.2,,1
12.076966250715488,201937.0,0.0,80.3,27.2,,1
4.902666331312826,222547.0,0.0,80.3,27.2,,1
39.9,263241.0,0.0,80.5,27.2,,1
13.01638453000903,300857.0,0.0,80.4,27.2,,1
37.313042635686855,255202.0,0.0,80.4,27.2,0.0,1
39.9,291078.0,0.0,80.3,27.2,0.0,1
31.826525072925882,209831.0,0.0,80.4,27.2,0.0,1
31.27398485621341,260839.0,4.0,80.4,27.1,,1
30.198290026710268,215770.0,0.0,80.3,27.2,,1
26.280988843589867,209156.0,6.0,80.3,27.1,,1
3.528679000339679,299915.0,4.0,80.4,27.1,,1
9.976110183104828,255359.0,0.0,80.3,27.2,,1
28.330021294490397,266328.0,0.0,80.3,27.2,,1
22.169209264017496,263560.0,0.0,80.3,27.2,,1
29.70967069785162,286748.0,0.0,80.3,27.2,,1
39.9,261709.0,4.0,80.4,27.1,,1
25.640488450177017,204663.0,6.0,80.3,27.1,,1
29.35946323899337,283369.0,6.0,80.3,27.1,,1
23.076968157183728,277230.0,0.0,80.4,27.2,,1
22.074838064506583,283549.0,4.0,80.5,27.1,,1
34.126023140297434,294931.0,0.0,80.6,27.1,,1
26.17844326141301,198001.0,0.0,80.7,27.1,,1
18.880869473581793,279757.0,0.0,80.8,27.1,,1
39.9,232963.0,0.0,80.9,27.1,,1
29.5583767838814,222197.0,0.0,80.8,27.1,,1
15.260329557508992,216184.0,0.0,80.8,27.1,,1
4.175280232973286,317671.0,0.0,80.9,27.1,0.0,1
2.6986974708538654,236808.0,0.0,80.8,27.1,,1
13.218721046499455,205780.0,0.0,81.0,27.1,,1
38.76522659738668,260053.0,0.0,81.1,27.1,,1
15.346038408182995,220524.0,0.0,81.1,27.1,,1
17.345187795579143,247822.0,0.0,81.0,27.1,,1
26.728916847876924,344778.0,0.0,81.0,27.1,,1
5.836992340022931,248259.0,0.0,81.0,27.1,,1
21.844323074654778,297327.0,0.0,81.0,27.1,,1
28.548181181783935,279518.0,0.0,81.1,27.1,,1
28.450861860150827,203400.0,0.0,80.9,27.1,,1
37.11265496493013,289925.0,0.0,81.0,27.1,,1
34.15529791724743,313202.0,0.0,80.9,27.1,,1
29.1767510065196,324049.0,0.0,80.8,27.1,0.0,1
28.77639571786641,239047.0,0.0,80.9,27.1,,1
24.933960895166354,248807.0,0.0,81.0,27.1,,1
19.80608677909457,331594.0,0.0,81.0,27.1,,1
27.962953655036678,254736.0,0.0,81.1,27.1,,1
28.882742549264336,398992.0,0.0,81.0,27.1,,1
13.682758114003406,207748.0,0.0,81.0,27.1,,1
11.194289825530037,238370.0,0.0,81.0,27.1,,1
27.455184433273605,226733.0,0.0,81.0,27.1,,1
19.6027320184823,257120.0,0.0,81.1,27.1,,1
19.978921751703027,265508.0,0.0,81.0,27.1,,1
36.142343467426045,283851.0,0.0,81.1,27.1,,1
33.81013347165202,304295.0,0.0,81.0,27.1,,1
27.82828160118703,242067.0,0.0,81.1,27.1,,1
17.277469291168046,230441.0,0.0,81.1,27.1,,1
19.763144673231054,286583.0,0.0,81.1,27.1,,1
28.467825545941963,284837.0,0.0,81.1,27.0,,1
13.396631438998485,321587.0,0.0,81.1,27.1,,1
20.730196284932376,194999.0,0.0,81.2,27.0,0.0,1
20.607822351781873,374188.0,0.0,81.1,27.1,,1
21.122831335084324,233745.0,0.0,81.1,27.1,,1
23.07895319370324,242568.0,0.0,81.1,27.1,,1
17.185239341987458,257160.0,0.0,81.1,27.0,,1
35.7559490819833,265714.0,0.0,81.1,27.1,,1
13.888347011000144,232782.0,0.0,81.0,27.1,,1
19.484725998983702,252646.0,0.0,81.1,27.1,,1
38.304516715623166,242555.0,0.0,81.1,27.1,,1
24.11845131129609,338882.0,0.0,81.0,27.1,,1
33.7620599167166,278704.0,0.0,81.2,27.1,,1
39.9,274490.0,0.0,81.2,27.0,,1
5.1347285802247775,291633.0,0.0,81.2,27.1,,1
9.079915428813498,272600.0,0.0,81.2,27.1,,1
7.8625642587076,226657.0,0.0,81.2,27.1,,1
21.36215470390129,211494.0,0.0,81.3,27.1,,1
21.511480028088,301628.0,0.0,81.3,27.1,,1
17.860470878404467,277257.0,0.0,81.3,27.0,,1
15.343503603926997,240525.0,0.0,81.1,27.0,0.0,1
28.238392663274503,200173.0,0.0,81.2,27.1,,1
11.8827956708931,274593.0,0.0,81.2,27.1,,1
36.23080399340639,246046.0,0.0,81.2,27.0,0.0,1
20.42687093443296,257783.0,0.0,81.3,27.0,,1
25.554799187653806,262145.0,0.0,81.3,27.1,,1
0.0,196544.0,0.0,81.2,27.0,,1
16.54769894563146,257543.0,0.0,81.2,27.1,,1
26.858778836222662,281809.0,0.0,81.2,27.0,,1
27.575817492104367,184963.0,0.0,81.1,27.1,,1
39.4700461758506,313595.0,0.0,81.1,27.0,,1
12.418027099730741,266635.0,0.0,81.2,27.0,,1
19.045756147569843,256943.0,0.0,81.3,27.0,,1
35.5331027964187,356505.0,0.0,81.3,27.0,0.0,1
32.5127770514261,264746.0,0.0,81.3,27.1,0.0,1
21.601788316917027,259106.0,0.0,81.2,27.0,,1
38.59771893328313,247764.0,0.0,81.3,27.1,0.0,1
16.138873486523497,169015.0,0.0,81.3,27.0,,1
30.130478674102505,262364.0,0.0,81.3,27.1,,1
18.540918267377034,301300.0,0.0,81.1,27.1,,1
20.782231356123695,243267.0,0.0,81.1,27.0,,1
24.833358667020565,232452.0,0.0,81.3,27.0,,1
27.35865065749571,307575.0,0.0,81.2,27.0,,1
13.575181018815773,274426.0,0.0,81.2,27.0,,1
26.72158669606441,257688.0,0.0,81.1,27.0,,1
33.71844569874091,252464.0,0.0,81.1,27.0,,1
29.802292619057027,285793.0,0.0,81.2,27.0,,1
19.956347996193934,264959.0,0.0,81.1,27.0,,1
22.49212392789368,243365.0,0.0,81.1,27.0,,1
21.77938603521668,273554.0,0.0,81.2,27.1,,1
25.816447090182535,269727.0,0.0,81.1,27.0,0.0,1
24.824826371042516,169793.0,0.0,81.1,27.0,,1
25.313684160997084,253176.0,0.0,81.2,27.0,,1
27.425959371534603,220313.0,0.0,81.1,27.0,,1
13.04530283334488,281230.0,0.0,81.2,27.0,,1
22.26393443465831,258562.0,0.0,81.2,27.0,,1
22.185399201117043,249696.0,0.0,81.2,27.0,,1
20.507146520641918,201595.0,0.0,81.2,27.0,,1
29.737316607686573,219843.0,0.0,81.2,27.0,,1
26.639514808948107,270523.0,0.0,81.2,27.1,,1
19.131872843969184,189805.0,0.0,81.3,27.0,,1
39.9,223611.0,0.0,81.3,27.0,,1
31.234171586011584,346973.0,0.0,81.3,27.0,,1
32.899077468538934,234977.0,0.0,81.3,27.0,,1
24.328836124648888,208369.0,0.0,81.4,27.0,,1
33.816964269577426,278313.0,0.0,81.4,27.0,,1
19.85574181738257,197891.0,0.0,81.3,27.0,,1
11.787662623363085,299325.0,0.0,81.3,27.0,,1
26.20373128955561,260749.0,0.0,81.2,27.0,,1
16.770513741376426,176824.0,0.0,81.0,27.0,,1
34.62613574711632,252101.0,0.0,81.1,27.0,0.0,1
34.0723466005762,230703.0,0.0,81.2,27.0,,1
22.631821569631416,285664.0,0.0,81.2,27.0,,1
32.323480796505244,289878.0,0.0,81.2,27.0,,1
22.047987468973037,280727.0,0.0,81.3,27.1,,1
36.09099465476719,244761.0,0.0,81.3,27.0,,1
19.865116362259464,317137.0,0.0,81.3,27.0,,1
18.455542664486927,281473.0,0.0,81.2,27.0,,1
24.415776894801386,157921.0,0.0,81.3,27.0,,1
36.285940674785806,112107.0,0.0,81.3,27.0,,1
5.15871933242391,276366.0,0.0,81.4,27.0,,1
30.27071198678115,218121.0,0.0,81.3,27.0,,1
26.47822090303245,123428.0,0.0,81.3,27.0,,1
32.069754644705995,262486.0,0.0,81.3,27.0,,1
24.543571466662044,251042.0,0.0,81.4,27.0,,1
29.932541761930317,248554.0,0.0,81.2,27.0,,1
6.259444972687799,359816.0,0.0,81.3,27.0,,1
37.008008194284514,185752.0,0.0,81.2,27.0,,1
21.548627695234096,238198.0,0.0,81.3,27.0,0.0,1
35.788495665089634,142036.0,0.0,81.3,27.0,,1
20.009917355702107,161968.0,0.0,81.2,27.0,,1
22.149044841716616,226374.0,0.0,81.3,27.0,,1
25.796940673827123,219756.0,0.0,81.2,27.0,0.0,1
17.489766086094757,280982.0,0.0,81.3,27.0,,1
29.546727409425806,277569.0,0.0,81.2,27.0,,1
23.230999095091573,221413.0,0.0,81.2,27.0,,1
23.811475179792293,275058.0,0.0,81.2,27.0,,1
3.2322029902815146,269705.0,0.0,81.1,27.0,,1
28.091381873347977,253107.0,0.0,81.1,27.0,0.0,1
23.50686578128325,121694.0,0.0,81.0,27.0,0.0,1
20.60146736899594,339471.0,0.0,81.3,27.0,,1
25.129012955683056,234635.0,0.0,81.2,27.0,,1
25.169061955901125,267738.0,0.0,81.2,27.0,,1
31.58820244689464,238555.0,0.0,81.2,27.0,,1
29.249196023936836,333832.0,0.0,81.3,27.0,,1
35.06250799432715,367015.0,0.0,81.2,27.0,,1
18.432296416482835,333809.0,0.0,81.1,27.0,,1
17.09326360077405,267678.0,0.0,81.1,27.0,0.0,1
32.324765292380995,224461.0,0.0,81.2,26.9,,1
25.879642774742756,295523.0,4.0,81.1,26.9,,1
17.89729101688092,333469.0,0.0,81.1,27.0,,1
11.15403375272651,346984.0,0.0,81.1,27.0,,1
35.01326134799592,245513.0,0.0,81.3,26.9,,1
20.973317887632685,224648.0,0.0,81.2,26.9,0.0,1
23.64204359742985,247575.0,0.0,81.2,26.9,,1
37.552262466345816,348432.0,0.0,81.2,27.0,,1
26.99379920654008,207718.0,0.0,81.2,26.9,,1
19.54273959363806,240845.0,0.0,81.2,26.9,,1
14.698778947032245,191052.0,0.0,81.2,26.9,,1
39.9,265130.0,0.0,81.2,26.9,,1
16.668668663196534,290830.0,0.0,81.2,26.9,,1
13.216538751931544,195199.0,0.0,81.3,26.9,,1
16.96957598935755,332725.0,0.0,81.3,26.9,,1
22.47119934221626,127914.0,0.0,81.4,26.9,,1
37.100659331755935,234680.0,0.0,81.4,26.9,,1
6.505919941215943,234165.0,0.0,81.4,26.9,,1
30.21003896604903,270202.0,0.0,81.4,26.9,,1
39.9,207361.0,0.0,81.4,26.9,,1
25.467201202649722,215021.0,0.0,81.5,26.9,,1
9.57807105812777,294276.0,0.0,81.5,26.9,,1
29.632695691475202,264183.0,0.0,81.6,26.9,,1
29.267901932586447,215726.0,0.0,81.6,26.9,,1
14.943049126818067,251882.0,0.0,81.6,26.9,,1
36.61211402411614,330403.0,0.0,81.5,26.9,,1
32.95432706807433,251458.0,0.0,81.5,26.9,0.0,1
27.697839293999362,250579.0,1.0,81.5,26.9,,1
14.740566603005718,251232.0,0.0,81.4,26.9,,1
11.651731824115068,243796.0,0.0,81.5,26.9,,1
39.9,291142.0,0.0,81.5,26.9,,1
15.768808157634703,246378.0,0.0,81.5,26.9,,1
16.65623688245262,246874.0,0.0,81.4,26.9,,1
35.41107816524563,282650.0,0.0,81.6,26.9,,1
39.9,309623.0,0.0,81.5,26.9,,1
27.040003810776916,283857.0,0.0,81.4,26.9,,1
22.975568258166643,193624.0,0.0,81.4,26.9,,1
38.05776578287521,300449.0,0.0,81.5,26.9,,1
22.589457854060356,263696.0,0.0,81.5,26.9,,1
37.409391873848065,292317.0,0.0,81.3,26.9,,1
10.368987487503013,262181.0,0.0,81.5,26.9,,1
23.32368474511636,305650.0,0.0,81.4,26.9,,1
35.310427387826614,315930.0,0.0,81.3,26.9,,1
13.821056612797925,210794.0,0.0,81.5,26.9,,1
36.14082436135439,220417.0,0.0,81.4,26.9,,1
9.785670190856926,276629.0,0.0,81.3,26.9,,1
19.527815597340272,339489.0,0.0,81.3,26.9,,1
27.961845539884635,258012.0,0.0,81.4,26.9,,1
21.30756108384243,329541.0,0.0,81.4,26.9,,1
28.58554459889821,229575.0,0.0,81.4,26.9,,1
17.05916293394553,246326.0,0.0,81.4,26.9,,1
15.223531628451944,301443.0,0.0,81.5,26.9,,1
6.91657945975766,243024.0,0.0,81.5,26.9,,1
31.101335450879343,267105.0,0.0,81.5,26.9,,1
17.82717026984331,283012.0,0.0,81.5,26.9,,1
16.139606116140925,248880.0,0.0,81.5,26.9,,1
31.518415719803556,273145.0,0.0,81.5,26.9,,1
18.24960988580532,309874.0,0.0,81.6,26.9,,1
25.86694571485534,287149.0,0.0,81.5,26.9,,1
39.9,305876.0,0.0,81.5,26.9,,1
36.20129406331044,259633.0,0.0,81.5,26.9,,1
32.9393512091051,260679.0,0.0,81.6,26.9,,1
12.906755322215865,265137.0,0.0,81.4,26.9,,1
27.563609837384654,279186.0,0.0,81.5,26.9,,1
23.72003024786605,211927.0,0.0,81.6,26.9,,1
31.56506083175227,184336.0,0.0,81.6,26.9,,1
39.58819135856469,238429.0,0.0,81.5,26.9,,1
27.455281720561683,277927.0,0.0,81.5,26.9,,1
30.90688044844191,179550.0,0.0,81.5,26.9,,1
33.24086580544264,265157.0,0.0,81.5,26.9,,1
18.647386154413912,212516.0,0.0,81.5,26.9,,1
21.659469179431547,185062.0,0.0,81.6,26.9,,1
39.9,324307.0,0.0,81.6,26.9,0.0,1
29.517002009759395,238830.0,0.0,81.6,26.9,,1
23.028920120626047,287903.0,0.0,81.6,26.9,,1
39.9,221480.0,0.0,81.6,26.9,,1
13.824139573766757,327382.0,0.0,81.6,26.9,,1
7.128614124155487,199573.0,0.0,81.5,26.9,,1
22.531421074891473,171978.0,0.0,81.7,26.9,0.0,1
36.121490628065985,292845.0,0.0,81.6,26.9,,1
19.25206772784683,313980.0,0.0,81.7,26.9,,1
39.49292428403826,244341.0,0.0,81.6,26.9,,1
20.493318224319925,362980.0,0.0,81.5,26.9,,1
32.21161822084155,262816.0,0.0,81.4,26.9,,1
38.63545946639613,265096.0,0.0,81.4,26.9,,1
19.943794140808116,254007.0,0.0,81.5,26.9,,1
35.38654287319735,150390.0,0.0,81.6,26.9,,1
22.11969260560779,319152.0,0.0,81.6,26.9,,1
19.881315989064824,327305.0,0.0,81.5,26.9,,1
39.14743819359813,246723.0,0.0,81.6,26.9,,1
19.314606951109994,235632.0,0.0,81.5,26.9,,1
39.9,343721.0,0.0,81.3,26.9,,1
26.253909718067383,219592.0,0.0,81.4,26.9,,1
26.17041035581263,262191.0,0.0,81.4,26.9,0.0,1
12.56641262390646,254002.0,0.0,81.5,26.9,,1
38.2240432481173,160032.0,0.0,81.5,26.9,,1
33.26583965137248,318739.0,0.0,81.5,26.9,,1
19.39442654905632,334708.0,0.0,81.5,26.9,,1
18.096629375516546,272054.0,0.0,81.6,26.9,,1
21.932273153363695,234650.0,0.0,81.6,26.9,,1
18.827009302419544,284928.0,0.0,81.6,26.9,,1
33.48805457731449,246778.0,0.0,81.6,26.9,,1
11.400317863277259,270158.0,0.0,81.7,26.9,,1
29.22014359410694,239164.0,0.0,81.7,26.9,,1
39.9,171803.0,0.0,81.7,26.9,,1
2.8271628974643193,213458.0,0.0,81.7,26.9,,1
32.104245340914495,197207.0,0.0,81.9,26.9,0.0,1
15.190290814739246,297551.0,0.0,81.8,26.9,,1
29.625479227977497,268853.0,0.0,81.8,26.9,,1
32.81428919465528,228740.0,0.0,81.8,26.9,,1
21.210159259418088,290488.0,0.0,81.9,26.9,,1
11.551132192188005,142864.0,0.0,81.9,26.9,,1
20.667158263721454,296543.0,0.0,81.8,26.9,,1
27.555596989868032,292864.0,0.0,81.8,26.9,,1
4.837056895768349,265774.0,0.0,81.7,26.9,,1
31.53864504642378,182460.0,0.0,81.7,26.8,,1
33.62057590546545,244424.0,0.0,81.7,26.8,,1
39.9,141138.0,0.0,81.6,26.9,,1
38.69114367674751,230292.0,0.0,81.7,26.9,,1
8.828482855599564,223652.0,0.0,81.6,26.8,0.0,1
27.77479241337466,301873.0,0.0,81.7,26.9,,1
39.9,321094.0,0.0,81.6,26.9,,1
15.346179792955056,306508.0,0.0,81.6,26.9,,1
28.91284957120874,217269.0,0.0,81.6,26.9,,1
22.88089406522519,214507.0,0.0,81.5,26.9,0.0,1
25.37092341936456,213517.0,0.0,81.6,26.9,,1
14.72005926782561,273955.0,0.0,81.7,26.9,,1
31.287305482596373,240620.0,0.0,81.5,26.9,,1
38.67651303935972,236978.0,0.0,81.6,26.8,,1
21.972254548744615,283024.0,0.0,81.5,26.8,,1
23.675744150566633,254239.0,0.0,81.7,26.9,0.0,1
0.0,250835.0,0.0,81.6,26.8,,1
6.728040625287399,188952.0,0.0,81.7,26.9,,1
11.64677461244495,197870.0,0.0,81.7,26.8,,1
19.511461403677473,225675.0,0.0,81.7,26.9,0.0,1
31.642752042571253,261119.0,0.0,81.7,26.9,0.0,1
5.989255711820142,254164.0,0.0,81.8,26.8,0.0,1
28.182552465834274,233571.0,0.0,81.8,26.9,,1
24.391140230932976,259515.0,0.0,81.7,26.9,,1
32.6459959763558,171256.0,0.0,81.8,26.9,,1
22.55682961360351,325416.0,0.0,81.7,26.8,,1
39.166613082979566,292546.0,0.0,81.6,26.8,,1
30.36824683955676,332731.0,0.0,81.6,26.9,,1
39.9,243546.0,0.0,81.5,26.9,,1
15.305675567116799,236485.0,0.0,81.6,26.9,,1
39.9,171532.0,0.0,81.5,26.9,0.0,1
20.29460860470583,179365.0,0.0,81.6,26.8,,1
26.247638628773853,189865.0,0.0,81.5,26.8,,1
23.91248977166382,152495.0,0.0,81.6,26.9,,1
31.176206650846503,311117.0,0.0,81.6,26.8,,1
21.16056377936541,243243.0,0.0,81.6,26.9,,1
23.365927692686878,259045.0,0.0,81.7,26.8,,1
24.618304130335716,288405.0,0.0,81.7,26.8,,1
37.33039133450946,209296.0,0.0,81.7,26.8,0.0,1
21.906715072257033,295080.0,0.0,81.8,26.9,,1
10.783309519409677,151463.0,0.0,81.8,26.8,,1
27.263159528984787,274817.0,0.0,81.8,26.8,,1
17.77699812046408,221067.0,0.0,81.8,26.9,,1
17.398076782591012,206653.0,0.0,81.8,26.9,,1
31.934958206045998,190975.0,0.0,82.0,26.8,,1
22.34477138566651,204733.0,0.0,81.9,26.9,,1
10.447110240987845,293508.0,0.0,81.9,26.9,0.0,1
19.801747778264613,259422.0,0.0,81.8,26.8,,1
9.919241201989898,212903.0,0.0,81.9,26.8,,1
32.56087880695006,379363.0,0.0,81.9,26.8,,1
5.237839356096885,239944.0,0.0,81.9,26.8,,1
29.122805981435,219194.0,0.0,82.0,26.9,,1
33.49521986994124,206663.0,0.0,81.9,26.9,,1
26.538476602166412,223896.0,0.0,81.9,26.9,,1
37.194310829547724,216181.0,0.0,81.9,26.9,,1
21.48126203713484,297284.0,0.0,81.9,26.9,0.0,1
14.719613409071364,253437.0,0.0,81.8,26.9,,1
6.774656563133984,195603.0,0.0,81.9,26.9,,1
28.821312758908036,200465.0,0.0,81.9,26.9,,1
19.554270681762084,274654.0,0.0,81.7,26.8,,1
19.208138588530698,291142.0,0.0,81.7,26.9,,1
27.156627874860643,271784.0,0.0,81.7,26.9,,1
37.40965598738532,265991.0,0.0,81.7,26.9,,1
39.9,295563.0,0.0,81.6,26.9,,1
19.765475701655433,314657.0,0.0,81.9,26.8,,1
27.638660209029453,230266.0,0.0,81.7,26.9,,1
27.783856953208826,305616.0,0.0,81.7,26.9,,1
29.550450942422216,341119.0,0.0,81.8,26.9,,1
35.86530557898822,276158.0,0.0,81.7,26.9,,1
14.739319172588424,241013.0,0.0,81.7,26.9,,1
25.716641397508514,284831.0,0.0,81.7,26.9,,1
31.373330412721927,258477.0,0.0,81.7,26.9,,1
26.203499153771713,286022.0,0.0,81.7,26.9,,1
16.41413774370014,334775.0,0.0,81.7,26.9,,1
4.5283311483652895,322770.0,0.0,81.9,26.8,,1
24.54814471574838,300128.0,0.0,81.9,26.9,,1
28.638404342926126,267301.0,0.0,81.8,26.9,,1
30.54254476026521,290452.0,0.0,81.8,26.9,,1
21.7116917341276,301739.0,0.0,81.6,26.9,0.0,1
14.155293764212164,249733.0,0.0,81.7,26.9,,1
33.35969924272277,299750.0,0.0,81.7,26.9,,1
29.60788848261401,230330.0,0.0,81.6,26.9,,1
33.96707778368703,216531.0,0.0,81.7,26.9,,1
39.9,245766.0,0.0,81.7,26.9,,1
9.603743057940395,190265.0,0.0,81.8,26.9,,1
25.436436368795874,256991.0,0.0,81.7,26.9,,1
39.9,198075.0,0.0,81.6,26.8,,1
25.39462199303931,197028.0,0.0,81.8,26.9,,1
20.073451467865965,334198.0,0.0,81.9,26.8,,1
13.636637768440092,279352.0,0.0,81.9,26.9,,1
28.929073590143915,248791.0,0.0,81.8,26.9,,1
30.194366231917375,191998.0,0.0,81.8,26.9,,1
39.9,346242.0,0.0,81.8,26.9,,1
25.471046977593133,371155.0,0.0,81.9,26.9,,1
21.009720684500795,270021.0,0.0,81.9,26.9,,1
39.318890637745135,227049.0,0.0,81.9,26.9,,1
11.184509411205617,169414.0,0.0,81.9,26.9,,1
39.9,223548.0,0.0,82.0,26.9,,1
23.142632365815015,194361.0,0.0,82.0,26.9,,1
34.483392793291884,210922.0,0.0,82.0,26.9,0.0,1
20.08736972338678,264976.0,0.0,81.7,26.8,,1
14.359540727544275,241070.0,0.0,81.8,26.9,,1
39.0220958950327,271412.0,0.0,81.8,26.9,0.0,1
26.305422924283583,260743.0,0.0,81.7,26.9,,1
21.10864904023436,349807.0,0.0,81.7,26.9,,1
16.878428694659327,260546.0,0.0,81.7,26.9,,1
26.150255663428073,300438.0,0.0,81.7,26.9,0.0,1
36.0317393879364,248399.0,0.0,81.6,26.9,,1
27.906664931130496,266426.0,0.0,81.7,26.9,,1
2.278583444293929,170550.0,0.0,81.9,26.9,,1
18.949363092780295,221920.0,0.0,81.8,26.8,,1
13.007175780358677,287479.0,0.0,81.8,26.8,,1
25.021184210174724,239265.0,0.0,81.8,26.9,,1
12.438447254926132,247772.0,0.0,81.9,26.9,,1
0.0,241852.0,0.0,81.9,26.9,,1
25.63183668807756,262095.0,0.0,81.8,26.8,,1
9.3589823652072,261240.0,0.0,81.8,26.9,,1
14.585687301354575,209376.0,0.0,81.8,26.9,,1
32.17931385822665,350705.0,0.0,81.8,26.8,,1
25.5135875880268,209145.0,0.0,81.8,26.9,0.0,1
26.886704475099986,296951.0,0.0,81.9,26.9,,1
31.209975658727352,387155.0,0.0,81.9,26.9,,1
17.846624309053333,262611.0,0.0,81.9,26.9,,1
39.9,324307.0,0.0,81.8,26.9,0.0,1
5.499220734756193,249832.0,0.0,81.9,26.9,,1
39.845207658487,394532.0,0.0,81.8,26.9,,1
32.037958837508185,231606.0,0.0,81.9,26.8,,1
14.9079684756261,360937.0,0.0,81.9,26.9,,1
32.28741586465759,207596.0,0.0,81.9,26.8,,1
22.968436336662187,265509.0,0.0,81.9,26.9,,1
30.438066538881177,205019.0,0.0,81.9,26.9,,1
